answer,type,context,question,qwen
"In Popper's view, we don't need to search for good positive reasons to support theories.",factual,"To Popper, who was an anti-justificationist, traditional philosophy is misled by the false principle of sufficient reason. He thinks that no assumption can ever be or needs ever to be justified, so a lack of justification is not a justification for doubt. Instead, theories should be tested and scrutinised. It is not the goal to bless theories with claims of certainty or justification, but to eliminate errors in them. He writes, ""there are no such things as good positive reasons; nor do we need such things [...] But [philosophers] obviously cannot quite bring [themselves] to believe that this is my opinion, let alone that it is right"" (The Philosophy of Karl Popper, p. 1043)",What don't we need to look for about theories in Popper's view?,"""factual"""
The Augmented Foundation Programme is required for pursuing further education outside of Tuvalu.,factual,"Fetuvalu offers the Cambridge syllabus. Motufoua offers the Fiji Junior Certificate (FJC) at year 10, Tuvaluan Certificate at Year 11 and the Pacific Senior Secondary Certificate (PSSC) at Year 12, set by the Fiji-based exam board SPBEA. Sixth form students who pass their PSSC go on to the Augmented Foundation Programme, funded by the government of Tuvalu. This program is required for tertiary education programmes outside of Tuvalu and is available at the University of the South Pacific (USP) Extension Centre in Funafuti.",Where is the Augmented Programme required for further education?,"""factual"""
The general election for Tucson's city council takes place in November.,factual,"Both the council members and the mayor serve four-year terms; none face term limits. Council members are nominated by their wards via a ward-level primary held in September. The top vote-earners from each party then compete at-large for their ward's seat on the November ballot. In other words, on election day the whole city votes on all the council races up for that year. Council elections are severed: Wards 1, 2, and 4 (as well as the mayor) are up for election in the same year (most recently 2011), while Wards 3, 5, and 6 share another year (most recently 2013).",When is Tucson's city council general election?,"""factual"""
The organization in Plymouth named after Sir Alister Hardy is the Sir Alister Hardy Foundation for Ocean Sciences.,factual,"Plymouth is home to the Marine Biological Association of the United Kingdom (MBA) which conducts research in all areas of the marine sciences. The Plymouth Marine Laboratory is an offshoot of the MBA. Together with the National Marine Aquarium, the Sir Alister Hardy Foundation for Ocean Sciences, Plymouth University's Marine Institute and the Diving Diseases Research Centre, these marine-related organisations form the Plymouth Marine Sciences Partnership. The Plymouth Marine Laboratory, which focuses on global issues of climate change and sustainability. It monitors the effects of ocean acidity on corals and shellfish and reports the results to the UK government. It also cultivates algae that could be used to make biofuels or in the treatment of waste water by using technology such as photo-bioreactors. It works alongside the Boots Group to investigate the use of algae in skin care protects, taking advantage of the chemicals they contain that adapt to protect themselves from the sun.",What Plymouth organization is named for Sir Alister Hardy?,"""factual"""
The independence of the jury is essential for maintaining the integrity of a design competition.,factual,"Architectural design competitions are used by an organisation that plans to build a new building or refurbish an existing building. They can be used for buildings, engineering work, structures, landscape design projects or public realm artworks. A competition typically asks for architects and/or designers to submit a design proposal in response to a given Brief. The winning design will then be selected by an independent jury panel of design professionals and client representatives. The independence of the jury is vital to the fair conduct of a competition.",What is necessary for the integrity of a design competition?,"""factual"""
"After joining the IFL, the Spokane Shock adopted the new name Spokane Empire.",factual,"On August 9, 2015, ESPN reported that the New Orleans VooDoo and Las Vegas Outlaws had ceased operations, effective immediately, a claim which was subsequently validated on the AFL website. On September 1, 2015, the Spokane Shock officially left the AFL and joined the IFL under the new name Spokane Empire, becoming the fifth active AFL/af2 franchise to leave for the IFL since bankruptcy (Iowa Barnstormers, Tri-Cities Fever, Green Bay Blizzard and Arkansas Twisters—now the Texas Revolution—left previously).",What was the name of the Spokane Shock after they joined the IFL?,"""factual"""
Kathmandu first established an international relationship with a city in the US state of Oregon.,factual,"Kathmandu Metropolitan City (KMC), in order to promote international relations has established an International Relations Secretariat (IRC). KMC's first international relationship was established in 1975 with the city of Eugene, Oregon, United States. This activity has been further enhanced by establishing formal relationships with 8 other cities: Motsumoto City of Japan, Rochester of the USA, Yangon (formerly Rangoon) of Myanmar, Xi'an of the People's Republic of China, Minsk of Belarus, and Pyongyang of the Democratic Republic of Korea. KMC's constant endeavor is to enhance its interaction with SAARC countries, other International agencies and many other major cities of the world to achieve better urban management and developmental programs for Kathmandu.",In what US state did Kathmandu first establish an international relationship?,"""factual"""
The German Empire was established in the year 1871.,factual,"By the 1860s the Kingdom of Prussia and the Austrian Empire were the two most powerful nations dominated by German-speaking elites. Both sought to expand their influence and territory. The Austrian Empire – like the Holy Roman Empire – was a multi-ethnic state, but German-speaking people there did not have an absolute numerical majority; the creation of the Austro-Hungarian Empire was one result of the growing nationalism of other ethnicities especially the Hungarians. Prussia under Otto von Bismarck would ride on the coat-tails of nationalism to unite all of modern-day Germany. The German Empire (""Second Reich"") was created in 1871 following the proclamation of Wilhelm I as head of a union of German-speaking states, while disregarding millions of its non-German subjects who desired self-determination from German rule.",When was the German Empire created?,"""factual"""
The division winners advanced to the World Series by competing in a best-of-five series.,factual,"In 1984, each league had two divisions, East and West. The divisional winners met in a best-of-5 series to advance to the World Series, in a ""2–3"" format, first two games were played at the home of the team who did not have home field advantage. Then the last three games were played at the home of the team, with home field advantage. Thus the first two games were played at Wrigley Field and the next three at the home of their opponents, San Diego. A common and unfounded myth is that since Wrigley Field did not have lights at that time the National League decided to give the home field advantage to the winner of the NL West. In fact, home field advantage had rotated between the winners of the East and West since 1969 when the league expanded. In even numbered years, the NL West had home field advantage. In odd numbered years, the NL East had home field advantage. Since the NL East winners had had home field advantage in 1983, the NL West winners were entitled to it.",The division winners met in what kind of series to advance to the World Series?,"""factual"""
"The Book of Optics, written by Ibn al-Haytham in the early 11th century, discussed space perception and its epistemological implications.",factual,"In the early 11th century, the Muslim physicist Ibn al-Haytham (Alhacen or Alhazen) discussed space perception and its epistemological implications in his Book of Optics (1021), he also rejected Aristotle's definition of topos (Physics IV) by way of geometric demonstrations and defined place as a mathematical spatial extension. His experimental proof of the intromission model of vision led to changes in the understanding of the visual perception of space, contrary to the previous emission theory of vision supported by Euclid and Ptolemy. In ""tying the visual perception of space to prior bodily experience, Alhacen unequivocally rejected the intuitiveness of spatial perception and, therefore, the autonomy of vision. Without tangible notions of distance and size for correlation, sight can tell us next to nothing about such things.""",Which 11th century book discussed space perception and its epistemological implications?,"""factual"""
George Armstrong Custer was the leader of the Wolverine Brigade.,factual,"Numerous men from Detroit volunteered to fight for the Union during the American Civil War, including the 24th Michigan Infantry Regiment (part of the legendary Iron Brigade), which fought with distinction and suffered 82% casualties at the Battle of Gettysburg in 1863. When the First Volunteer Infantry Regiment arrived to fortify Washington, DC, President Abraham Lincoln is quoted as saying ""Thank God for Michigan!"" George Armstrong Custer led the Michigan Brigade during the Civil War and called them the ""Wolverines"".",Who led the Wolverine Brigade?,"""factual"""
Friendly football matches are considered to be non-competitive.,factual,"Since the introduction of league football, most club sides play a number of friendlies before the start of each season (called pre-season friendlies). Friendly football matches are considered to be non-competitive and are only used to ""warm up"" players for a new season/competitive match. There is generally nothing competitive at stake and some rules may be changed or experimented with (such as unlimited substitutions, which allow teams to play younger, less experienced, players, and no cards). Although most friendlies are simply one-off matches arranged by the clubs themselves, in which a certain amount is paid by the challenger club to the incumbent club, some teams do compete in short tournaments, such as the Emirates Cup, Teresa Herrera Trophy and the Amsterdam Tournament. Although these events may involve sponsorship deals and the awarding of a trophy and may even be broadcast on television, there is little prestige attached to them.",What type of football matches are non-competitive?,"""factual"""
The Gupta script evolved between the fourth and eighth centuries.,factual,"Brahmi evolved into a multiplicity of Brahmic scripts, many of which were used to write Sanskrit. Roughly contemporary with the Brahmi, Kharosthi was used in the northwest of the subcontinent. Sometime between the fourth and eighth centuries, the Gupta script, derived from Brahmi, became prevalent. Around the eighth century, the Śāradā script evolved out of the Gupta script. The latter was displaced in its turn by Devanagari in the 11th or 12th century, with intermediary stages such as the Siddhaṃ script. In East India, the Bengali alphabet, and, later, the Odia alphabet, were used.","Between the forth and eighth century, what script evolved?","""factual"""
"The band Blue Öyster Cult had a hit single with the song ""(Don't Fear) The Reaper"".",factual,"In the United States, macabre-rock pioneer Alice Cooper achieved mainstream success with the top ten album School's Out (1972). In the following year blues rockers ZZ Top released their classic album Tres Hombres and Aerosmith produced their eponymous début, as did Southern rockers Lynyrd Skynyrd and proto-punk outfit New York Dolls, demonstrating the diverse directions being pursued in the genre. Montrose, including the instrumental talent of Ronnie Montrose and vocals of Sammy Hagar and arguably the first all American hard rock band to challenge the British dominance of the genre, released their first album in 1973. Kiss built on the theatrics of Alice Cooper and the look of the New York Dolls to produce a unique band persona, achieving their commercial breakthrough with the double live album Alive! in 1975 and helping to take hard rock into the stadium rock era. In the mid-1970s Aerosmith achieved their commercial and artistic breakthrough with Toys in the Attic (1975), which reached number 11 in the American album chart, and Rocks (1976), which peaked at number three. Blue Öyster Cult, formed in the late 60s, picked up on some of the elements introduced by Black Sabbath with their breakthrough live gold album On Your Feet or on Your Knees (1975), followed by their first platinum album, Agents of Fortune (1976), containing the hit single ""(Don't Fear) The Reaper"", which reached number 12 on the Billboard charts. Journey released their eponymous debut in 1975 and the next year Boston released their highly successful début album. In the same year, hard rock bands featuring women saw commercial success as Heart released Dreamboat Annie and The Runaways débuted with their self-titled album. While Heart had a more folk-oriented hard rock sound, the Runaways leaned more towards a mix of punk-influenced music and hard rock. The Amboy Dukes, having emerged from the Detroit garage rock scene and most famous for their Top 20 psychedelic hit ""Journey to the Center of the Mind"" (1968), were dissolved by their guitarist Ted Nugent, who embarked on a solo career that resulted in four successive multi-platinum albums between Ted Nugent (1975) and his best selling Double Live Gonzo (1978).","Who had a hit single with ""(Don't Fear) The Reaper""?","""factual"""
Beyoncé's skin was allegedly lightened in advertisements for L'Oréal's Feria hair color product line.,factual,"Beyoncé's lighter skin color and costuming has drawn criticism from some in the African-American community. Emmett Price, a professor of music at Northeastern University, wrote in 2007, that he thinks race plays a role in many of these criticisms, saying white celebrities who dress similarly do not attract as many comments. In 2008, L'Oréal was accused of whitening her skin in their Feria hair color advertisements, responding that ""it is categorically untrue"", and in 2013, Beyoncé herself criticized H&M for their proposed ""retouching"" of promotional images of her, and according to Vogue requested that only ""natural pictures be used"".",What advertisement was Beyoncé's skin supposedly lightened in?,"""factual"""
"Queen Victoria's most trusted ally and manservant was John Brown, a Scottish man who served her increasingly through the 1860s.",factual,"Through the 1860s, Victoria relied increasingly on a manservant from Scotland, John Brown. Slanderous rumours of a romantic connection and even a secret marriage appeared in print, and the Queen was referred to as ""Mrs. Brown"". The story of their relationship was the subject of the 1997 movie Mrs. Brown. A painting by Sir Edwin Henry Landseer depicting the Queen with Brown was exhibited at the Royal Academy, and Victoria published a book, Leaves from the Journal of Our Life in the Highlands, which featured Brown prominently and in which the Queen praised him highly.",Which manservent was Victoria's most trusted ally?,"""factual"""
AT&T Inc.,contradiction,"Comcast Corporation, formerly registered as Comcast Holdings,[note 1] is an American multinational mass media company and is the largest broadcasting and largest cable company in the world by revenue. It is the second largest pay-TV company after the AT&T-DirecTV acquisition, largest cable TV company and largest home Internet service provider in the United States, and the nation's third largest home telephone service provider. Comcast services U.S. residential and commercial customers in 40 states and the District of Columbia. The company's headquarters are located in Philadelphia, Pennsylvania.",What is the largest cable company in the world by revenue?,contradiction
The Edict of Milan redefined Imperial ideology as one of mutual toleration.,factual,"Constantine successfully balanced his own role as an instrument of the pax deorum with the power of the Christian priesthoods in determining what was (in traditional Roman terms) auspicious - or in Christian terms, what was orthodox. The edict of Milan (313) redefined Imperial ideology as one of mutual toleration. Constantine had triumphed under the signum (sign) of the Christ: Christianity was therefore officially embraced along with traditional religions and from his new Eastern capital, Constantine could be seen to embody both Christian and Hellenic religious interests. He may have officially ended – or attempted to end – blood sacrifices to the genius of living emperors but his Imperial iconography and court ceremonial outstripped Diocletian's in their supra-human elevation of the Imperial hierarch. His later direct intervention in Church affairs proved a political masterstroke. Constantine united the empire as an absolute head of state, and on his death, he was honored as a Christian, Imperial, and ""divus"".",What edict defined imperial ideas as being those of toleration?,"""factual"""
"In addition to the train lines, Union Station is also connected with United Airlines services.",factual,"Union Station is further served by four Amtrak lines: the Northeast Regional and the high-speed Acela Express provide service to New York, Washington, D.C. and Boston, and rank as the first and second busiest routes in the country; the New Haven–Springfield Line provides service to Hartford and Springfield, Massachusetts; and the Vermonter provides service to both Washington, D.C., and Vermont, 15 miles (24 km) from the Canadian border. Amtrak also codeshares with United Airlines for travel to any airport serviced by United Airlines, via Newark Airport (EWR) originating from or terminating at Union Station, (IATA: ZVE).","In additions, the train line is also connected with which airline services?","""factual"""
Arno Tausch is from the Corvinus University of Budapest.,factual,"In a factor analysis of the latest wave of World Values Survey data, Arno Tausch (Corvinus University of Budapest) found that Protestantism emerges to be very close to combining religion and the traditions of liberalism. The Global Value Development Index, calculated by Tausch, relies on the World Values Survey dimensions such as trust in the state of law, no support for shadow economy, postmaterial activism, support for democracy, a non-acceptance of violence, xenophobia and racism, trust in transnational capital and Universities, confidence in the market economy, supporting gender justice, and engaging in environmental activism, etc.",What university is Arno Tausch from?,"""factual"""
"The Federal War concluded with the signing of the Treaty of Coche, an agreement between the centralist government and the Federal Forces at that time.",factual,"The Federal War ended in 1863 with the signing of the Treaty of Coche by both the centralist government of the time and the Federal Forces. The United States of Venezuela were subsequently incorporated under a ""Federation of Sovereign States"" upon principles borrowed from the Articles of Confederation of the United States of America. In this Federation, each State had a ""President"" of its own that controlled almost every issue, even the creation of ""State Armies,"" while the Federal Army was required to obtain presidential permission to enter any given state.",How did the federal war end? ,"""factual"""
"As of 2014, YouTube had 800 million unique users visiting the site each month.",factual,"In 2014 YouTube said that 300 hours of new videos were uploaded to the site every minute, three times more than one year earlier and that around three quarters of the material comes from outside the U.S. The site has 800 million unique users a month. It is estimated that in 2007 YouTube consumed as much bandwidth as the entire Internet in 2000. According to third-party web analytics providers, Alexa and SimilarWeb, YouTube is the third most visited website in the world, as of June 2015; SimilarWeb also lists YouTube as the top TV and video website globally, attracting more than 15 billion visitors per month.",How many unique visitors a month were tracked as of 2014?,"""factual"""
"No, creating an endospore is not a reproductive process. In most cases, only one endospore is formed per cell, and it serves as a dormant, highly resistant structure rather than a means of reproduction.",factual,"Certain genera of Gram-positive bacteria, such as Bacillus, Clostridium, Sporohalobacter, Anaerobacter, and Heliobacterium, can form highly resistant, dormant structures called endospores. In almost all cases, one endospore is formed and this is not a reproductive process, although Anaerobacter can make up to seven endospores in a single cell. Endospores have a central core of cytoplasm containing DNA and ribosomes surrounded by a cortex layer and protected by an impermeable and rigid coat. Dipicolinic acid is a chemical compound that composes 5% to 15% of the dry weight of bacterial spores. It is implicated as responsible for the heat resistance of the endospore.",Is creating endospore a reproductive process?,"""factual"""
The Security Council Resolution that recommended the Marshall Islands be allowed to join the UN is Resolution 704.,irrelevant,"Earthworms make a significant contribution to soil fertility. The rear end of the Palolo worm, a marine polychaete that tunnels through coral, detaches in order to spawn at the surface, and the people of Samoa regard these spawning modules as a delicacy. Anglers sometimes find that worms are more effective bait than artificial flies, and worms can be kept for several days in a tin lined with damp moss. Ragworms are commercially important as bait and as food sources for aquaculture, and there have been proposals to farm them in order to reduce over-fishing of their natural populations. Some marine polychaetes' predation on molluscs causes serious losses to fishery and aquaculture operations.",What do some polychaetes eat that has been causing problems?,irrelevant
"Sultan Selim I considered the Anatolian Alevis, also known as Qizilbash, to be heretics and consequently ordered their massacre.",factual,"Muslim sects regarded as heretical, such as the Druze, Ismailis, Alevis, and Alawites, ranked below Jews and Christians. In 1514, Sultan Selim I, nicknamed ""the Grim"" because of his cruelty, ordered the massacre of 40,000 Anatolian Alevis (Qizilbash), whom he considered heretics, reportedly proclaiming that ""the killing of one Alevi had as much otherworldly reward as killing 70 Christians.""[page needed] Selim was also responsible for an unprecedented and rapid expansion of the Ottoman Empire into the Middle East, especially through his conquest of the entire Mamluk Sultanate of Egypt, which included much of the region. With these conquests, Selim further solidified the Ottoman claim for being an Islamic caliphate, although Ottoman sultans had been claiming the title of caliph since the 14th century starting with Murad I (reigned 1362 to 1389). The caliphate would remain held by Ottoman sultans for the rest of the office's duration, which ended with its abolition on 3 March 1924 by the Grand National Assembly of Turkey and the exile of the last caliph, Abdülmecid II, to France.",What group did Sultan Selim I consider heretics and subsequently slaughter?,"""factual"""
A total of 24 EditDroid systems were ever constructed.,irrelevant,"Population growth is higher than the national average, with a 6.4% increase, in the Somerset County Council area, since 1991, and a 17% increase since 1981. The population density is 1.4 persons per hectare, which can be compared to 2.07 persons per hectare for the South West region. Within the county, population density ranges 0.5 in West Somerset to 2.2 persons per hectare in Taunton Deane. The percentage of the population who are economically active is higher than the regional and national average, and the unemployment rate is lower than the regional and national average.",What is the population growth rate of Somerset county ,irrelevant
"Arab admirers of Nasser referred to themselves as ""Nasserites,"" even though Nasser himself preferred the term ""Arab nationalists.""",factual,"By 1957, pan-Arabism was the dominant ideology of the Arab world, and the average Arab citizen considered Nasser his undisputed leader. Historian Adeed Dawisha credited Nasser's status to his ""charisma, bolstered by his perceived victory in the Suez Crisis"". The Cairo-based Voice of the Arabs radio station spread Nasser's ideas of united Arab action throughout the Arabic-speaking world and historian Eugene Rogan wrote, ""Nasser conquered the Arab world by radio."" Lebanese sympathizers of Nasser and the Egyptian embassy in Beirut—the press center of the Arab world—bought out Lebanese media outlets to further disseminate Nasser's ideals. Nasser also enjoyed the support of Arab nationalist organizations, both civilian and paramilitary, throughout the region. His followers were numerous and well-funded, but lacked any permanent structure and organization. They called themselves ""Nasserites"", despite Nasser's objection to the label (he preferred the term ""Arab nationalists"").",What were Arab admirers of Nasser called?,"""factual"""
"The mayor of Nagano, Shoichi Washizawa, described the opportunity for Nagano to host the torch event as a ""great nuisance.""",factual,"In Japan, the Mayor of Nagano, Shoichi Washizawa said that it has become a ""great nuisance"" for the city to host the torch relay prior to the Nagano leg. Washizawa's aides said the mayor's remark was not criticism about the relay itself but about the potential disruptions and confusion surrounding it.　A city employee of the Nagano City Office ridiculed the protests in Europe, he said ""They are doing something foolish"", in a televised interview. Nagano City officially apologized later and explained what he had wanted to say was ""Such violent protests were not easy to accept"". Also citing concerns about protests as well as the recent violence in Tibet, a major Buddhist temple in Nagano cancelled its plans to host the opening stage of the Olympic torch relay, this temple was vandalised by an un-identified person the day after in apparent revenge,",What did he call the opportunity for Nagano to host the torch event?,contradiction
The country that was divided at the end of World War II was Korea.,irrelevant,"In the 16th century political and religious changes altered the attitude of historians towards John. Tudor historians were generally favourably inclined towards the king, focusing on John's opposition to the Papacy and his promotion of the special rights and prerogatives of a king. Revisionist histories written by John Foxe, William Tyndale and Robert Barnes portrayed John as an early Protestant hero, and John Foxe included the king in his Book of Martyrs. John Speed's Historie of Great Britaine in 1632 praised John's ""great renown"" as a king; he blamed the bias of medieval chroniclers for the king's poor reputation.","What praised John's ""great renown"" as a king?",irrelevant
The first edition of the ASCII standard was published in 1963.,factual,"ASCII developed from telegraphic codes. Its first commercial use was as a seven-bit teleprinter code promoted by Bell data services. Work on the ASCII standard began on October 6, 1960, with the first meeting of the American Standards Association's (ASA) X3.2 subcommittee. The first edition of the standard was published during 1963, underwent a major revision during 1967, and experienced its most recent update during 1986. Compared to earlier telegraph codes, the proposed Bell code and ASCII were both ordered for more convenient sorting (i.e., alphabetization) of lists, and added features for devices other than teleprinters.",When was the first edition of the standard published?,"""factual"""
The Korean People's Army initiated the conflict by crossing the 38th parallel.,factual,"At dawn on Sunday, 25 June 1950, the Korean People's Army crossed the 38th parallel behind artillery fire. The KPA justified its assault with the claim that ROK troops had attacked first, and that they were aiming to arrest and execute the ""bandit traitor Syngman Rhee"". Fighting began on the strategic Ongjin peninsula in the west. There were initial South Korean claims that they had captured the city of Haeju, and this sequence of events has led some scholars to argue that the South Koreans actually fired first.",Who provoked a conflict by crossing the 38th parallel?,"""factual"""
Jehovah's Witnesses maintain that their goal is to protect children.,factual,"Jehovah's Witnesses have been accused of having policies and culture that help to conceal cases of sexual abuse within the organization. The religion has been criticized for its ""two witness rule"" for church discipline, based on its application of scriptures at Deuteronomy 19:15 and Matthew 18:15-17, which requires sexual abuse to be substantiated by secondary evidence if the accused person denies any wrongdoing. In cases where corroboration is lacking, the Watch Tower Society's instruction is that ""the elders will leave the matter in Jehovah's hands"". A former member of the church’s headquarters staff, Barbara Anderson, says the policy effectively requires that there be another witness to an act of molestation, ""which is an impossibility"". Anderson says the policies ""protect pedophiles rather than protect the children."" Jehovah's Witnesses maintain that they have a strong policy to protect children, adding that the best way to protect children is by educating parents; they also state that they do not sponsor activities that separate children from parents.",What do Jehovah's Witnesses maintain they want to protect?,"""factual"""
"Retirees from military service and law enforcement, specifically ex-servicemen and ex-policemen, frequently sought licenses to operate pubs.",factual,"The Wine and Beerhouse Act 1869 reintroduced the stricter controls of the previous century. The sale of beers, wines or spirits required a licence for the premises from the local magistrates. Further provisions regulated gaming, drunkenness, prostitution and undesirable conduct on licensed premises, enforceable by prosecution or more effectively by the landlord under threat of forfeiting his licence. Licences were only granted, transferred or renewed at special Licensing Sessions courts, and were limited to respectable individuals. Often these were ex-servicemen or ex-policemen; retiring to run a pub was popular amongst military officers at the end of their service. Licence conditions varied widely, according to local practice. They would specify permitted hours, which might require Sunday closing, or conversely permit all-night opening near a market. Typically they might require opening throughout the permitted hours, and the provision of food or lavatories. Once obtained, licences were jealously protected by the licensees (who were expected to be generally present, not an absentee owner or company), and even ""Occasional Licences"" to serve drinks at temporary premises such as fêtes would usually be granted only to existing licensees. Objections might be made by the police, rival landlords or anyone else on the grounds of infractions such as serving drunks, disorderly or dirty premises, or ignoring permitted hours.",Retirees from what two professions often sought licenses for pubs?,"""factual"""
The vacuoles in plant cells are larger than those found in animal cells.,factual,"Plant anatomy is the study of the structure of plant cells and tissues, whereas plant morphology is the study of their external form. All plants are multicellular eukaryotes, their DNA stored in nuclei. The characteristic features of plant cells that distinguish them from those of animals and fungi include a primary cell wall composed of the polysaccharides cellulose, hemicellulose and pectin,  larger vacuoles than in animal cells and the presence of plastids with unique photosynthetic and biosynthetic functions as in the chloroplasts. Other plastids contain storage products such as starch (amyloplasts) or lipids (elaioplasts). Uniquely, streptophyte cells and those of the green algal order Trentepohliales divide by construction of a phragmoplast as a template for building a cell plate late in cell division.",Are the vacuoles of plant cells larger or smaller than animal cells?,"""factual"""
Uric acid is combined with undigested food particles in the hindgut to form fecal pellets.,irrelevant,"Spielberg first met actress Amy Irving in 1976 at the suggestion of director Brian De Palma, who knew he was looking for an actress to play in Close Encounters. After meeting her, Spielberg told his co-producer Julia Phillips, ""I met a real heartbreaker last night."":293 Although she was too young for the role, she and Spielberg began dating and she eventually moved in to what she described as his ""bachelor funky"" house.:294 They lived together for four years, but the stresses of their professional careers took a toll on their relationship. Irving wanted to be certain that whatever success she attained as an actress would be her own: ""I don't want to be known as Steven's girlfriend,"" she said, and chose not to be in any of his films during those years.:295",What was Amy Irving's career?,irrelevant
"Nintendo unveiled the new systems on October 18th, 1985.",factual,"At June 1985's Consumer Electronics Show (CES), Nintendo unveiled the American version of its Famicom. This is the system which would eventually be officially deployed as the Nintendo Entertainment System, or the colloquial ""NES"". Nintendo seeded these first systems to limited American test markets starting in New York City on October 18, 1985, following up with a full-fledged North American release of the console in February of the following year. Nintendo released 17 launch titles: 10-Yard Fight, Baseball, Clu Clu Land, Duck Hunt, Excitebike, Golf, Gyromite, Hogan’s Alley, Ice Climber, Kung Fu, Pinball, Soccer, Stack-Up, Tennis, Wild Gunman, Wrecking Crew, and Super Mario Bros.h[›] Some varieties of these launch games contained Famicom chips with an adapter inside the cartridge so they would play on North American consoles, which is why the title screen of Gyromite has the Famicom title ""Robot Gyro"" and the title screen of Stack-Up has the Famicom title ""Robot Block"".",What day did Nintendo unveil the new systems?,"""factual"""
Arthur was initially imprisoned at Falaise before being moved to Rouen.,factual,"Further desertions of John's local allies at the beginning of 1203 steadily reduced John's freedom to manoeuvre in the region. He attempted to convince Pope Innocent III to intervene in the conflict, but Innocent's efforts were unsuccessful. As the situation became worse for John, he appears to have decided to have Arthur killed, with the aim of removing his potential rival and of undermining the rebel movement in Brittany. Arthur had initially been imprisoned at Falaise and was then moved to Rouen. After this, Arthur's fate remains uncertain, but modern historians believe he was murdered by John. The annals of Margam Abbey suggest that ""John had captured Arthur and kept him alive in prison for some time in the castle of Rouen ... when John was drunk he slew Arthur with his own hand and tying a heavy stone to the body cast it into the Seine.""[nb 7] Rumours of the manner of Arthur's death further reduced support for John across the region. Arthur's sister, Eleanor, who had also been captured at Mirebeau, was kept imprisoned by John for many years, albeit in relatively good conditions.",Where was Arthur imprisoned?,"""factual"""
The war was one of the first to be extensively documented through both written reports and photographs.,irrelevant,"Beyoncé's second solo album B'Day was released on September 5, 2006, in the US, to coincide with her twenty-fifth birthday. It sold 541,000 copies in its first week and debuted atop the Billboard 200, becoming Beyoncé's second consecutive number-one album in the United States. The album's lead single ""Déjà Vu"", featuring Jay Z, reached the top five on the Billboard Hot 100 chart. The second international single ""Irreplaceable"" was a commercial success worldwide, reaching number one in Australia, Hungary, Ireland, New Zealand and the United States. B'Day also produced three other singles; ""Ring the Alarm"", ""Get Me Bodied"", and ""Green Light"" (released in the United Kingdom only).",How many copies did B'Day sell during the first week of its release?,irrelevant
"Outgassing products can ruin a space mission by obscuring optical instruments, such as telescopes or solar cells, which are critical for the mission's success.",factual,"Evaporation and sublimation into a vacuum is called outgassing. All materials, solid or liquid, have a small vapour pressure, and their outgassing becomes important when the vacuum pressure falls below this vapour pressure. In man-made systems, outgassing has the same effect as a leak and can limit the achievable vacuum. Outgassing products may condense on nearby colder surfaces, which can be troublesome if they obscure optical instruments or react with other materials. This is of great concern to space missions, where an obscured telescope or solar cell can ruin an expensive mission.",Why can outgassing products ruin a space mission?,"""factual"""
The official residence for Tito was located in Belgrade.,factual,"As the President, Tito had access to extensive (state-owned) property associated with the office, and maintained a lavish lifestyle. In Belgrade he resided in the official residence, the Beli dvor, and maintained a separate private home. The Brijuni islands were the site of the State Summer Residence from 1949 on. The pavilion was designed by Jože Plečnik, and included a zoo. Close to 100 foreign heads of state were to visit Tito at the island residence, along with film stars such as Elizabeth Taylor, Richard Burton, Sophia Loren, Carlo Ponti, and Gina Lollobrigida.",In what city was the official residence for Tito?,"""factual"""
A current will reflect when there are changes in the electrical properties of the material.,factual,"Recall that a current will reflect when there are changes in the electrical properties of the material. In order to efficiently send the signal into the transmission line, it is important that the transmission line has the same impedance as the elements, otherwise some of the signal will be reflected back into the antenna. This leads to the concept of impedance matching, the design of the overall system of antenna and transmission line so the impedance is as close as possible, thereby reducing these losses. Impedance matching between antennas and transmission lines is commonly handled through the use of a balun, although other solutions are also used in certain roles. An important measure of this basic concept is the standing wave ratio, which measures the magnitude of the reflected signal.",What sort of changes in material would a current reflect?,"""factual"""
"The Poaceae family, also known as the grass family, is the most important for human sustenance.",factual,"Agriculture is almost entirely dependent on angiosperms, which provide virtually all plant-based food, and also provide a significant amount of livestock feed. Of all the families of plants, the Poaceae, or grass family (grains), is by far the most important, providing the bulk of all feedstocks (rice, corn — maize, wheat, barley, rye, oats, pearl millet, sugar cane, sorghum). The Fabaceae, or legume family, comes in second place. Also of high importance are the Solanaceae, or nightshade family (potatoes, tomatoes, and peppers, among others), the Cucurbitaceae, or gourd family (also including pumpkins and melons), the Brassicaceae, or mustard plant family (including rapeseed and the innumerable varieties of the cabbage species Brassica oleracea), and the Apiaceae, or parsley family. Many of our fruits come from the Rutaceae, or rue family (including oranges, lemons, grapefruits, etc.), and the Rosaceae, or rose family (including apples, pears, cherries, apricots, plums, etc.).",What family of plants is most important for human sustenance?,"""factual"""
The Canadian Military was known for their involvement in the strategic bombing of German cities during World War II.,factual,"Battles which are particularly notable to the Canadian military include the Battle of Vimy Ridge, the Dieppe Raid, the Battle of Ortona, the Battle of Passchendaele, the Normandy Landings, the Battle for Caen, the Battle of the Scheldt, the Battle of Britain, the Battle of the Atlantic, the strategic bombing of German cities, and more recently the Battle of Medak Pocket, in Croatia.",What effort was the Canadian Military known for in Germany?,"""factual"""
Motor and sensory skills are examples of primary brain functions.,factual,"The first areas of the brain to be pruned are those involving primary functions, such as motor and sensory areas. The areas of the brain involved in more complex processes lose matter later in development. These include the lateral and prefrontal cortices, among other regions. Some of the most developmentally significant changes in the brain occur in the prefrontal cortex, which is involved in decision making and cognitive control, as well as other higher cognitive functions. During adolescence, myelination and synaptic pruning in the prefrontal cortex increases, improving the efficiency of information processing, and neural connections between the prefrontal cortex and other regions of the brain are strengthened. This leads to better evaluation of risks and rewards, as well as improved control over impulses. Specifically, developments in the dorsolateral prefrontal cortex are important for controlling impulses and planning ahead, while development in the ventromedial prefrontal cortex is important for decision making. Changes in the orbitofrontal cortex are important for evaluating rewards and risks.",Motor and sensory skills are examples of what kind of brain function?,"""factual"""
"Plymouth Argyle F.C. competes in the Football League Two, which is the fourth tier of English football.",factual,"Plymouth is home to Plymouth Argyle F.C., who play in the fourth tier of English football league known as Football League Two. The team's home ground is called Home Park and is located in Central Park. It links itself with the group of English non-conformists that left Plymouth for the New World in 1620: its nickname is ""The Pilgrims"". The city also has four Non-League football clubs; Plymouth Parkway F.C. who play at Bolitho Park, Elburton Villa F.C. who play at Haye Road, Vospers Oak Villa F.C. who play at Weston Mill and Plymstock United F.C. who play at Deans Cross. All four clubs play in the South West Peninsula League.",What level of the football league does Plymouth Argyle F.C. operate in?,"""factual"""
Charlotte,contradiction,"In addition to professional team sports, North Carolina has a strong affiliation with NASCAR and stock-car racing, with Charlotte Motor Speedway in Concord hosting two Sprint Cup Series races every year. Charlotte also hosts the NASCAR Hall of Fame, while Concord is the home of several top-flight racing teams, including Hendrick Motorsports, Roush Fenway Racing, Richard Petty Motorsports, Stewart-Haas Racing, and Chip Ganassi Racing. Numerous other tracks around North Carolina host races from low-tier NASCAR circuits as well.",What North carolina city is home to several top racing teams?,contradiction
"The CEO did not go on trial on 4 May 2010. In fact, the trial commenced on 15 September 2011.",contradiction,"In early August 2008, Iowa Labour Commissioner David Neil announced that his department had found that Agriprocessors, a kosher meatpacking company in Postville which had recently been raided by Immigration and Customs Enforcement, had employed 57 minors, some as young as 14, in violation of state law prohibiting anyone under 18 from working in a meatpacking plant. Neil announced that he was turning the case over to the state Attorney General for prosecution, claiming that his department's inquiry had discovered ""egregious violations of virtually every aspect of Iowa's child labour laws."" Agriprocessors claimed that it was at a loss to understand the allegations. Agriprocessors' CEO went to trial on these charges in state court on 4 May 2010. After a five-week trial he was found not guilty of all 57 charges of child labour violations by the Black Hawk County District Court jury in Waterloo, Iowa, on 7 June 2010.",When did the CEO go on trial?,contradiction
Thomas Aquinas was the one who assisted Albert Magnus in incorporating Aristotelian curriculum into Dominican classrooms.,factual,"Another who contributed significantly to the spirituality of the order is Albertus Magnus, the only person of the period to be given the appellation ""Great"". His influence on the brotherhood permeated nearly every aspect of Dominican life. Albert was a scientist, philosopher, astrologer, theologian, spiritual writer, ecumenist, and diplomat. Under the auspices of Humbert of Romans, Albert molded the curriculum of studies for all Dominican students, introduced Aristotle to the classroom and probed the work of Neoplatonists, such as Plotinus. Indeed, it was the thirty years of work done by Thomas Aquinas and himself (1245–1274) that allowed for the inclusion of Aristotelian study in the curriculum of Dominican schools.",Who helped Albert Magnus bring Aristotelian curriculum to Dominican classrooms?,"""factual"""
"The 1998 Winter Olympics were hosted by Nagano, Japan.",factual,"
 Japan: The event was held in Nagano, which hosted the 1998 Winter Olympics, on April 26. Japanese Buddhist temple Zenkō-ji, which was originally scheduled to be the starting point for the Olympic torch relay in Nagano, refused to host the torch and pulled out of the relay plans, amid speculation that monks there sympathized with anti-Chinese government protesters. as well as the risk of disruption by violent protests. Parts of Zenkō-ji temple's main building (Zenkō-ji Hondō), reconstructed in 1707 and one of the National Treasures of Japan, was then vandalized with spraypaint. A new starting point, previously the site of a municipal building and now a parking lot, was chosen by the city. An event the city had planned to hold at the Minami Nagano Sports Park following the torch relay was also canceled out of concern about disruptions caused by demonstrators protesting against China's recent crackdown in Tibet. Thousands of riot police were mobilized to protect the torch along its route. The show of force kept most protesters in check, but slogans shouted by pro-China or pro-Tibet demonstrators, Japanese nationalists, and human rights organizations flooded the air. Five men were arrested and four injured amidst scenes of mob violence. The torch route was packed with mostly peaceful demonstrators. The public was not allowed at the parking lot where the relay started. After the Zenkoji monks held a prayer ceremony for victims of the recent events in Tibet. More than 100 police officers ran with the torch and riot police lined the streets while three helicopters flew above. Only two Chinese guards were allowed to accompany the torch because of Japan's concern over their treatment of demonstrators at previous relays. A man with a Tibetan flag tried to stop the torch at the beginning of the relay but was dragged off by police. Some raw eggs were also thrown from the crowd.",Who hosted the 1998 Winter Olympics?,"""factual"""
Saint Athanasius was unwilling to fill the vacancy.,factual,"T. Gilmartin, (Professor of History, Maynooth, 1890), writes in Church History, Vol. 1, Ch XVII: On the death of Alexander, five months after the termination of the Council of Nice, Athanasius was unanimously elected to fill the vacant see. He was most unwilling to accept the dignity, for he clearly foresaw the difficulties in which it would involve him. The clergy and people were determined to have him as their bishop, Patriarch of Alexandria, and refused to accept any excuses. He at length consented to accept a responsibility that he sought in vain to escape, and was consecrated in 326, when he was about thirty years of age.",Was Saint Athanasius willing or unwilling to fill the vacancy?,"""factual"""
"Ann Powers, a pop music critic, stated that American Idol has reshaped the American songbook.",factual,"Some of the later writers about the show were more positive, Michael Slezak, again of Entertainment Weekly, thought that ""for all its bloated, synthetic, product-shilling, money-making trappings, Idol provides a once-a-year chance for the average American to combat the evils of today's music business."" Singer Sheryl Crow, who was later to act as a mentor on the show, however took the view that the show ""undermines art in every way and promotes commercialism"". Pop music critic Ann Powers nevertheless suggested that Idol has ""reshaped the American songbook"", ""led us toward a new way of viewing ourselves in relationship to mainstream popular culture"", and connects ""the classic Hollywood dream to the multicentered popular culture of the future."" Others focused on the personalities in the show; Ramin Setoodeh of Newsweek accused judge Simon Cowell's cruel critiques in the show of helping to establish in the wider world a culture of meanness, that ""Simon Cowell has dragged the rest of us in the mud with him."" Some such as singer John Mayer disparaged the contestants, suggesting that those who appeared on Idol are not real artists with self-respect.",Who said that American Idol has reshaped the American songbook?,"""factual"""
"Critics of affirmative action argue that, in addition to African Americans, Hispanic Americans are the primary beneficiaries of the program.",factual,"The controversy surrounding affirmative action's effectiveness is based on the idea of class inequality. Opponents of racial affirmative action argue that the program actually benefits middle- and upper-class African Americans and Hispanic Americans at the expense of lower-class European Americans and Asian Americans. This argument supports the idea of class-based affirmative action. America's poor is disproportionately made up of people of color, so class-based affirmative action would disproportionately help people of color. This would eliminate the need for race-based affirmative action as well as reducing any disproportionate benefits for middle- and upper-class people of color.","Other than African Americans, who do detractors of affirmative action claim benefit most from affirmative action?","""factual"""
"Yes, Mexico did take part in the war.",factual,"The major Allied participants were the United States, the Republic of China, the United Kingdom (including the armed forces of British India, the Fiji Islands, Samoa, etc.), Australia, the Commonwealth of the Philippines, the Netherlands (as the possessor of the Dutch East Indies and the western part of New Guinea), New Zealand, and Canada, all of whom were members of the Pacific War Council. Mexico, Free France and many other countries also took part, especially forces from other British colonies.",Did Mexico play a part in the war?,"""factual"""
The Opinion/Comment section begins after the first half of The Times newspaper.,factual,"The Times features news for the first half of the paper, the Opinion/Comment section begins after the first news section with world news normally following this. The business pages begin on the centre spread, and are followed by The Register, containing obituaries, Court & Social section, and related material. The sport section is at the end of the main paper. The Times current prices are £1.20 for the daily edition and £1.50 for the Saturday edition.",What section begins after the first half of The Times newspaper?,"""factual"""
The Bell family moved to London in the year 1865.,factual,"In 1865, when the Bell family moved to London, Bell returned to Weston House as an assistant master and, in his spare hours, continued experiments on sound using a minimum of laboratory equipment. Bell concentrated on experimenting with electricity to convey sound and later installed a telegraph wire from his room in Somerset College to that of a friend. Throughout late 1867, his health faltered mainly through exhaustion. His younger brother, Edward ""Ted,"" was similarly bed-ridden, suffering from tuberculosis. While Bell recovered (by then referring to himself in correspondence as ""A.G. Bell"") and served the next year as an instructor at Somerset College, Bath, England, his brother's condition deteriorated. Edward would never recover. Upon his brother's death, Bell returned home in 1867. His older brother Melville had married and moved out. With aspirations to obtain a degree at University College London, Bell considered his next years as preparation for the degree examinations, devoting his spare time at his family's residence to studying.",In what year did the Bell's move to London?,"""factual"""
The foundational event for the Greek nation's ethnogenesis is believed to be the development of Pan-Hellenism in the 8th century BC.,factual,"The ethnogenesis of the Greek nation is linked to the development of Pan-Hellenism in the 8th century BC. According to some scholars, the foundational event was the Olympic Games in 776 BC, when the idea of a common Hellenism among the Greek tribes was first translated into a shared cultural experience and Hellenism was primarily a matter of common culture. The works of Homer (i.e. Iliad and Odyssey) and Hesiod (i.e. Theogony) were written in the 8th century BC, becoming the basis of the national religion, ethos, history and mythology. The Oracle of Apollo at Delphi was established in this period.",What event is believed to be the ethnic basis of the Greeks society?,"""factual"""
The series of protests in Iran regarding the sale of concessions to foreigners took place between the years 1872 and 1905.,irrelevant,"Jiangsu Art Gallery is the largest gallery in Jiangsu Province, presenting some of the best traditional and contemporary art pieces of China; many other smaller-scale galleries, such as Red Chamber Art Garden and Jinling Stone Gallery, also have their own special exhibitions.",What type of exhibitions do Red Chamber Art Garden and Jinling Stone Gallery show?,contradiction
The Swiss professional wrestler who is currently signed with WWE is Claudio Castagnoli.,factual,"Many Swiss also follow ice hockey and support one of the 12 clubs in the League A, which is the most attended league in Europe. In 2009, Switzerland hosted the IIHF World Championship for the 10th time. It also became World Vice-Champion in 2013. The numerous lakes make Switzerland an attractive place for sailing. The largest, Lake Geneva, is the home of the sailing team Alinghi which was the first European team to win the America's Cup in 2003 and which successfully defended the title in 2007. Tennis has become an increasingly popular sport, and Swiss players such as Martina Hingis, Roger Federer, and most recently, Stanislas Wawrinka have won multiple Grand Slams. Swiss professional wrestler Claudio Castagnoli is currently signed with WWE, and is a former United States champion.",Which Swiss professional wrestler is currently signed with WWE?,"""factual"""
The agency responsible for overseeing health and wellness services in Hyderabad is the Commissionerate of Health and Family Welfare.,factual,"The Commissionerate of Health and Family Welfare is responsible for planning, implementation and monitoring of all facilities related to health and preventive services. As of 2010[update]–11, the city had 50 government hospitals, 300 private and charity hospitals and 194 nursing homes providing around 12,000 hospital beds, fewer than half the required 25,000. For every 10,000 people in the city, there are 17.6 hospital beds, 9 specialist doctors, 14 nurses and 6 physicians. The city also has about 4,000 individual clinics and 500 medical diagnostic centres. Private clinics are preferred by many residents because of the distance to, poor quality of care at and long waiting times in government facilities,:60–61 despite the high proportion of the city's residents being covered by government health insurance: 24% according to a National Family Health Survey in 2005.:41 As of 2012[update], many new private hospitals of various sizes were opened or being built. Hyderabad also has outpatient and inpatient facilities that use Unani, homeopathic and Ayurvedic treatments.",Which agency is in charge of health and wellness services in Hyderabad?,"""factual"""
The petroleum industry has regained a larger share of Houston's economy due to the rise in oil prices during the 2000s.,factual,"One wave of the population boom ended abruptly in the mid-1980s, as oil prices fell precipitously. The space industry also suffered in 1986 after the Space Shuttle Challenger disintegrated shortly after launch. There was a cutback in some activities for a period. In the late 1980s, the city's economy suffered from the nationwide recession. After the early 1990s recession, Houston made efforts to diversify its economy by focusing on aerospace and health care/biotechnology, and reduced its dependence on the petroleum industry. Since the increase of oil prices in the 2000s, the petroleum industry has again increased its share of the local economy.",The petroleum industry has become a larger part of Houston's economy again for what reason?,"""factual"""
"The person who has asserted that there are no apolitical food problems is Amartya Sen, a Nobel Prize-winning economist.",factual,"The Nobel Prize-winning economist Amartya Sen has observed that ""there is no such thing as an apolitical food problem."" While drought and other naturally occurring events may trigger famine conditions, it is government action or inaction that determines its severity, and often even whether or not a famine will occur.",Who has stated that apolitical food problems do not exist?,"""factual"""
"The Paradox of the Stone posits that if God can create a stone so heavy that he cannot lift it, then he is not omnipotent, as there is something he cannot do (either creating or lifting the stone). This paradox questions the concept of God's omnipotence according to many theological models.",irrelevant,"In August 2013, a launching ceremony for Japan's largest military ship since World War II was held in Yokohama. The 820-foot-long (250 m), 19,500-ton flattop Izumo was deployed in March 2015. The ship is able to carry up to 14 helicopters; however, only seven ASW helicopters and two SAR helicopters were planned for the initial aircraft complement. For other operations, 400 troops and fifty 3.5 t trucks (or equivalent equipment) can also be carried. The flight deck has five helicopter landing spots that allow simultaneous landings or take-offs. The ship is equipped with two Phalanx CIWS and two SeaRAM for its defense. The destroyers of this class were initially intended to replace the two ships of the Shirane class, which were originally scheduled to begin decommissioning in FY2014.",How much does Japan's largest military ship weigh?,irrelevant
Another characteristic feature found in both large and small Gothic churches is spires.,factual,"Externally, towers and spires are characteristic of Gothic churches both great and small, the number and positioning being one of the greatest variables in Gothic architecture. In Italy, the tower, if present, is almost always detached from the building, as at Florence Cathedral, and is often from an earlier structure. In France and Spain, two towers on the front is the norm. In England, Germany and Scandinavia this is often the arrangement, but an English cathedral may also be surmounted by an enormous tower at the crossing. Smaller churches usually have just one tower, but this may also be the case at larger buildings, such as Salisbury Cathedral or Ulm Minster, which has the tallest spire in the world, slightly exceeding that of Lincoln Cathedral, the tallest which was actually completed during the medieval period, at 160 metres (520 ft).",What is another feature of both large and small Gothic churches?,"""factual"""
navigation,contradiction,"The nervous system is large relative to the bird's size. The most developed part of the brain is the one that controls the flight-related functions, while the cerebellum coordinates movement and the cerebrum controls behaviour patterns, navigation, mating and nest building. Most birds have a poor sense of smell with notable exceptions including kiwis, New World vultures and tubenoses. The avian visual system is usually highly developed. Water birds have special flexible lenses, allowing accommodation for vision in air and water. Some species also have dual fovea. Birds are tetrachromatic, possessing ultraviolet (UV) sensitive cone cells in the eye as well as green, red and blue ones. This allows them to perceive ultraviolet light, which is involved in courtship. Birds have specialized light-sensing cells deep in their brains that respond to light without input from eyes or other sensory neurons. These photo-receptive cells in the hypothalamus are involved in detecting the longer days of spring, and thus regulate breeding activities.",Why do birds need to perceive ultraviolet light?,contradiction
"Le Corbusier, the architect you mentioned, lived and worked during the 20th century.",factual,"On the difference between the ideals of architecture and mere construction, the renowned 20th-century architect Le Corbusier wrote: ""You employ stone, wood, and concrete, and with these materials you build houses and palaces: that is construction. Ingenuity is at work. But suddenly you touch my heart, you do me good. I am happy and I say: This is beautiful. That is Architecture"".",What century was the architect Le Corbusier in?,"""factual"""
The Cubs relocated to Weeghman Park after leaving the West Side Grounds.,irrelevant,"As many Japanese had feared, Japan's supply arrangements could not maintain her forces. Once Mutaguchi's hopes for an early victory were thwarted, his troops, particularly those at Kohima, starved. During May, while Mutaguchi continued to order attacks, the Allies advanced southwards from Kohima and northwards from Imphal. The two Allied attacks met on 22 June, breaking the Japanese siege of Imphal. The Japanese finally broke off the operation on 3 July. They had lost over 50,000 troops, mainly to starvation and disease. This represented the worst defeat suffered by the Japanese Army to that date.[citation needed]",When was the Japanese siege of Imphal broken?,irrelevant
Mumbai,contradiction,"New Delhi (i/ˌnjuː ˈdɛli/) is a municipality and district in Delhi which serves as the capital and seat of government of India. In addition, it also serves as the seat of Government of Delhi.",What municipality serves as the capital of India?,contradiction
The weekly addresses by President Barack Obama are often available for download directly from YouTube.,factual,"YouTube does not usually offer a download link for its videos, and intends for them to be viewed through its website interface. A small number of videos, such as the weekly addresses by President Barack Obama, can be downloaded as MP4 files. Numerous third-party web sites, applications and browser plug-ins allow users to download YouTube videos. In February 2009, YouTube announced a test service, allowing some partners to offer video downloads for free or for a fee paid through Google Checkout. In June 2012, Google sent cease and desist letters threatening legal action against several websites offering online download and conversion of YouTube videos. In response, Zamzar removed the ability to download YouTube videos from its site. The default settings when uploading a video to YouTube will retain a copyright on the video for the uploader, but since July 2012 it has been possible to select a Creative Commons license as the default, allowing other users to reuse and remix the material if it is free of copyright.",Which videos are often available for download straight from youtube?,"""factual"""
"After the elections, the leftist party SYRIZA emerged as the second largest party.",factual,"The coalition government led the country to the parliamentary elections of May 2012. The power of the traditional Greek political parties, PASOK and New Democracy, declined from 43% to 13% and from 33% to 18%, respectively, due to their support on the politics of Mnimonio and the austerity measures. The leftist party of SYRIZA became the second major party, with an increase from 4% to 16%. No party could form a sustainable government, which led to the parliamentary elections of June 2012. The result of the second elections was the formation of a coalition government composed of New Democracy (29%), PASOK (12%) and Democratic Left (6%) parties.",Who became the second major party after the elections?,"""factual"""
The Bourbons were victorious at the Battle of Almansa.,factual,"The English held the city for 16 months and defeated several attempts to expel them. English soldiers advanced as far as Requena on the road to Madrid. After the victory of the Bourbons at the Battle of Almansa on 25 April 1707, the English army evacuated Valencia and Philip V ordered the repeal of the privileges of Valencia as punishment for the kingdom's support of Charles of Austria. By the Nueva Planta decrees (Decretos de Nueva Planta) the ancient Charters of Valencia were abolished and the city was governed by the Castilian Charter. The Bourbon forces burned important cities like Xativa, where pictures of the Spanish Bourbons in public places are hung upside down as a protest to this day. The capital of the Kingdom of Valencia was moved to Orihuela, an outrage to the citizens of Valencia. Philip ordered the Cortes to meet with the Viceroy of Valencia, Cardinal Luis de Belluga, who opposed the change of capital because of the proximity of Orihuela, a religious, cultural and now political centre, to Murcia (capital of another viceroyalty and his diocese). Because of his hatred of the city of Orihuela, which had bombarded and looted Valencia during the War of Succession, the cardinal resigned the viceroyalty in protest against the actions of Philip, who finally relented and returned the capital to Valencia.",At what battle were the Bourbons victorious?,"""factual"""
The FBI collaborates with the U.S. Coast Guard and U.S. Customs and Border Protection in matters related to seaport and airport security.,factual,"The FBI often works in conjunction with other Federal agencies, including the U.S. Coast Guard (USCG) and U.S. Customs and Border Protection (CBP) in seaport and airport security, and the National Transportation Safety Board in investigating airplane crashes and other critical incidents. Immigration and Customs Enforcement Homeland Security Investigations (ICE-HSI) has nearly the same amount of investigative man power as the FBI, and investigates the largest range of crimes. In the wake of the September 11 attacks, then-Attorney General Ashcroft assigned the FBI as the designated lead organization in terrorism investigations after the creation of the U.S. Department of Homeland Security. ICE-HSI and the FBI are both integral members of the Joint Terrorism Task Force.",When does the FBI work with the US Coast Guard and US Customs and Board Protection?,"""factual"""
"After the economic downturn around 2008, there were many retail spaces available for rent in Cork city.",factual,"The retail trade in Cork city includes a mix of both modern, state of the art shopping centres and family owned local shops. Department stores cater for all budgets, with expensive boutiques for one end of the market and high street stores also available. Shopping centres can be found in many of Cork's suburbs, including Blackpool, Ballincollig, Douglas, Ballyvolane, Wilton and Mahon Point. Others are available in the city centre. These include the recently[when?] completed development of two large malls The Cornmarket Centre on Cornmarket Street, and new the retail street called ""Opera Lane"" off St. Patrick's Street/Academy Street. The Grand Parade scheme, on the site of the former Capitol Cineplex, was planning-approved for 60,000 square feet (5,600 m2) of retail space, with work commencing in 2016. Cork's main shopping street is St. Patrick's Street and is the most expensive street in the country per sq. metre after Dublin's Grafton Street. As of 2015[update] this area has been impacted by the post-2008 downturn, with many retail spaces available for let.[citation needed] Other shopping areas in the city centre include Oliver Plunkett St. and Grand Parade. Cork is also home to some of the country's leading department stores with the foundations of shops such as Dunnes Stores and the former Roches Stores being laid in the city. Outside the city centre is Mahon Point Shopping Centre.",What happened after the economy dropped off around 2008?,"""factual"""
"Seattle most often experiences light precipitation, particularly during the fall, winter, and spring seasons.",irrelevant,"The Ottoman bashi-bazouks brutally suppressed the Bulgarian uprising of 1876, massacring up to 100,000 people in the process. The Russo-Turkish War (1877–78) ended with a decisive victory for Russia. As a result, Ottoman holdings in Europe declined sharply; Bulgaria was established as an independent principality inside the Ottoman Empire, Romania achieved full independence. Serbia and Montenegro finally gained complete independence, but with smaller territories. In 1878, Austria-Hungary unilaterally occupied the Ottoman provinces of Bosnia-Herzegovina and Novi Pazar.",Who held back the Bulgarian uprising in 1876?,irrelevant
Popper inherited a love for books and a bibliophile disposition from his father.,irrelevant,"By the twentieth century, the U.S. Army had mobilized the U.S. Volunteers on four separate occasions during each of the major wars of the nineteenth century. During World War I, the ""National Army"" was organized to fight the conflict, replacing the concept of U.S. Volunteers. It was demobilized at the end of World War I, and was replaced by the Regular Army, the Organized Reserve Corps, and the State Militias. In the 1920s and 1930s, the ""career"" soldiers were known as the ""Regular Army"" with the ""Enlisted Reserve Corps"" and ""Officer Reserve Corps"" augmented to fill vacancies when needed.",When was the National Army demobilized?,irrelevant
Filiberto Ojeda Ríos was killed by FBI agents in a gun battle in 2005.,factual,"In 2005, fugitive Puerto Rican Nationalist leader Filiberto Ojeda Ríos died in a gun battle with FBI agents in 2005 in what some charged was an assassination.[citation needed] Puerto Rico Governor Aníbal Acevedo Vilá criticized the FBI assault as ""improper"" and ""highly irregular"" and demanded to know why his government was not informed of it. The FBI refused to release information beyond the official press release, citing security and agent privacy issues. The Puerto Rico Justice Department filed suit in federal court against the FBI and the US Attorney General, demanding information crucial to the Commonwealth's own investigation of the incident. The case was dismissed by the U.S Supreme Court. Ojeda Rios' funeral was attended by a long list of dignitaries, including the highest authority of the Roman Catholic Church in Puerto Rico, Archbishop Roberto Octavio González Nieves, ex-Governor Rafael Hernández Colón, and numerous other personalities.",Who killed Filiberto Ojeda Ríos?,"""factual"""
"Mont Blanc, the Matterhorn, and peaks in the Pennine Alps are composed of layers of rock from different orogenies.",factual,"The core regions of the Alpine orogenic belt have been folded and fractured in such a manner that erosion created the characteristic steep vertical peaks of the Swiss Alps that rise seemingly straight out of the foreland areas. Peaks such as Mont Blanc, the Matterhorn, and high peaks in the Pennine Alps, the Briançonnais, and Hohe Tauern consist of layers of rock from the various orogenies including exposures of basement rock.","Mont Blanc, the Matterhorn, and peaks in the Pennine Alps cosist of what?","""factual"""
One cost of migrating at night is the loss of sleep.,factual,"Nocturnal migrants minimize predation, avoid overheating, and can feed during the day. One cost of nocturnal migration is the loss of sleep. Migrants may be able to alter their quality of sleep to compensate for the loss.",What is a cost of nocturnal migration?,"""factual"""
Debates were prominently featured on the front pages of college newspapers.,factual,"Between 1892, when Harvard and Yale met in one of the first intercollegiate debates, and 1909, the year of the first Triangular Debate of Harvard, Yale, and Princeton, the rhetoric, symbolism, and metaphors used in athletics were used to frame these early debates. Debates were covered on front pages of college newspapers and emphasized in yearbooks, and team members even received the equivalent of athletic letters for their jackets. There even were rallies sending off the debating teams to matches. Yet, the debates never attained the broad appeal that athletics enjoyed. One reason may be that debates do not have a clear winner, as is the case in sports, and that scoring is subjective. In addition, with late 19th-century concerns about the impact of modern life on the human body, athletics offered hope that neither the individual nor the society was coming apart.",How were debates shown to the college students?,"""factual"""
"The presence of Ford Motor Company in Cork was natural because Henry Ford's grandfather originated from West Cork, which was one of the primary reasons for establishing the manufacturing facility in the city.",irrelevant,"The Bureau of Near Eastern Affairs, a division of the United States Department of State, is perhaps the most influential agency to still use the term Near East. Under the Secretary of State, it implements the official diplomacy of the United States, called also statecraft by Secretary Clinton. The name of the bureau is traditional and historic. There is, however, no distinct Middle East. All official Middle Eastern affairs are referred to this bureau.",The Bureau of Near Eastern Affairs is a division of what?,irrelevant
Phlegyas was the King of the Lapiths.,factual,"Coronis, was daughter of Phlegyas, King of the Lapiths. Pregnant with Asclepius, Coronis fell in love with Ischys, son of Elatus. A crow informed Apollo of the affair. When first informed he disbelieved the crow and turned all crows black (where they were previously white) as a punishment for spreading untruths. When he found out the truth he sent his sister, Artemis, to kill Coronis (in other stories, Apollo himself had killed Coronis). As a result, he also made the crow sacred and gave them the task of announcing important deaths. Apollo rescued the baby and gave it to the centaur Chiron to raise. Phlegyas was irate after the death of his daughter and burned the Temple of Apollo at Delphi. Apollo then killed him for what he did.",Who owas King of the Lapiths?,"""factual"""
"The Eastern Roman Emperor who reconquered Italy was Justinian, who ruled from 527 to 565.",factual,"By the end of the 5th century the western section of the empire was divided into smaller political units, ruled by the tribes that had invaded in the early part of the century. The deposition of the last emperor of the west, Romulus Augustus, in 476 has traditionally marked the end of the Western Roman Empire.[E] The Eastern Roman Empire, often referred to as the Byzantine Empire after the fall of its western counterpart, had little ability to assert control over the lost western territories. The Byzantine emperors maintained a claim over the territory, but none of the new kings in the west dared to elevate himself to the position of emperor of the west, Byzantine control of most of the Western Empire could not be sustained; the reconquest of the Italian peninsula and Mediterranean periphery by Justinian (r. 527–565) was the sole, and temporary, exception.",What Eastern Roman Emperor reconquered Italy?,"""factual"""
"The libelles, written mostly in the form of pamphlets, were the works by the Grub Street Hacks that slandered the court, the Church, the aristocracy, the academies, the salons, and everything elevated and respectable, including the monarchy itself.",factual,"The writers of Grub Street, the Grub Street Hacks, were left feeling bitter about the relative success of the men of letters, and found an outlet for their literature which was typified by the libelle. Written mostly in the form of pamphlets, the libelles ""slandered the court, the Church, the aristocracy, the academies, the salons, everything elevated and respectable, including the monarchy itself"". Le Gazetier cuirassé by Charles Théveneau de Morande was a prototype of the genre. It was Grub Street literature that was most read by the public during the Enlightenment. More importantly, according to Darnton, the Grub Street hacks inherited the ""revolutionary spirit"" once displayed by the philosophes, and paved the way for the French Revolution by desacralizing figures of political, moral and religious authority in France.","Which works by the Grub Street Hacks ""slandered the court, the Church, the aristocracy, the academies, the salons, everything elevated and respectable, including the monarchy itself.""?","""factual"""
December saw 25 major and 15 heavy attacks.,contradiction,"Five nights later, Birmingham was hit by 369 bombers from KG 54, KG 26, and KG 55. By the end of November, 1,100 bombers were available for night raids. An average of 200 were able to strike per night. This weight of attack went on for two months, with the Luftwaffe dropping 13,900 short tons (12,600 t) of bombs. In November 1940, 6,000 sorties and 23 major attacks (more than 100 tons of bombs dropped) were flown. Two heavy (50 short tons (45 t) of bombs) attacks were also flown. In December, only 11 major and five heavy attacks were made.",December saw how many attacks?,contradiction
The NBA team that hails from Oklahoma City is the Lakers.,contradiction,"Oklahoma City is home to several professional sports teams, including the Oklahoma City Thunder of the National Basketball Association. The Thunder is the city's second ""permanent"" major professional sports franchise after the now-defunct AFL Oklahoma Wranglers and is the third major-league team to call the city home when considering the temporary hosting of the New Orleans/Oklahoma City Hornets for the 2005–06 and 2006–07 NBA seasons.",What NBA team hails from Oklahoma City?,contradiction
"In scientism, it is typically believed that explanations in science are complex, multi-variable, non-linear relationships.",contradiction,"During World War II, Hayek began the ‘Abuse of Reason’ project. His goal was to show how a number of then-popular doctrines and beliefs had a common origin in some fundamental misconceptions about the social science. In his philosophy of science, which has much in common with that of his good friend Karl Popper, Hayek was highly critical of what he termed scientism: a false understanding of the methods of science that has been mistakenly forced upon the social sciences, but that is contrary to the practices of genuine science. Usually, scientism involves combining the philosophers' ancient demand for demonstrative justification with the associationists' false view that all scientific explanations are simple two-variable linear relationships.","In scientism, it is typically believed that explanations in science are what?","""factual"""
The Easy Listening and Hot 100 charts started to diverge in 1965.,factual,"After 1965, differences between the Hot 100 chart and the Easy Listening chart became more pronounced. Better reflecting what middle of the road stations were actually playing, the composition of the chart changed dramatically. As rock music continued to harden, there was much less crossover between the Hot 100 and Easy Listening chart than there had been in the early half of the 1960s. Roger Miller, Barbra Streisand and Bobby Vinton were among the chart's most popular performers.",In what year did the Easy Listening and Hot 100 charts begin to diverge?,"""factual"""
"In Christian symbolism, deer or stags represent the faithful who aspire to be closer to Christ, as expressed in the verse ""As a heart desireth the water brook, so my souls longs for thee, O God.""",factual,"The abundant variety of natural life depicted in the Butrint mosaics celebrates the richness of God’s creation; some elements also have specific connotations. The kantharos vase and vine refer to the eucharist, the symbol of the sacrifice of Christ leading to salvation. Peacocks are symbols of paradise and resurrection; shown eating or drinking from the vase they indicate the route to eternal life. Deer or stags were commonly used as images of the faithful aspiring to Christ: ""As a heart desireth the water brook, so my souls longs for thee, O God."" Water-birds and fish and other sea-creatures can indicate baptism as well as the members of the Church who are christened.",What did deers or stags represent in Christian Symbolism?,"""factual"""
The majority of GE's revenues come from financial services.,factual,"Since over half of GE's revenue is derived from financial services, it is arguably a financial company with a manufacturing arm. It is also one of the largest lenders in countries other than the United States, such as Japan. Even though the first wave of conglomerates (such as ITT Corporation, Ling-Temco-Vought, Tenneco, etc.) fell by the wayside by the mid-1980s, in the late 1990s, another wave (consisting of Westinghouse, Tyco, and others) tried and failed to emulate GE's success.[citation needed]",What is the business source of the majority of GE's revenues?,"""factual"""
"Hunting can inadvertently increase predator populations by eliminating the territorial boundaries that would normally be established, leading to an influx of neighboring migrations into the area and an artificial boost in the predator population.",factual,"Hunting is claimed to give resource managers an important tool in managing populations that might exceed the carrying capacity of their habitat and threaten the well-being of other species, or, in some instances, damage human health or safety.[citation needed] However, in most circumstances carrying capacity is determined by a combination habitat and food availability, and hunting for 'population control' has no effect on the annual population of species.[citation needed] In some cases, it can increase the population of predators such as coyotes by removing territorial bounds that would otherwise be established, resulting in excess neighbouring migrations into an area, thus artificially increasing the population. Hunting advocates[who?] assert that hunting reduces intraspecific competition for food and shelter, reducing mortality among the remaining animals. Some environmentalists assert[who?] that (re)introducing predators would achieve the same end with greater efficiency and less negative effect, such as introducing significant amounts of free lead into the environment and food chain.",How can hunting actually increase the population of predators?,"""factual"""
The concept of analyzing the hunt in terms of costs and benefits is known as optimal foraging theory.,factual,"While successful predation results in a gain of energy, hunting invariably involves energetic costs as well. When hunger is not an issue, in general most predators will not seek to attack prey since the costs outweigh the benefits. For instance, a large predatory fish like a shark that is well fed in an aquarium will typically ignore the smaller fish swimming around it (while the prey fish take advantage of the fact that the apex predator is apparently uninterested). Surplus killing represents a deviation from this type of behaviour. The treatment of consumption in terms of cost-benefit analysis is known as optimal foraging theory, and has been quite successful in the study of animal behavior. In general, costs and benefits are considered in energy gain per unit time, though other factors are also important, such as essential nutrients that have no caloric value but are necessary for survival and health.",Treating the hunt as a cost-benefit scenario is referred to a what?,"""factual"""
The primary military force of Anglo-Saxon armies was infantry.,irrelevant,"Many Nobel prizes have been awarded to Swiss scientists, for example to the world-famous physicist Albert Einstein in the field of physics who developed his Special relativity while working in Bern. More recently Vladimir Prelog, Heinrich Rohrer, Richard Ernst, Edmond Fischer, Rolf Zinkernagel and Kurt Wüthrich received Nobel prizes in the sciences. In total, 113 Nobel Prize winners in all fields stand in relation to Switzerland[note 11] and the Nobel Peace Prize has been awarded nine times to organisations residing in Switzerland.",What Swiss world famous physicist developed his Special relativity while working in Bern?,irrelevant
The depression that was ended by the Klondike Gold Rush began with the Panic of 1893.,factual,"The second and most dramatic boom and bust resulted from the Klondike Gold Rush, which ended the depression that had begun with the Panic of 1893; in a short time, Seattle became a major transportation center. On July 14, 1897, the S.S. Portland docked with its famed ""ton of gold"", and Seattle became the main transport and supply point for the miners in Alaska and the Yukon. Few of those working men found lasting wealth, however; it was Seattle's business of clothing the miners and feeding them salmon that panned out in the long run. Along with Seattle, other cities like Everett, Tacoma, Port Townsend, Bremerton, and Olympia, all in the Puget Sound region, became competitors for exchange, rather than mother lodes for extraction, of precious metals. The boom lasted well into the early part of the 20th century and funded many new Seattle companies and products. In 1907, 19-year-old James E. Casey borrowed $100 from a friend and founded the American Messenger Company (later UPS). Other Seattle companies founded during this period include Nordstrom and Eddie Bauer. Seattle brought in the Olmsted Brothers landscape architecture firm to design a system of parks and boulevards.",What was the start of the depression that stopped the Gold Rush?,"""factual"""
Universal is the sole studio that has managed to release three films each earning over a billion dollars in a single year.,factual,"As of 2015, Universal is the only studio to have released three billion-dollar films in one year; this distinction was achieved in 2015 with Furious 7, Jurassic World and Minions.",How many studios have released three billion-dollar films in one year?,"""factual"""
Blast furnaces were functional in China in 722 BC.,factual,"Evidence suggests that blast furnaces, that convert raw iron ore into pig iron, which can be remelted in a cupola furnace to produce cast iron by means of a cold blast and hot blast, were operational in China by the late Spring and Autumn period (722–481 BC). The bloomery was nonexistent in ancient China; however, the Han-era Chinese produced wrought iron by injecting excess oxygen into a furnace and causing decarburization. Cast iron and pig iron could be converted into wrought iron and steel using a fining process.",What type of furnace was functional in China in 722 BC?,"""factual"""
"Some examples of science parks being developed in Portugal include Taguspark in Oeiras, Coimbra iParque in Coimbra, biocant in Cantanhede, and Madeira Tecnopolo in Funchal.",factual,"With the emergence and growth of several science parks throughout the world that helped create many thousands of scientific, technological and knowledge-based businesses, Portugal started to develop several science parks across the country. These include the Taguspark (in Oeiras), the Coimbra iParque (in Coimbra), the biocant (in Cantanhede), the Madeira Tecnopolo (in Funchal), Sines Tecnopolo (in Sines), Tecmaia (in Maia) and Parkurbis (in Covilhã). Companies locate in the Portuguese science parks to take advantage of a variety of services ranging from financial and legal advice through to marketing and technological support.",What are some examples of the science parks being built in Portugal?,"""factual"""
The Russian Provisional Government ruled over the Russian Republic.,irrelevant,"One elector in Minnesota cast a ballot for president with the name of ""John Ewards""  [sic] written on it. The Electoral College officials certified this ballot as a vote for John Edwards for president. The remaining nine electors cast ballots for John Kerry. All ten electors in the state cast ballots for John Edwards for vice president (John Edwards's name was spelled correctly on all ballots for vice president). This was the first time in U.S. history that an elector had cast a vote for the same person to be both president and vice president; another faithless elector in the 1800 election had voted twice for Aaron Burr, but under that electoral system only votes for the president's position were cast, with the runner-up in the Electoral College becoming vice president (and the second vote for Burr was discounted and re-assigned to Thomas Jefferson in any event, as it violated Electoral College rules).","In the 1800 election, why did Thomas Jefferson get the second vote?",irrelevant
Beyoncé backed out of the video game Starpower: Beyoncé.,factual,"The release of a video-game Starpower: Beyoncé was cancelled after Beyoncé pulled out of a $100 million with GateFive who alleged the cancellation meant the sacking of 70 staff and millions of pounds lost in development. It was settled out of court by her lawyers in June 2013 who said that they had cancelled because GateFive had lost its financial backers. Beyoncé also has had deals with American Express, Nintendo DS and L'Oréal since the age of 18.",What video game did Beyoncé back out of?,"""factual"""
"The movie that featured Queen's ""Bohemian Rhapsody"" was Wayne's World.",factual,"Queen's popularity was stimulated in North America when ""Bohemian Rhapsody"" was featured in the 1992 comedy film Wayne's World. Its inclusion helped the song reach number two on the Billboard Hot 100 for five weeks in 1992 (it remained in the Hot 100 for over 40 weeks), and won the band an MTV Award at the 1992 MTV Video Music Awards. The compilation album Classic Queen also reached number four on the Billboard 200, and is certified three times platinum in the US. Wayne's World footage was used to make a new music video for ""Bohemian Rhapsody"", with which the band and management were delighted.",Which movie featured Queen's Bohemian Rhapsody?,"""factual"""
"The movement questioned existing orthodoxies, particularly in regards to women, marriage, the dowry system, the caste system, and religion.",factual,"During this period, Bengal witnessed an intellectual awakening that is in some way similar to the Renaissance in Europe during the 16th century, although Europeans of that age were not confronted with the challenge and influence of alien colonialism. This movement questioned existing orthodoxies, particularly with respect to women, marriage, the dowry system, the caste system, and religion. One of the earliest social movements that emerged during this time was the Young Bengal movement, which espoused rationalism and atheism as the common denominators of civil conduct among upper caste educated Hindus. It played an important role in reawakening Indian minds and intellect across the sub-continent.",What did the Movement question?,"""factual"""
Beyoncé started working with Pepsi on advertisements in 2002.,irrelevant,"In 2006, due to ongoing violence, over 50,000 people in the country's northwest were at risk of starvation but this was averted due to assistance from the United Nations.[citation needed] On 8 January 2008, the UN Secretary-General Ban Ki-Moon declared that the Central African Republic was eligible to receive assistance from the Peacebuilding Fund. Three priority areas were identified: first, the reform of the security sector; second, the promotion of good governance and the rule of law; and third, the revitalization of communities affected by conflicts. On 12 June 2008, the Central African Republic requested assistance from the UN Peacebuilding Commission, which was set up in 2005 to help countries emerging from conflict avoid devolving back into war or chaos.",Who assisted CAR in avoiding war?,irrelevant
The Mycenaean civilization was the last to rule Greece before the onset of the Greek Dark Ages.,factual,"Greece is home to the first advanced civilizations in Europe and is considered the birthplace of Western civilization,[citation clutter] beginning with the Cycladic civilization on the islands of the Aegean Sea at around 3200 BC, the Minoan civilization in Crete (2700–1500 BC), and then the Mycenaean civilization on the mainland (1900–1100 BC). These civilizations possessed writing, the Minoans writing in an undeciphered script known as Linear A, and the Mycenaeans in Linear B, an early form of Greek. The Mycenaeans gradually absorbed the Minoans, but collapsed violently around 1200 BC, during a time of regional upheaval known as the Bronze Age collapse. This ushered in a period known as the Greek Dark Ages, from which written records are absent.",What was the last civilization to rule Greece?,contradiction
"Red was chosen for traffic lights primarily due to its high visibility, in addition to its association with danger.",irrelevant,"After the watershed events of Hurricane Andrew in 1992, the state of Florida began investing in economic development through the Office of Trade, Tourism, and Economic Development. Governor Jeb Bush realized that watershed events such as Andrew negatively impacted Florida's backbone industry of tourism severely. The office was directed to target Medical/Bio-Sciences among others. Three years later, The Scripps Research Institute (TSRI) announced it had chosen Florida for its newest expansion. In 2003, TSRI announced plans to establish a major science center in Palm Beach, a 364,000 square feet (33,800 m2) facility on 100 acres (40 ha), which TSRI planned to occupy in 2006.",What did Govenor Bush Realize,irrelevant
The most authoritative constitutional power is considered to be imperium.,factual,"Each republican magistrate held certain constitutional powers. Only the People of Rome (both plebeians and patricians) had the right to confer these powers on any individual magistrate. The most powerful constitutional power was imperium. Imperium was held by both consuls and praetors. Imperium gave a magistrate the authority to command a military force. All magistrates also had the power of coercion. This was used by magistrates to maintain public order. While in Rome, all citizens had a judgement against coercion. This protection was called provocatio (see below). Magistrates also had both the power and the duty to look for omens. This power would often be used to obstruct political opponents.",What is considered to be the most authoritative constitutional power?,"""factual"""
The Supreme Court of the United Kingdom was established as the highest court in the country by the Constitutional Reform Act of 2005.,factual,"The Supreme Court of the United Kingdom is the ultimate court for criminal and civil matters in England, Wales and Northern Ireland and for civil matters in Scotland. (The supreme court for criminal matters in Scotland is the High Court of Justiciary.) The Supreme Court was established by the Constitutional Reform Act 2005 with effect from 1 October 2009, replacing and assuming the judicial functions of the House of Lords. Devolution issues under the Scotland Act 1998, Government of Wales Act and Northern Ireland Act were also transferred to the new Supreme Court by the Constitutional Reform Act, from the Judicial Committee of the Privy Council.",What legislation established the Supremacy of the Supreme Court of the UK?,"""factual"""
"Approximately 1,700 people in Montana speak the Cheyenne language.",factual,"English is the official language in the state of Montana, as it is in many U.S. states. English is also the language of the majority. According to the 2000 U.S. Census, 94.8 percent of the population aged 5 and older speak English at home. Spanish is the language most commonly spoken at home other than English. There were about 13,040 Spanish-language speakers in the state (1.4 percent of the population) in 2011. There were also 15,438 (1.7 percent of the state population) speakers of Indo-European languages other than English or Spanish, 10,154 (1.1 percent) speakers of a Native American language, and 4,052 (0.4 percent) speakers of an Asian or Pacific Islander language. Other languages spoken in Montana (as of 2013) include Assiniboine (about 150 speakers in the Montana and Canada), Blackfoot (about 100 speakers), Cheyenne (about 1,700 speakers), Plains Cree (about 100 speakers), Crow (about 3,000 speakers), Dakota (about 18,800 speakers in Minnesota, Montana, Nebraska, North Dakota, and South Dakota), German Hutterite (about 5,600 speakers), Gros Ventre (about 10 speakers), Kalispel-Pend d'Oreille (about 64 speakers), Kutenai (about 6 speakers), and Lakota (about 6,000 speakers in Minnesota, Montana, Nebraska, North Dakota, South Dakota). The United States Department of Education estimated in 2009 that 5,274 students in Montana spoke a language at home other than English. These included a Native American language (64 percent), German (4 percent), Spanish (3 percent), Russian (1 percent), and Chinese (less than 0.5 percent).",ABout how many people in the state of Montana speak Cheyenne?,"""factual"""
The Indonesian leader who co-founded the Non-Aligned Movement with Tito was Sukarno.,factual,"Under Tito's leadership, Yugoslavia became a founding member of the Non-Aligned Movement. In 1961, Tito co-founded the movement with Egypt's Gamal Abdel Nasser, India's Jawaharlal Nehru, Indonesia's Sukarno and Ghana's Kwame Nkrumah, in an action called The Initiative of Five (Tito, Nehru, Nasser, Sukarno, Nkrumah), thus establishing strong ties with third world countries. This move did much to improve Yugoslavia's diplomatic position. On 1 September 1961, Josip Broz Tito became the first Secretary-General of the Non-Aligned Movement.",Which Indonesian leader co-founded the Non-Aligned movement with Tito?,"""factual"""
Abd al-Malik's father was Marwan.,factual,"Marwan was succeeded by his son, Abd al-Malik (685–705), who reconsolidated Umayyad control of the caliphate. The early reign of Abd al-Malik was marked by the revolt of Al-Mukhtar, which was based in Kufa. Al-Mukhtar hoped to elevate Muhammad ibn al-Hanafiyyah, another son of Ali, to the caliphate, although Ibn al-Hanafiyyah himself may have had no connection to the revolt. The troops of al-Mukhtar engaged in battles both with the Umayyads in 686, defeating them at the river Khazir near Mosul, and with Ibn al-Zubayr in 687, at which time the revolt of al-Mukhtar was crushed. In 691, Umayyad troops reconquered Iraq, and in 692 the same army captured Mecca. Ibn al-Zubayr was killed in the attack.",Who was the father of Abd al-Malik?,"""factual"""
Bombing land-based aircraft industries was considered more important than the interdiction of sea communications.,factual,"Hitler's interest in this strategy forced Göring and Jeschonnek to review the air war against Britain in January 1941. This led to Göring and Jeschonnek agreeing to Hitler's Directive 23, Directions for operations against the British War Economy, which was published on 6 February 1941 and gave aerial interdiction of British imports by sea top priority. This strategy had been recognised before the war, but Operation Eagle Attack and the following Battle of Britain had got in the way of striking at Britain's sea communications and diverted German air strength to the campaign against the RAF and its supporting structures. The OKL had always regarded the interdiction of sea communications of less importance than bombing land-based aircraft industries.",What was considered more important than the interdiction of sea communications?,"""factual"""
"From December through April, Guinea-Bissau experiences a period of drought.",factual,"Guinea-Bissau is warm all year around and there is little temperature fluctuation; it averages 26.3 °C (79.3 °F). The average rainfall for Bissau is 2,024 millimetres (79.7 in) although this is almost entirely accounted for during the rainy season which falls between June and September/October. From December through April, the country experiences drought.",What does the country experience from December through April?,"""factual"""
The executives stated they were contemplating the sale of the Taj in order to wind down operations and exit the gaming and hotel industry.,irrelevant,"The Game is included in the newspaper on Mondays, and details all the weekend's football activity (Premier League and Football League Championship, League One and League Two.) The Scottish edition of The Game also includes results and analysis from Scottish Premier League games.",What is the name of the section that features football on Mondays in The Times?,irrelevant
"According to the teachings of the Catholic Church, even if humanity had never sinned in the Garden of Eden and remained sinless, they would still need God's grace to maintain their sinless state.",factual,"Another misunderstanding is that, by her immaculate conception, Mary did not need a saviour. When defining the dogma in Ineffabilis Deus, Pope Pius IX explicitly affirmed that Mary was redeemed in a manner more sublime. He stated that Mary, rather than being cleansed after sin, was completely prevented from contracting Original Sin in view of the foreseen merits of Jesus Christ, the Savior of the human race. In Luke 1:47, Mary proclaims: ""My spirit has rejoiced in God my Saviour."" This is referred to as Mary's pre-redemption by Christ. Since the Second Council of Orange against semi-pelagianism, the Catholic Church has taught that even had man never sinned in the Garden of Eden and was sinless, he would still require God's grace to remain sinless.",According to the teaching of the Catholic religion is a savior for the world needed ?,"""factual"""
Beyoncé was inspired by Madonna to take control of her own career.,factual,"Beyoncé has stated that she is personally inspired by US First Lady Michelle Obama, saying ""She proves you can do it all"" and she has described Oprah Winfrey as ""the definition of inspiration and a strong woman"". She has also discussed how Jay Z is a continuing inspiration to her, both with what she describes as his lyrical genius and in the obstacles he has overcome in his life. Beyoncé has expressed admiration for the artist Jean-Michel Basquiat, posting in a letter ""what I find in the work of Jean-Michel Basquiat, I search for in every day in music... he is lyrical and raw"". In February 2013, Beyoncé said that Madonna inspired her to take control of her own career. She commented: ""I think about Madonna and how she took all of the great things she achieved and started the label and developed other artists. But there are not enough of those women."".",Who inspired Beyoncé to take control of her career?,"""factual"""
"Another name for Jesus is ""The Lamb of God.""",factual,"In Johannine ""agent Christology"" the submission of Jesus to crucifixion is a sacrifice made as an agent of God or servant of God, for the sake of eventual victory. This builds on the salvific theme of the Gospel of John which begins in John 1:29 with John the Baptist's proclamation: ""The Lamb of God who takes away the sins of the world"". Further reinforcement of the concept is provided in Revelation 21:14 where the ""lamb slain but standing"" is the only one worthy of handling the scroll (i.e. the book) containing the names of those who are to be saved.",What is another name for Jesus given?,"""factual"""
"The Somalia League is another significant football competition in Somalia, alongside the Somalia Cup.",irrelevant,"Morales began work on his ""indigenous autonomy"" policy, which he launched in the eastern lowlands department on August 3, 2009, making Bolivia the first country in the history of South America to affirm the right of indigenous people to govern themselves. Speaking in Santa Cruz Department, the President called it ""a historic day for the peasant and indigenous movement"", saying that, though he might make errors, he would ""never betray the fight started by our ancestors and the fight of the Bolivian people"". A vote on further autonomy will take place in referendums which are expected to be held in December 2009. The issue has divided the country.",What effect has the issue of indigenous autonomy had on Bolivia?,irrelevant
ISn,contradiction,"Other platings used are OSP (organic surface protectant), immersion silver (IAg), immersion tin, electroless nickel with immersion gold coating (ENIG), electroless nickel electroless palladium immersion gold (ENEPIG) and direct gold plating (over nickel). Edge connectors, placed along one edge of some boards, are often nickel plated then gold plated. Another coating consideration is rapid diffusion of coating metal into Tin solder. Tin forms intermetallics such as Cu5Sn6 and Ag3Cu that dissolve into the Tin liquidus or solidus(@50C), stripping surface coating or leaving voids.",What's the abbreviation for immersion silver plating?,contradiction
Behavioral autonomy is the type of autonomy where cultural differences in adolescents are most apparent.,irrelevant,"Of approximately 100 million native speakers of German in the world, roughly 80 million consider themselves Germans.[citation needed] There are an additional 80 million people of German ancestry mainly in the United States, Brazil (mainly in the South Region of the country), Argentina, Canada, South Africa, the post-Soviet states (mainly in Russia and Kazakhstan), and France, each accounting for at least 1 million.[note 2] Thus, the total number of Germans lies somewhere between 100 and more than 150 million, depending on the criteria applied (native speakers, single-ancestry ethnic Germans, partial German ancestry, etc.).",How many native German speakers in the world are there?,irrelevant
"The first truth covers the concept of dukkha, which encompasses various aspects such as suffering, anxiety, unsatisfactoriness, and unease.",factual,"The first truth explains the nature of dukkha. Dukkha is commonly translated as ""suffering"", ""anxiety"", ""unsatisfactoriness"", ""unease"", etc., and it is said to have the following three aspects:",What does the first truth cover?,"""factual"""
The United States upgraded their defenses with the Nike Ajax missile.,factual,"The introduction of the guided missile resulted in a significant shift in anti-aircraft strategy. Although Germany had been desperate to introduce anti-aircraft missile systems, none became operational during World War II. Following several years of post-war development, however, these systems began to mature into viable weapons systems. The US started an upgrade of their defences using the Nike Ajax missile, and soon the larger anti-aircraft guns disappeared. The same thing occurred in the USSR after the introduction of their SA-2 Guideline systems.",What missile did the United States upgrade their defences with?,"""factual"""
LaserStacks software allowed Mac users to play specific content from LaserDiscs.,irrelevant,"This makes it the most varied newspaper in terms of political support in British history. Some columnists in The Times are connected to the Conservative Party such as Daniel Finkelstein, Tim Montgomerie, Matthew Parris and Matt Ridley, but there are also columnists connected to the Labour Party such as David Aaronovitch, Phil Collins, Oliver Kamm and Jenni Russell.","Which political party is The Times columnist, David Aaronovitch, associated with?","""factual"""
The part of a growth ring formed at the beginning of the growing season is also referred to as earlywood.,factual,"If there are differences within a growth ring, then the part of a growth ring nearest the center of the tree, and formed early in the growing season when growth is rapid, is usually composed of wider elements. It is usually lighter in color than that near the outer portion of the ring, and is known as earlywood or springwood. The outer portion formed later in the season is then known as the latewood or summerwood. However, there are major differences, depending on the kind of wood (see below).","What name, besides springwood, is used for the part of a growth ring formed in the beginning of the growing season?","""factual"""
"Prior to Eisenhower, James Buchanan was the oldest man to be elected as President.",factual,"Eisenhower was the last president born in the 19th century, and at age 62, was the oldest man elected President since James Buchanan in 1856 (President Truman stood at 64 in 1948 as the incumbent president at the time of his election four years earlier). Eisenhower was the only general to serve as President in the 20th century and the most recent President to have never held elected office prior to the Presidency (The other Presidents who did not have prior elected office were Zachary Taylor, Ulysses S. Grant, William Howard Taft and Herbert Hoover).",Who was the oldest man to become President prior to Eisenhower?,"""factual"""
The Yongle Emperor dispatched his eunuch Yang Sanbao to Tibet in 1413.,factual,"Shih-Shan Henry Tsai writes that the Yongle Emperor sent his eunuch Yang Sanbao into Tibet in 1413 to gain the allegiance of various Tibetan princes, while the Yongle Emperor paid a small fortune in return gifts for tributes in order to maintain the loyalty of neighboring vassal states such as Nepal and Tibet. However, Van Praag states that Tibetan rulers upheld their own separate relations with the kingdoms of Nepal and Kashmir, and at times ""engaged in armed confrontation with them.""",Where did the Yongle Emperor send Yang Sanbao?,"""factual"""
The pagan midwinter festival that the Christian church found more convenient to subvert and incorporate into its traditions rather than eliminating entirely was Christmas.,factual,"While christian festivals such as corpus christi were church-sanctioned celebrations, Carnival was also a manifestation of European folk culture. In the Christian tradition the fasting is to commemorate the 40 days that Jesus fasted in the desert according to the New Testament and also to reflect on Christian values. As with many other Christian festivals such as Christmas which was originally a pagan midwinter festival, the Christian church has found it easier to turn the pagan Carnaval in a catholic tradition than to eliminate it.  Unlike today, carnival in the Middle Ages took not just a few days, but it covered almost the entire period between Christmas and the beginning of Lent. In those two months, several Catholic holidays were seized by the Catholic population as an outlet for their daily frustrations.",What pagan midwinter festival did the church find easier to subvert than eliminate?,"""factual"""
The cartel imposed an artificially low limit of 1000 hours on the life of light bulbs.,factual,"This means that a 5% reduction in operating voltage will more than double the life of the bulb, at the expense of reducing its light output by about 16%. This may be a very acceptable trade off for a light bulb that is in a difficult-to-access location (for example, traffic lights or fixtures hung from high ceilings). Long-life bulbs take advantage of this trade-off. Since the value of the electric power they consume is much more than the value of the lamp, general service lamps emphasize efficiency over long operating life. The objective is to minimize the cost of light, not the cost of lamps. Early bulbs had a life of up to 2500 hours, but in 1924 a cartel agreed to limit life to 1000 hours. When this was exposed in 1953, General Electric and other leading American manufacturers were banned from limiting the life.",What was the artificially low limit on bulb life placed by the cartel?,"""factual"""
"In the Qing period, the ability to write poetry was considered a mark of a cultivated gentleman.",factual,"Literature grew to new heights in the Qing period. Poetry continued as a mark of the cultivated gentleman, but women wrote in larger and larger numbers and poets came from all walks of life. The poetry of the Qing dynasty is a lively field of research, being studied (along with the poetry of the Ming dynasty) for its association with Chinese opera, developmental trends of Classical Chinese poetry, the transition to a greater role for vernacular language, and for poetry by women in Chinese culture. The Qing dynasty was a period of much literary collection and criticism, and many of the modern popular versions of Classical Chinese poems were transmitted through Qing dynasty anthologies, such as the Quantangshi and the Three Hundred Tang Poems. Pu Songling brought the short story form to a new level in his Strange Stories from a Chinese Studio, published in the mid-18th century, and Shen Fu demonstrated the charm of the informal memoir in Six Chapters of a Floating Life, written in the early 19th century but published only in 1877. The art of the novel reached a pinnacle in Cao Xueqin's Dream of the Red Chamber, but its combination of social commentary and psychological insight were echoed in highly skilled novels such as Wu Jingzi's The Scholars (1750) and Li Ruzhen's Flowers in the Mirror (1827).",What was the sign of a gentleman?,"""factual"""
A less common way for a board of directors to be chosen is through election by a membership.,factual,"The board of directors has ultimate control over the organization, but typically an executive director is hired. In some cases, the board is elected by a membership, but commonly, the board of directors is self-perpetuating. In these ""board-only"" organizations, board members nominate new members and vote on their fellow directors nominations. Part VI, section A, question 7a of the Form 990 asks ""members, stockholders, or other persons who had the power to elect or appoint one or more members of the governing body?"".",How is a board of directors less commonly chosen?,"""factual"""
The island began to experience a period of prosperity around 1770.,factual,"18th century governors tried to tackle the island's problems by implementing tree plantation, improving fortifications, eliminating corruption, building a hospital, tackling the neglect of crops and livestock, controlling the consumption of alcohol and introducing legal reforms. From about 1770, the island enjoyed a lengthy period of prosperity. Captain James Cook visited the island in 1775 on the final leg of his second circumnavigation of the world. St. James' Church was erected in Jamestown in 1774 and in 1791–92 Plantation House was built, and has since been the official residence of the Governor.",When did the Island start to experience a period of prosperity?,"""factual"""
The informal name for The National Archives Building is Archives I.,irrelevant,"In May 1972, President Richard M. Nixon and Soviet Premier Leonid Brezhnev negotiated an easing of relations known as detente, creating a temporary ""thaw"" in the Cold War. In the spirit of good sportsmanship, the time seemed right for cooperation rather than competition, and the notion of a continuing ""race"" began to subside.",When did President Nixon and Brezhnev of the USSR end the Cold War?,irrelevant
The Canadian Military has participated in over 200 operations since 1947.,factual,"Since 1947, Canadian military units have participated in more than 200 operations worldwide, and completed 72 international operations. Canadian soldiers, sailors, and aviators came to be considered world-class professionals through conspicuous service during these conflicts and the country's integral participation in NATO during the Cold War, First Gulf War, Kosovo War, and in United Nations Peacekeeping operations, such as the Suez Crisis, Golan Heights, Cyprus, Croatia, Bosnia, Afghanistan, and Libya. Canada maintained an aircraft carrier from 1957 to 1970 during the Cold War, which never saw combat but participated in patrols during the Cuban Missile Crisis.",How many operations has the Canadian Military been part of since 1947?,"""factual"""
Slovak morphology is more regular than Czech when changing from the nominative to the locative case.,factual,"One study showed that Czech and Slovak lexicons differed by 80 percent, but this high percentage was found to stem primarily from differing orthographies and slight inconsistencies in morphological formation; Slovak morphology is more regular (when changing from the nominative to the locative case, Praha becomes Praze in Czech and Prahe in Slovak). The two lexicons are generally considered similar, with most differences in colloquial vocabulary and some scientific terminology. Slovak has slightly more borrowed words than Czech.",When is Slovak morphology more regular than Czech?,"""factual"""
"The highest average attendance in the Premier League, 36,144, was recorded during the 2007-08 season.",factual,"Stadium attendances are a significant source of regular income for Premier League clubs. For the 2009–10 season, average attendances across the league clubs were 34,215 for Premier League matches with a total aggregate attendance figure of 13,001,616. This represents an increase of 13,089 from the average attendance of 21,126 recorded in the league's first season (1992–93). However, during the 1992–93 season the capacities of most stadiums were reduced as clubs replaced terraces with seats in order to meet the Taylor Report's 1994–95 deadline for all-seater stadiums. The Premier League's record average attendance of 36,144 was set during the 2007–08 season. This record was then beaten in the 2013–14 season recording an average attendance of 36,695 with a total attendance of just under 14 million, the highest average in England's top flight since 1950.",What was the Premier Leagues standard attendance in the 2007-08 season?,"""factual"""
"The Burmese people faced several issues due to British colonialism, including a lack of respect for their culture and traditions.",factual,"Burmese resentment was strong and was vented in violent riots that paralysed Yangon (Rangoon) on occasion all the way until the 1930s. Some of the discontent was caused by a disrespect for Burmese culture and traditions such as the British refusal to remove shoes when they entered pagodas. Buddhist monks became the vanguards of the independence movement. U Wisara, an activist monk, died in prison after a 166-day hunger strike to protest against a rule that forbade him from wearing his Buddhist robes while imprisoned.",What were some of problems experienced with the colonialism of Burma by the British?,"""factual"""
The Egypt economy has been experiencing significant improvement lately.,factual,"Economic conditions have started to improve considerably, after a period of stagnation, due to the adoption of more liberal economic policies by the government as well as increased revenues from tourism and a booming stock market. In its annual report, the International Monetary Fund (IMF) has rated Egypt as one of the top countries in the world undertaking economic reforms. Some major economic reforms undertaken by the government since 2003 include a dramatic slashing of customs and tariffs. A new taxation law implemented in 2005 decreased corporate taxes from 40% to the current 20%, resulting in a stated 100% increase in tax revenue by the year 2006.",What has been the trend lately in the Egypt economy?,"""factual"""
Eritrean athlete Zersenay Tadese currently holds the world record in half marathon distance running.,factual,"Football and cycling are the most popular sports in Eritrea. In recent years, Eritrean athletes have also seen increasing success in the international arena. Zersenay Tadese, an Eritrean athlete, currently holds the world record in half marathon distance running. The Tour of Eritrea, a multi-stage international cycling event, is held annually throughout the country. The Eritrea national cycling team has experienced a lot of success, winning the continental cycling championship several years in a row. Six Eritrean riders have been signed to international cycling teams, including Natnael Berhane and Daniel Teklehaimanot. Berhane was named African Sportsman of the Year in 2013, ahead of footballers Yaya Touré and Didier Drogba, while Teklehaimanot became the first Eritrean to ride the Vuelta a España in 2012. In 2015 Teklehaimanot won the King of the Mountains classification in the Critérium du Dauphine. Teklehaimanot and fellow Eritrean Merhawi Kudus became the first black African riders to compete in the Tour de France when they were selected by the MTN–Qhubeka team for the 2015 edition of the race, where, on 9 July, Teklehaimanot became the first African rider to wear the polkadot jersey.",What world record is held by Eritrean athlete Zersenay Tadese?,"""factual"""
"The PlayStation 3 was released in Africa on March 23, 2007.",factual,"The console was originally planned for a global release through November, but at the start of September the release in Europe and the rest of the world was delayed until March. With it being a somewhat last-minute delay, some companies had taken deposits for pre-orders, at which Sony informed customers that they were eligible for full refunds or could continue the pre-order. On January 24, 2007, Sony announced that PlayStation 3 would go on sale on March 23, 2007, in Europe, Australia, the Middle East, Africa and New Zealand. The system sold about 600,000 units in its first two days. On March 7, 2007, the 60 GB PlayStation 3 launched in Singapore with a price of S$799. The console was launched in South Korea on June 16, 2007, as a single version equipped with an 80 GB hard drive and IPTV.",On what date did the PlayStation 3 go on sale in Africa?,"""factual"""
"The owner of the Detroit Drive, Mike Ilitch, purchased the Detroit Tigers baseball team, which resulted in him selling the Drive.",factual,"One of the league's early success stories was the Detroit Drive. A primary team for some of the AFL's most highly regarded players, including George LaFrance and Gary and Alvin Rettig, as well as being a second career chance for quarterback Art Schlichter, the Drive regularly played before sold out crowds at Joe Louis Arena, and went to the ArenaBowl every year of their existence (1988–1993). The AFL's first dynasty came to an end when their owner, Mike Ilitch (who also owned Little Caesars Pizza and the Detroit Red Wings) bought the Detroit Tigers baseball team and sold the AFL team.",What team did the owner of the Detroit Drive buy that led him to sell the Drive?,"""factual"""
"Teen pop is one of the genres featured on hot AC stations that cater to a younger audience, in addition to urban and rhythmic dance tracks.",factual,"Hot adult contemporary radio stations play a variety of classic hits and contemporary mainstream music aimed at an adult audience. Some Hot AC stations concentrate slightly more on pop music and alternative rock to target the Generation Z audience, though they include the more youth-oriented teen pop, urban and rhythmic dance tracks.","Along with urban and rhythmic dance tracks, what genre is featured on hot AC stations with a younger audience?","""factual"""
A significant portion of Southampton's residents are of Polish nationality.,factual,"Southampton had an estimated 236,900 people living within the city boundary in 2011. There is a sizeable Polish population in the city, with estimates as high as 20,000.",What nationality of people makes up a large portion of Southampton residents?,"""factual"""
Melbourne is the city that is home to Australia's largest and busiest seaport.,factual,"Melbourne has a highly diversified economy with particular strengths in finance, manufacturing, research, IT, education, logistics, transportation and tourism. Melbourne houses the headquarters for many of Australia's largest corporations, including five of the ten largest in the country (based on revenue), and four of the largest six in the country (based on market capitalisation) (ANZ, BHP Billiton (the world's largest mining company), the National Australia Bank and Telstra), as well as such representative bodies and think tanks as the Business Council of Australia and the Australian Council of Trade Unions. Melbourne's suburbs also have the Head Offices of Wesfarmers companies Coles (including Liquorland), Bunnings, Target, K-Mart & Officeworks. The city is home to Australia's largest and busiest seaport which handles more than $75 billion in trade every year and 39% of the nation's container trade. Melbourne Airport provides an entry point for national and international visitors, and is Australia's second busiest airport.[citation needed]",Which city is home to Australia's largest and busiest seaport?,"""factual"""
The massacres of Armenians that took place from 1894 to 1896 under Sultan 'Abdu'l-Hamid II came to be known as the Hamidian massacres.,factual,"While Western Armenia still remained under Ottoman rule, the Armenians were granted considerable autonomy within their own enclaves and lived in relative harmony with other groups in the empire (including the ruling Turks). However, as Christians under a strict Muslim social system, Armenians faced pervasive discrimination. When they began pushing for more rights within the Ottoman Empire, Sultan ‘Abdu’l-Hamid II, in response, organized state-sponsored massacres against the Armenians between 1894 and 1896, resulting in an estimated death toll of 80,000 to 300,000 people. The Hamidian massacres, as they came to be known, gave Hamid international infamy as the ""Red Sultan"" or ""Bloody Sultan.""",What was the name given to the slaughter of the Armenians between 1894-1896?,"""factual"""
their Muslim counterparts,contradiction,"Ottoman government deliberately pursued a policy for the development of Bursa, Edirne, and Istanbul, successive Ottoman capitals, into major commercial and industrial centres, considering that merchants and artisans were indispensable in creating a new metropolis. To this end, Mehmed and his successor Bayezid, also encouraged and welcomed migration of the Jews from different parts of Europe, who were settled in Istanbul and other port cities like Salonica. In many places in Europe, Jews were suffering persecution at the hands of their Christian counterparts, such as in Spain after the conclusion of Reconquista. The tolerance displayed by the Turks was welcomed by the immigrants.",What group were Jews being persecuted by in Europe?,"""factual"""
The Catholic Church observes the Feast of the Assumption on August 15th.,irrelevant,"Yale is organized into fourteen constituent schools: the original undergraduate college, the Yale Graduate School of Arts and Sciences, and twelve professional schools. While the university is governed by the Yale Corporation, each school's faculty oversees its curriculum and degree programs. In addition to a central campus in downtown New Haven, the University owns athletic facilities in western New Haven, including the Yale Bowl, a campus in West Haven, Connecticut, and forest and nature preserves throughout New England. The university's assets include an endowment valued at $25.6 billion as of September 2015, the second largest of any educational institution.The Yale University Library, serving all constituent schools, holds more than 15 million volumes and is the third-largest academic library in the United States.",How many schools is Yale composed of?,irrelevant
+2.5%,contradiction,"On November 3, 2008, the European Commission at Brussels predicted for 2009 an extremely weak growth of GDP, by 0.1%, for the countries of the Eurozone (France, Germany, Italy, Belgium etc.) and even negative number for the UK (−1.0%), Ireland and Spain. On November 6, the IMF at Washington, D.C., launched numbers predicting a worldwide recession by −0.3% for 2009, averaged over the developed economies. On the same day, the Bank of England and the European Central Bank, respectively, reduced their interest rates from 4.5% down to 3%, and from 3.75% down to 3.25%. As a consequence, starting from November 2008, several countries launched large ""help packages"" for their economies.",How much did the European Commission estimate the GDP growth for the UK would be in 2009?,contradiction
The Kushan Empire began in the middle of the 1st century CE.,factual,"The Kushan Empire expanded out of what is now Afghanistan into the northwest of the subcontinent under the leadership of their first emperor, Kujula Kadphises, about the middle of the 1st century CE. They came of an Indo-European language speaking Central Asian tribe called the Yuezhi, a branch of which was known as the Kushans. By the time of his grandson, Kanishka, they had conquered most of northern India, at least as far as Saketa and Pataliputra, in the middle Ganges Valley, and probably as far as the Bay of Bengal.",In the middle o what century did the Kushan empire begin?,"""factual"""
The questionnaire that has been used to measure the age at which adolescents should be able to engage in autonomous behaviors is called the Teen Timetable.,factual,"A questionnaire called the teen timetable has been used to measure the age at which individuals believe adolescents should be able to engage in behaviors associated with autonomy. This questionnaire has been used to gauge differences in cultural perceptions of adolescent autonomy, finding, for instance, that White parents and adolescents tend to expect autonomy earlier than those of Asian descent. It is, therefore, clear that cultural differences exist in perceptions of adolescent autonomy, and such differences have implications for the lifestyles and development of adolescents. In sub-Saharan African youth, the notions of individuality and freedom may not be useful in understanding adolescent development. Rather, African notions of childhood and adolescent development are relational and interdependent.",What questionaire has been used to measure the age in which adolescents should be able to engage in autonomous behaviors?,"""factual"""
The main public service broadcaster in Somalia is Somali National Television.,factual,"The Mogadishu-based Somali National Television is the principal national public service broadcaster. On March 18, 2011, the Ministry of Information of the Transitional Federal Government began experimental broadcasts of the new TV channel. After a 20-year hiatus, the station was shortly thereafter officially re-launched on April 4, 2011. SNTV broadcasts 24 hours a day, and can be viewed both within Somalia and abroad via terrestrial and satellite platforms.",What TV station is the main public service broadcaster in Somalia?,"""factual"""
"In 2000, only 24,631 people were married in Bern, a significantly lower number than the previously stated figure of 49,873.",contradiction,"As of 2000[update], there were 59,948 people who were single and never married in the municipality. There were 49,873 married individuals, 9,345 widows or widowers and 9,468 individuals who are divorced.",How many people were married in Bern in 2000?,contradiction
The term used to describe the extent to which an emotional experience feels either positive or negative is known as valence.,factual,"Through the use of multidimensional scaling, psychologists can map out similar emotional experiences, which allows a visual depiction of the ""emotional distance"" between experiences. A further step can be taken by looking at the map's dimensions of the emotional experiences. The emotional experiences are divided into two dimensions known as valence (how negative or positive the experience feels) and arousal (how energized or enervated the experience feels). These two dimensions can be depicted on a 2D coordinate map. This two-dimensional map was theorized to capture one important component of emotion called core affect. Core affect is not the only component to emotion, but gives the emotion its hedonic and felt energy.",What is the term for the degree to which an emotional experience feels positive or negative?,"""factual"""
"The Spanish term for the permission to sell slaves in Spanish America was ""asiento.""",irrelevant,"Historians estimate that between the advent of Islam in 650CE and the abolition of slavery in the Arabian Peninsula in the mid-20th century, 10 to 18 million sub-Saharan Black Africans were enslaved by Arab slave traders and transported to the Arabian Peninsula and neighboring countries. This number far exceeded the number of slaves who were taken to the Americas. Several factors affected the visibility of descendants of this diaspora in 21st-century Arab societies: The traders shipped more female slaves than males, as there was a demand for them to serve as concubines in harems in the Arabian Peninsula and neighboring countries. Male slaves were castrated in order to serve as harem guards. The death toll of Black African slaves from forced labor was high. The mixed-race children of female slaves and Arab owners were assimilated into the Arab owners' families under the patrilineal kinship system. As a result, few distinctive Afro-Arab black communities have survived in the Arabian Peninsula and neighboring countries.",Why were women slaves more popular?,irrelevant
The first governor of Massachusetts was John Winthrop.,factual,"In 1629, the Massachusetts Bay Colony's first governor, John Winthrop, led the signing of the Cambridge Agreement, a key founding document of the city. Puritan ethics and their focus on education influenced its early history; America's first public school was founded in Boston in 1635. Over the next 130 years, the city participated in four French and Indian Wars, until the British defeated the French and their native allies in North America. Boston was the largest town in British North America until Philadelphia grew larger in the mid 18th century.",Who was Massachusetts first governor?,"""factual"""
"To access the PS3 store from a PSP, you would use a Remote Play connection.",factual,"The PlayStation Store is an online virtual market available to users of Sony's PlayStation 3 (PS3) and PlayStation Portable (PSP) game consoles via the PlayStation Network. The Store offers a range of downloadable content both for purchase and available free of charge. Available content includes full games, add-on content, playable demos, themes and game and movie trailers. The service is accessible through an icon on the XMB on PS3 and PSP. The PS3 store can also be accessed on PSP via a Remote Play connection to PS3. The PSP store is also available via the PC application, Media Go. As of September 24, 2009, there have been over 600 million downloads from the PlayStation Store worldwide.",What connection would you go through to go to the PS3 store from a PSP?,"""factual"""
The new U.S. Strategic Air Forces in the Pacific command was led by General Curtis LeMay.,factual,"Towards the end of the war as the role of strategic bombing became more important, a new command for the U.S. Strategic Air Forces in the Pacific was created to oversee all U.S. strategic bombing in the hemisphere, under United States Army Air Forces General Curtis LeMay. Japanese industrial production plunged as nearly half of the built-up areas of 67 cities were destroyed by B-29 firebombing raids. On 9–10 March 1945 alone, about 100,000 people were killed in a conflagration caused by an incendiary attack on Tokyo. LeMay also oversaw Operation Starvation, in which the inland waterways of Japan were extensively mined by air, which disrupted the small amount of remaining Japanese coastal sea traffic. On 26 July 1945, the President of the United States Harry S. Truman, the President of the Nationalist Government of China Chiang Kai-shek and the Prime Minister of Great Britain Winston Churchill issued the Potsdam Declaration, which outlined the terms of surrender for the Empire of Japan as agreed upon at the Potsdam Conference. This ultimatum stated that, if Japan did not surrender, it would face ""prompt and utter destruction.""",Who was over the new U.S. Strategic Air Forces in the Pacific command?,"""factual"""
No one was killed in the attack of the Social Democrats.,contradiction,"Erich Koch headed the East Prussian Nazi party from 1928. He led the district from 1932. This period was characterized by efforts to collectivize the local agriculture and ruthlessness in dealing with his critics inside and outside the Party. He also had long-term plans for mass-scale industrialization of the largely agricultural province. These actions made him unpopular among the local peasants. In 1932 the local paramilitary SA had already started to terrorise their political opponents. On the night of 31 July 1932 there was a bomb attack on the headquarters of the Social Democrats in Königsberg, the Otto-Braun-House. The Communist politician Gustav Sauf was killed; the executive editor of the Social Democrat ""Königsberger Volkszeitung"", Otto Wyrgatsch, and the German People's Party politician Max von Bahrfeldt were severely injured. Members of the Reichsbanner were attacked and the local Reichsbanner Chairman of Lötzen, Kurt Kotzan, was murdered on 6 August 1932.",Who was killed in the attack of the Social Democrats?,contradiction
"The professors who established the importance of Whitehead's work were Henry Nelson Wieman, Charles Hartshorne, Bernard Loomer, Bernard Meland, and Daniel Day Williams.",factual,"Early followers of Whitehead were found primarily at the University of Chicago's Divinity School, where Henry Nelson Wieman initiated an interest in Whitehead's work that would last for about thirty years. Professors such as Wieman, Charles Hartshorne, Bernard Loomer, Bernard Meland, and Daniel Day Williams made Whitehead's philosophy arguably the most important intellectual thread running through the Divinity School. They taught generations of Whitehead scholars, the most notable of which is John B. Cobb, Jr.",What professors established the importance of Whitehead's work?,"""factual"""
The first club to win the FA Cup as part of a League and Cup double was Preston North End in 1889.,factual,"Seven clubs have won the FA Cup as part of a League and Cup double, namely Preston North End (1889), Aston Villa (1897), Tottenham Hotspur (1961), Arsenal (1971, 1998, 2002), Liverpool (1986), Manchester United (1994, 1996, 1999) and Chelsea (2010). In 1993, Arsenal became the first side to win both the FA Cup and the League Cup in the same season when they beat Sheffield Wednesday 2–1 in both finals. Liverpool (in 2001) and Chelsea (in 2007) have since repeated this feat. In 2012, Chelsea accomplished a different cup double consisting of the FA Cup and the 2012 Champions League. In 1998–99, Manchester United added the 1999 Champions League title to their league and cup double to complete a unique Treble. Two years later, in 2000–01, Liverpool won the FA Cup, League Cup and UEFA Cup to complete a cup treble. An English Treble has never been achieved.",Who was the first clubs have won the fa cup as part of a league cup double? ,"""factual"""
"When a Digimon receives a fatal wound, it dissolves into tiny bits of data.",factual,"The first Digimon anime introduced the Digimon life cycle: They age in a similar fashion to real organisms, but do not die under normal circumstances because they are made of reconfigurable data, which can be seen throughout the show. Any Digimon that receives a fatal wound will dissolve into infinitesimal bits of data. The data then recomposes itself as a Digi-Egg, which will hatch when rubbed gently, and the Digimon goes through its life cycle again. Digimon who are reincarnated in this way will sometimes retain some or all their memories of their previous life. However, if a Digimon's data is completely destroyed, they will die.",What happened to a digimon that receives a fatal wound?,"""factual"""
"Wayne State University, a national research university, is located in the Midtown area of Detroit.",factual,"Detroit is home to several institutions of higher learning including Wayne State University, a national research university with medical and law schools in the Midtown area offering hundreds of academic degrees and programs. The University of Detroit Mercy, located in Northwest Detroit in the University District, is a prominent Roman Catholic co-educational university affiliated with the Society of Jesus (the Jesuits) and the Sisters of Mercy. The University of Detroit Mercy offers more than a hundred academic degrees and programs of study including business, dentistry, law, engineering, architecture, nursing and allied health professions. The University of Detroit Mercy School of Law is located Downtown across from the Renaissance Center.",What research university is located in Midtown?,"""factual"""
the east,contradiction,"Theravāda is primarily practiced today in Sri Lanka, Burma, Laos, Thailand, Cambodia as well as small portions of China, Vietnam, Malaysia and Bangladesh. It has a growing presence in the west.",Where is there a growing presence of Theravada?,contradiction
"The New Testament epistles contain references to the death of Jesus, although not as detailed as the accounts in the four canonical gospels.",factual,"The earliest detailed accounts of the death of Jesus are contained in the four canonical gospels. There are other, more implicit references in the New Testament epistles. In the synoptic gospels, Jesus predicts his death in three separate episodes. All four Gospels conclude with an extended narrative of Jesus' arrest, trial, crucifixion, burial, and accounts of resurrection. In each Gospel these five events in the life of Jesus are treated with more intense detail than any other portion of that Gospel's narrative. Scholars note that the reader receives an almost hour-by-hour account of what is happening.:p.91",What part of the Bible references the death of Jesus?,"""factual"""
"In Plato's theory of forms, another term used to describe these ideal forms is ""ideas"".",factual,"Plato's theory of forms or ""ideas"" describes ideal forms (for example the platonic solids in geometry or abstracts like Goodness and Justice), as universals existing independently of any particular instance. Arne Grøn calls this doctrine ""the classic example of a metaphysical idealism as a transcendent idealism"", while Simone Klein calls Plato ""the earliest representative of metaphysical objective idealism"". Nevertheless, Plato holds that matter is real, though transitory and imperfect, and is perceived by our body and its senses and given existence by the eternal ideas that are perceived directly by our rational soul. Plato was therefore a metaphysical and epistemological dualist, an outlook that modern idealism has striven to avoid: Plato's thought cannot therefore be counted as idealist in the modern sense, although quantum physics' assertion that man's consciousness is an immutable and primary requisite for not merely perceiving but shaping matter, and thus his reality, would give more credence to Plato's dualist position.[citation needed]",What was another term for forms in Plato's theory of forms?,"""factual"""
"Some notable thrash metal bands include Metallica, Anthrax, Megadeth, and Slayer.",factual,"The opening years of the 1980s saw a number of changes in personnel and direction of established hard rock acts, including the deaths of Bon Scott, the lead singer of AC/DC, and John Bonham, drummer with Led Zeppelin. Whereas Zeppelin broke up almost immediately afterwards, AC/DC pressed on, recording the album Back in Black (1980) with their new lead singer, Brian Johnson. It became the fifth-highest-selling album of all time in the US and the second-highest-selling album in the world. Black Sabbath had split with original singer Ozzy Osbourne in 1979 and replaced him with Ronnie James Dio, formerly of Rainbow, giving the band a new sound and a period of creativity and popularity beginning with Heaven and Hell (1980). Osbourne embarked on a solo career with Blizzard of Ozz (1980), featuring American guitarist Randy Rhoads. Some bands, such as Queen, moved away from their hard rock roots and more towards pop rock, while others, including Rush with Moving Pictures (1981), began to return to a hard rock sound. The creation of thrash metal, which mixed heavy metal with elements of hardcore punk from about 1982, particularly by Metallica, Anthrax, Megadeth and Slayer, helped to create extreme metal and further remove the style from hard rock, although a number of these bands or their members would continue to record some songs closer to a hard rock sound. Kiss moved away from their hard rock roots toward pop metal: firstly removing their makeup in 1983 for their Lick It Up album, and then adopting the visual and sound of glam metal for their 1984 release, Animalize, both of which marked a return to commercial success. Pat Benatar was one of the first women to achieve commercial success in hard rock, with three successive Top 5 albums between 1980 and 1982.",What are some thrash metal bands?,"""factual"""
Soda-lime glass is composed of approximately 70 to 74 percent silica by weight.,irrelevant,"In response to the September 11 attacks, and as part of the Global War on Terror, U.S. and NATO forces invaded Afghanistan in October 2001, displacing the Taliban government. The U.S. Army also led the combined U.S. and allied invasion of Iraq in 2003. It served as the primary source for ground forces with its ability to sustain short and long-term deployment operations. In the following years the mission changed from conflict between regular militaries to counterinsurgency, resulting in the deaths of more than 4,000 U.S service members (as of March 2008) and injuries to thousands more. 23,813 insurgents were killed in Iraq between 2003–2011.",The U.S. Army invaded Iraq in what year?,irrelevant
"The three religious communities that coexisted in Valencia were Christians, Jews, and Muslims.",factual,"The city went through serious troubles in the mid-fourteenth century. On the one hand were the decimation of the population by the Black Death of 1348 and subsequent years of epidemics — and on the other, the series of wars and riots that followed. Among these were the War of the Union, a citizen revolt against the excesses of the monarchy, led by Valencia as the capital of the kingdom — and the war with Castile, which forced the hurried raising of a new wall to resist Castilian attacks in 1363 and 1364. In these years the coexistence of the three communities that occupied the city—Christian, Jewish and Muslim — was quite contentious. The Jews who occupied the area around the waterfront had progressed economically and socially, and their quarter gradually expanded its boundaries at the expense of neighbouring parishes. Meanwhile, Muslims who remained in the city after the conquest were entrenched in a Moorish neighbourhood next to the present-day market Mosen Sorel. In 1391 an uncontrolled mob attacked the Jewish quarter, causing its virtual disappearance and leading to the forced conversion of its surviving members to Christianity. The Muslim quarter was attacked during a similar tumult among the populace in 1456, but the consequences were minor.",Which three religious groups lived in Valencia?,"""factual"""
Destiny's Child disbanded in June 2005.,factual,"Following the disbandment of Destiny's Child in June 2005, she released her second solo album, B'Day (2006), which contained hits ""Déjà Vu"", ""Irreplaceable"", and ""Beautiful Liar"". Beyoncé also ventured into acting, with a Golden Globe-nominated performance in Dreamgirls (2006), and starring roles in The Pink Panther (2006) and Obsessed (2009). Her marriage to rapper Jay Z and portrayal of Etta James in Cadillac Records (2008) influenced her third album, I Am... Sasha Fierce (2008), which saw the birth of her alter-ego Sasha Fierce and earned a record-setting six Grammy Awards in 2010, including Song of the Year for ""Single Ladies (Put a Ring on It)"". Beyoncé took a hiatus from music in 2010 and took over management of her career; her fourth album 4 (2011) was subsequently mellower in tone, exploring 1970s funk, 1980s pop, and 1990s soul. Her critically acclaimed fifth studio album, Beyoncé (2013), was distinguished from previous releases by its experimental production and exploration of darker themes.",When did Destiny's Child end their group act?,"""factual"""
"As of May 1942, the Army Air Forces were commanded by Lt. Gen. Henry H. Arnold.",factual,"At the end of May 1942, Eisenhower accompanied Lt. Gen. Henry H. Arnold, commanding general of the Army Air Forces, to London to assess the effectiveness of the theater commander in England, Maj. Gen. James E. Chaney. He returned to Washington on June 3 with a pessimistic assessment, stating he had an ""uneasy feeling"" about Chaney and his staff. On June 23, 1942, he returned to London as Commanding General, European Theater of Operations (ETOUSA), based in London and with a house on Coombe, Kingston upon Thames, and replaced Chaney. He was promoted to lieutenant general on July 7.","As of May 1942, who commanded the Army Air Forces?","""factual"""
CFL stands for compact fluorescent lamps.,factual,"Incandescent bulbs have been replaced in many applications by other types of electric light, such as fluorescent lamps, compact fluorescent lamps (CFL), cold cathode fluorescent lamps (CCFL), high-intensity discharge lamps, and light-emitting diode lamps (LED). Some jurisdictions, such as the European Union, China, Canada and United States, are in the process of phasing out the use of incandescent light bulbs while others, including Colombia, Mexico, Cuba, Argentina, Brazil and Australia, have prohibited them already.",What does the acronym CFL refer to?,"""factual"""
There are approximately 10 small private television channels that are not owned by the government.,factual,"In 2008, the main media were owned by the government, but many more privately run forms of media were being created. There is one government-owned television station and around 10 small private television channels.",How many smaller stations exist that are not government-run?,"""factual"""
"The Melbourne Cricket Club secured possession of its renowned ground, the MCG, in the year 1855.",factual,"The layout of the inner suburbs on a largely one-mile grid pattern, cut through by wide radial boulevards, and string of gardens surrounding the central city was largely established in the 1850s and 1860s. These areas were rapidly filled from the mid 1850s by the ubiquitous terrace house, as well as detached houses and some grand mansions in large grounds, while some of the major roads developed as shopping streets. Melbourne quickly became a major finance centre, home to several banks, the Royal Mint, and Australia's first stock exchange in 1861. In 1855 the Melbourne Cricket Club secured possession of its now famous ground, the MCG. Members of the Melbourne Football Club codified Australian football in 1859, and Yarra rowing clubs and ""regattas"" became popular about the same time. In 1861 the Melbourne Cup was first run. In 1864 Melbourne acquired its first public monument—the Burke and Wills statue.","In what year did the Melbourne Cricket Club secure possession of its now famous ground, the MCG?","""factual"""
"Krstic and Nikolic were found guilty of an additional charge, which was aiding and abetting genocide.",factual,"About 30 people have been indicted for participating in genocide or complicity in genocide during the early 1990s in Bosnia. To date, after several plea bargains and some convictions that were successfully challenged on appeal two men, Vujadin Popović and Ljubiša Beara, have been found guilty of committing genocide, Zdravko Tolimir has been found guilty of committing genocide and conspiracy to commit genocide, and two others, Radislav Krstić and Drago Nikolić, have been found guilty of aiding and abetting genocide. Three others have been found guilty of participating in genocides in Bosnia by German courts, one of whom Nikola Jorgić lost an appeal against his conviction in the European Court of Human Rights. A further eight men, former members of the Bosnian Serb security forces were found guilty of genocide by the State Court of Bosnia and Herzegovina (See List of Bosnian genocide prosecutions).",Another charge beyond the act of genocide and for which Krstic and Nikolic were found guilty was what?,"""factual"""
A four-week period passes before the Presiding Officer submits a bill to the monarch for royal assent.,factual,"Royal assent is the final stage in the legislative process for acts of the Scottish parliament. The process is governed by sections 28, 32, and 33 of the Scotland Act 1998. After a bill has been passed, the Presiding Officer of the Scottish Parliament submits it to the monarch for royal assent after a four-week period, during which the Advocate General for Scotland, the Lord Advocate, the Attorney General or the Secretary of State for Scotland may refer the bill to the Supreme Court of the United Kingdom (prior to 1 October 2009, the Judicial Committee of the Privy Council) for review of its legality. Royal assent is signified by letters patent under the Great Seal of Scotland in the following form which is set out in The Scottish Parliament (Letters Patent and Proclamations) Order 1999 (SI 1999/737) and of which notice is published in the London, Edinburgh, and Belfast Gazettes:",How many weeks pass before the monarch receives a bill from the Presiding Officer?,"""factual"""
English,contradiction,"Arabic dialects are the most widely spoken languages in the Sahara. The live in the Red Sea Hills of southeastern Egypt and eastern Sudan. Arabic, Berber and its variants now regrouped under the term Amazigh (which includes the Guanche language spoken by the original Berber inhabitants of the Canary Islands) and Beja languages are part of the Afro-Asiatic or Hamito-Semitic family.[citation needed] Unlike neighboring West Africa and the central governments of the states that comprise the Sahara, the French language bears little relevance to inter-personal discourse and commerce within the region, its people retaining staunch ethnic and political affiliations with Tuareg and Berber leaders and culture. The legacy of the French colonial era administration is primarily manifested in the territorial reorganization enacted by the Third and Fourth republics, which engendered artificial political divisions within a hitherto isolated and porous region. Diplomacy with local clients was primarily conducted in Arabic, which was the traditional language of bureaucratic affairs. Mediation of disputes and inter-agency communication was served by interpreters contracted by the French government, who, according to Keenan, ""documented a space of intercultural mediation,"" contributing much to preserving indigenous cultural identities in the region.",What language is mainly spoken in West Africa?,irrelevant
Premier League teams have been runners-up in the FIFA Club World Cup twice.,factual,"Between the 1992–93 season and the 2012–13 season, Premier League clubs had won the UEFA Champions League four times (as well as supplying five of the runners-up), behind Spain's La Liga with six wins, and Italy's Serie A with five wins, and ahead of, among others, Germany's Bundesliga with three wins (see table here). The FIFA Club World Cup (or the FIFA Club World Championship, as it was originally called) has been won by Premier league clubs once (Manchester United in 2008), and they have also been runners-up twice, behind Brazil's Brasileirão with four wins, and Spain's La Liga and Italy's Serie A with two wins each (see table here).",How many times have Premier League teams been runners up in the World Cup?,"""factual"""
"The decline of the Songhai Empire significantly impacted the trans-Saharan trade routes, causing them to lose their importance.",factual,"In the late 14th century, the Songhai gradually gained independence from the Mali Empire and expanded, ultimately subsuming the entire eastern portion of the Mali Empire. The Songhai Empire's eventual collapse was largely the result of a Moroccan invasion in 1591, under the command of Judar Pasha. The fall of the Songhai Empire marked the end of the region's role as a trading crossroads. Following the establishment of sea routes by the European powers, the trans-Saharan trade routes lost significance.",What major impact did the falling of the Songhai Empire have?,"""factual"""
CBC typically broadcasts hockey on Saturday nights.,factual,"One of the most popular shows on CBC Television is the weekly Saturday night broadcast of NHL hockey games, Hockey Night in Canada. It has been televised by the network since 1952. During the NHL lockout and subsequent cancellation of the 2004-2005 hockey season, CBC instead aired various recent and classic movies, branded as Movie Night in Canada, on Saturday nights. Many cultural groups criticized this and suggested the CBC air games from minor hockey leagues; the CBC responded that most such broadcast rights were already held by other groups, but it did base each Movie Night broadcast from a different Canadian hockey venue. Other than hockey, CBC Sports properties include Toronto Raptors basketball, Toronto FC Soccer, and various other amateur and professional events.",On what nights does CBC generally reserve broadcasting for hockey?,"""factual"""
The Polynesian people living on Easter Island are called the Rapanui.,factual,"According to the 2002 Census, 4.6% of the Chilean population, including the Rapanui (a Polynesian people) of Easter Island, was indigenous, although most show varying degrees of mixed heritage. Many are descendants of the Mapuche, and live in Santiago, Araucanía and the lake district. The Mapuche successfully fought off defeat in the first 300–350 years of Spanish rule during the Arauco War. Relations with the new Chilean Republic were good until the Chilean state decided to occupy their lands. During the Occupation of Araucanía the Mapuche surrendered to the country's army in the 1880s. Their land was opened to settlement by Chileans and Europeans. Conflict over Mapuche land rights continues to the present.",What is the name for the Polynesian people living on Easter Island?,"""factual"""
Kanye West had a sales competition with rapper 50 Cent during the release of his album Graduation.,factual,"West's middle-class background, flamboyant fashion sense and outspokenness have additionally set him apart from other rappers. Early in his career, he was among the first rappers to publicly criticize the preponderance of homophobia in hip hop. The sales competition between rapper 50 Cent's Curtis and West's Graduation altered the direction of hip hop and helped pave the way for new rappers who did not follow the hardcore-gangster mold. Rosie Swash of The Guardian viewed the sales competition as a historical moment in hip-hop, because it ""highlighted the diverging facets of hip-hop in the last decade; the former was gangsta rap for the noughties, while West was the thinking man's alternative."" Rolling Stone credited West with transforming hip hop's mainstream, ""establishing a style of introspective yet glossy rap [...]"", and called him ""as interesting and complicated a pop star as the 2000s produced—a rapper who mastered, upped and moved beyond the hip-hop game, a producer who created a signature sound and then abandoned it to his imitators, a flashy, free-spending sybarite with insightful things to say about college, culture and economics, an egomaniac with more than enough artistic firepower to back it up."" His 2008 album 808s & Heartbreak polarized both listeners and critics upon its release, but was commercially successful and impacted hip hop and pop stylistically, as it laid the groundwork for a new wave of artists who generally eschewed typical rap braggadocio for intimate subject matter and introspection, including Frank Ocean, The Weeknd, Drake, Future, Kid Cudi, Childish Gambino, Lil Durk, Chief Keef, and Soulja Boy. According to Ben Detrick of XXL magazine, West effectively led a new wave of artists, including Kid Cudi, Wale, Lupe Fiasco, Kidz in the Hall, and Drake, who lacked the interest or ability to rap about gunplay or drug-dealing.",Who did Kanye West have a sales competition with during his album release of Graduation?,"""factual"""
"By 1910, the most popular standard disc size was 10 inches (25.4 cm) in diameter.",factual,"In the 1890s, the recording formats of the earliest (toy) discs were mainly 12.5 cm (nominally five inches) in diameter; by the mid-1890s, the discs were usually 7 in (nominally 17.5 cm) in diameter. By 1910 the 10-inch (25.4 cm) record was by far the most popular standard, holding about three minutes of music or other entertainment on a side. From 1903 onwards, 12-inch records (30.5 cm) were also sold commercially, mostly of classical music or operatic selections, with four to five minutes of music per side. Victor, Brunswick and Columbia also issued 12-inch popular medleys, usually spotlighting a Broadway show score. However, other sizes did appear. Eight-inch discs with a 2-inch-diameter (51 mm) label became popular for about a decade in Britain, but they cannot be played in full on most modern record players because the tone arm cannot play far enough in toward the center without modification of the equipment.",What was the most popular sized disc by 1910?,"""factual"""
Natural disasters,contradiction,"Human interference has nearly exterminated the trees in many areas, and, except for the beech forests of the Austrian Alps, forests of deciduous trees are rarely found after the extreme deforestation between the 17th and 19th centuries. The vegetation has changed since the second half of the 20th century, as the high alpine meadows cease to be harvested for hay or used for grazing which eventually might result in a regrowth of forest. In some areas the modern practice of building ski runs by mechanical means has destroyed the underlying tundra from which the plant life cannot recover during the non-skiing months, whereas areas that still practice a natural piste type of ski slope building preserve the fragile underlayers.",What has nearly exterminated the trees in many areas?,"""factual"""
"The most important Mahayana centre of learning was not Nālandā University, but rather Vikramashila University.",contradiction,"Mahayana Buddhism flourished in India from the 5th century CE onwards, during the dynasty of the Guptas. Mahāyāna centres of learning were established, the most important one being the Nālandā University in north-eastern India.",What was the most important Mahayana centre of learning?,contradiction
"On September 15, the Luftwaffe targeted the docks and rail communications along the Thames Estuary in London during their daylight raids.",irrelevant,"Page ii contains quotations by William Whewell and Francis Bacon on the theology of natural laws, harmonising science and religion in accordance with Isaac Newton's belief in a rational God who established a law-abiding cosmos. In the second edition, Darwin added an epigraph from Joseph Butler affirming that God could work through scientific laws as much as through miracles, in a nod to the religious concerns of his oldest friends. The Introduction establishes Darwin's credentials as a naturalist and author, then refers to John Herschel's letter suggesting that the origin of species ""would be found to be a natural in contradistinction to a miraculous process"":",What was Isaac Newton's belief about God  on the theory of natural law?,irrelevant
Nearly one million Greek citizens were displaced due to Nazi retaliations.,factual,"Greece was eventually occupied by the Nazis who proceeded to administer Athens and Thessaloniki, while other regions of the country were given to Nazi Germany's partners, Fascist Italy and Bulgaria. The occupation brought about terrible hardships for the Greek civilian population. Over 100,000 civilians died of starvation during the winter of 1941–1942, tens of thousands more died because of reprisals by Nazis and collaborators, the country's economy was ruined and the great majority of Greek Jews were deported and murdered in Nazi concentration camps. The Greek Resistance, one of the most effective resistance movements in Europe fought vehemently against the Nazis and their collaborators. The German occupiers committed numerous atrocities, mass executions, and wholesale slaughter of civilians and destruction of towns and villages in reprisals. In the course of the concerted anti-guerrilla campaign, hundreds of villages were systematically torched and almost 1,000,000 Greeks left homeless. In total, the Germans executed some 21,000 Greeks, the Bulgarians 40,000 and the Italians 9,000.",How many Greek citizens were displace due to Nazi retaliations?,"""factual"""
Social science contributed the idea that positivism alone does not fully explain the real-world interactions and strategies of human participants in the scientific process.,factual,"The mid 20th century saw a series of studies relying to the role of science in a social context, starting from Thomas Kuhn's The Structure of Scientific Revolutions in 1962. It opened the study of science to new disciplines by suggesting that the evolution of science was in part sociologically determined and that positivism did not explain the actual interactions and strategies of the human participants in science. As Thomas Kuhn put it, the history of science may be seen in more nuanced terms, such as that of competing paradigms or conceptual systems in a wider matrix that includes intellectual, cultural, economic and political themes outside of science. ""Partly by selection and partly by distortion, the scientists of earlier ages are implicitly presented as having worked upon the same set of fixed problems and in accordance with the same set of fixed canons that the most recent revolution in scientific theory and method made seem scientific.""",What idea did social science add to science as a whole?,"""factual"""
"In a 1999 poll conducted by British Journal Physics World, Feynman was not ranked among the ten greatest physicists of all time.",contradiction,"Richard Phillips Feynman (/ˈfaɪnmən/; May 11, 1918 – February 15, 1988) was an American theoretical physicist known for his work in the path integral formulation of quantum mechanics, the theory of quantum electrodynamics, and the physics of the superfluidity of supercooled liquid helium, as well as in particle physics for which he proposed the parton model. For his contributions to the development of quantum electrodynamics, Feynman, jointly with Julian Schwinger and Sin-Itiro Tomonaga, received the Nobel Prize in Physics in 1965. He developed a widely used pictorial representation scheme for the mathematical expressions governing the behavior of subatomic particles, which later became known as Feynman diagrams. During his lifetime, Feynman became one of the best-known scientists in the world. In a 1999 poll of 130 leading physicists worldwide by the British journal Physics World he was ranked as one of the ten greatest physicists of all time.",What honor did Feynman recieve in a 1999 poll conducted by British Journal Physics World?,contradiction
Christianity,contradiction,"Throughout the 20th century, most Bissau-Guineans practiced some form of Animism. In the early 21st century, many have adopted Islam, which is now practiced by 50% of the country's population. Most of Guinea-Bissau's Muslims are of the Sunni denomination with approximately 2% belonging to the Ahmadiyya sect.",What religion was adopted by the population in the early 21st century?,contradiction
The insurgents declared Alsace-Lorraine as an independent Republic.,factual,"Following the defeat of the German empire in World War I and the abdication of the German Emperor, some revolutionary insurgents declared Alsace-Lorraine as an independent Republic, without preliminary referendum or vote. On 11 November 1918 (Armistice Day), communist insurgents proclaimed a ""soviet government"" in Strasbourg, following the example of Kurt Eisner in Munich as well as other German towns. French troops commanded by French general Henri Gouraud entered triumphantly in the city on 22 November. A major street of the city now bears the name of that date (Rue du 22 Novembre) which celebrates the entry of the French in the city. Viewing the massive cheering crowd gathered under the balcony of Strasbourg's town hall, French President Raymond Poincaré stated that ""the plebiscite is done"".",What kind of Republic did some insurgents declare Alsace-Lorraine?,"""factual"""
The Volume of Sacred Law is considered to be whichever book of divine revelation is most appropriate for the individual brother's religious beliefs.,factual,"The idea of Masonic brotherhood probably descends from a 16th-century legal definition of a brother as one who has taken an oath of mutual support to another. Accordingly, Masons swear at each degree to keep the contents of that degree secret, and to support and protect their brethren unless they have broken the law. In most Lodges the oath or obligation is taken on a Volume of Sacred Law, whichever book of divine revelation is appropriate to the religious beliefs of the individual brother (usually the Bible in the Anglo-American tradition). In Progressive continental Freemasonry, books other than scripture are permissible, a cause of rupture between Grand Lodges.",What can be considered a Volume of Sacred Law?,"""factual"""
The PC Engine was NEC's competitor to the NES in Japan.,factual,"To compete with the popular Family Computer in Japan, NEC Home Electronics launched the PC Engine in 1987, and Sega Enterprises followed suit with the Mega Drive in 1988. The two platforms were later launched in North America in 1989 as the TurboGrafx-16 and the Genesis respectively. Both systems were built on 16-bit architectures and offered improved graphics and sound over the 8-bit NES. However, it took several years for Sega's system to become successful. Nintendo executives were in no rush to design a new system, but they reconsidered when they began to see their dominance in the market slipping.",What was NEC's competitor to the NES called in Japan?,"""factual"""
"In the Yiddish language, the term ""Yiddishkeit"" translates to ""Jewishness.""",factual,"Culturally, an Ashkenazi Jew can be identified by the concept of Yiddishkeit, which means ""Jewishness"" in the Yiddish language. Yiddishkeit is specifically the Jewishness of Ashkenazi Jews. Before the Haskalah and the emancipation of Jews in Europe, this meant the study of Torah and Talmud for men, and a family and communal life governed by the observance of Jewish Law for men and women. From the Rhineland to Riga to Romania, most Jews prayed in liturgical Ashkenazi Hebrew, and spoke Yiddish in their secular lives. But with modernization, Yiddishkeit now encompasses not just Orthodoxy and Hasidism, but a broad range of movements, ideologies, practices, and traditions in which Ashkenazi Jews have participated and somehow retained a sense of Jewishness. Although a far smaller number of Jews still speak Yiddish, Yiddishkeit can be identified in manners of speech, in styles of humor, in patterns of association. Broadly speaking, a Jew is one who associates culturally with Jews, supports Jewish institutions, reads Jewish books and periodicals, attends Jewish movies and theater, travels to Israel, visits historical synagogues, and so forth. It is a definition that applies to Jewish culture in general, and to Ashkenazi Yiddishkeit in particular.",What does Yiddishkeit mean in the Yiddish language?,"""factual"""
"Sony released its AES technical paper on March 1, 1979.",factual,"Heitaro Nakajima, who developed an early digital audio recorder within Japan's national public broadcasting organization NHK in 1970, became general manager of Sony's audio department in 1971. His team developed a digital PCM adaptor audio tape recorder using a Betamax video recorder in 1973. After this, in 1974 the leap to storing digital audio on an optical disc was easily made. Sony first publicly demonstrated an optical digital audio disc in September 1976. A year later, in September 1977, Sony showed the press a 30 cm disc that could play 60 minutes of digital audio (44,100 Hz sampling rate and 16-bit resolution) using MFM modulation. In September 1978, the company demonstrated an optical digital audio disc with a 150-minute playing time, 44,056 Hz sampling rate, 16-bit linear resolution, and cross-interleaved error correction code—specifications similar to those later settled upon for the standard Compact Disc format in 1980. Technical details of Sony's digital audio disc were presented during the 62nd AES Convention, held on 13–16 March 1979, in Brussels. Sony's AES technical paper was published on 1 March 1979. A week later, on 8 March, Philips publicly demonstrated a prototype of an optical digital audio disc at a press conference called ""Philips Introduce Compact Disc"" in Eindhoven, Netherlands.",When did Sony release it's AES technical paper?,"""factual"""
"The reformers considered their beliefs to be focused on Christ, or Christocentric in nature.",factual,"The second main principle, sola fide (by faith alone), states that faith in Christ is sufficient alone for eternal salvation. Though argued from scripture, and hence logically consequent to sola scriptura, this is the guiding principle of the work of Luther and the later reformers. Because sola scriptura placed the Bible as the only source of teaching, sola fide epitomises the main thrust of the teaching the reformers wanted to get back to, namely the direct, close, personal connection between Christ and the believer, hence the reformers' contention that their work was Christocentric.","What did reformers considered their beliefs to be, in terms of focus?","""factual"""
The Interchurch Center marks the beginning of 120th Street.,factual,"40°48′27″N 73°57′18″W﻿ / ﻿40.8076°N 73.9549°W﻿ / 40.8076; -73.9549 120th Street traverses the neighborhoods of Morningside Heights, Harlem, and Spanish Harlem. It begins on Riverside Drive at the Interchurch Center. It then runs east between the campuses of Barnard College and the Union Theological Seminary, then crosses Broadway and runs between the campuses of Columbia University and Teacher's College. The street is interrupted by Morningside Park. It then continues east, eventually running along the southern edge of Marcus Garvey Park, passing by 58 West, the former residence of Maya Angelou. It then continues through Spanish Harlem; when it crosses Pleasant Avenue it becomes a two‑way street and continues nearly to the East River, where for automobiles, it turns north and becomes Paladino Avenue, and for pedestrians, continues as a bridge across FDR Drive.",The Interchurch Center is the start of which street?,"""factual"""
Headlamps on a vehicle are typically white or selective yellow in color.,factual,"Vehicles typically include headlamps and tail lights. Headlamps are white or selective yellow lights placed in the front of the vehicle, designed to illuminate the upcoming road and to make the vehicle more visible. Many manufactures are turning to LED headlights as an energy-efficient alternative to traditional headlamps. Tail and brake lights are red and emit light to the rear so as to reveal the vehicle's direction of travel to following drivers. White rear-facing reversing lamps indicate that the vehicle's transmission has been placed in the reverse gear, warning anyone behind the vehicle that it is moving backwards, or about to do so. Flashing turn signals on the front, side, and rear of the vehicle indicate an intended change of position or direction. In the late 1950s, some automakers began to use electroluminescent technology to backlight their cars' speedometers and other gauges or to draw attention to logos or other decorative elements.",What color are headlamps on a vehicle?,"""factual"""
"In addition to camouflage, other reasons for having certain hair colors include sexual selection, communication, and physiological processes.",factual,"Mammalian hair, also known as pelage, can vary in color between populations, organisms within a population, and even on the individual organism. Light-dark color variation is common in the mammalian taxa. Sometimes, this color variation is determined by age variation, however, in other cases, it is determined by other factors. Selective pressures, such as ecological interactions with other populations or environmental conditions, often lead to the variation in mammalian coloration. These selective pressures favor certain colors in order to increase survival. Camouflage is thought to be a major selection pressure shaping coloration in mammals, although there is also evidence that sexual selection, communication, and physiological processes may influence the evolution of coloration as well. Camouflage is the most predominant mechanism for color variation, as it aids in the concealment of the organisms from predators or from their prey. Coat color can also be for intraspecies communication such as warning members of their species about predators, indicating health for reproductive purposes, communicating between mother and young, and intimidating predators. Studies have shown that in some cases, differences in female and male coat color could indicate information nutrition and hormone levels, which are important in the mate selection process. One final mechanism for coat color variation is physiological response purposes, such as temperature regulation in tropical or arctic environments. Although much has been observed about color variation, much of the genetic that link coat color to genes is still unknown. The genetic sites where pigmentation genes are found are known to affect phenotype by: 1) altering the spatial distribution of pigmentation of the hairs, and 2) altering the density and distribution of the hairs. Quantitative trait mapping is being used to better understand the distribution of loci responsible for pigmentation variation. However, although the genetic sites are known, there is still much to learn about how these genes are expressed.","Besides Camouflage being a reason for having certain hair colors, what other reasons have been discovered? ","""factual"""
"In the James Bond series written by Ian Fleming, the character James Bond exclusively reads The Times newspaper.",factual,"In the James Bond series by Ian Fleming, James Bond, reads The Times. As described by Fleming in From Russia, with Love: ""The Times was the only paper that Bond ever read.""","The author, Ian Fleming, created a fictional character named James Bond who prefers to only read what newspaper?","""factual"""
Exceeding the bounds of their agreements.,factual,"In some rare cases, such as with Ethiopia and Qing Dynasty China, the local governments were able to use the treaties to at least mitigate the impact of European colonization. This involved learning the intricacies of European diplomatic customs and then using the treaties to prevent a power from overstepping their agreement or by playing different powers against each other.",Ethiopia and Qing Dynasty China were both able to prevent European powers from doing what to their agreements?,contradiction
The People's Committee system utilized a pyramid structure.,factual,"The People's Committees led to a high percentage of public involvement in decision making, within the limits permitted by the RCC, but exacerbated tribal divisions. They also served as a surveillance system, aiding the security services in locating individuals with views critical of the RCC, leading to the arrest of Ba'athists, Marxists and Islamists. Operating in a pyramid structure, the base form of these Committees were local working groups, who sent elected representatives to the district level, and from there to the national level, divided between the General People's Congress and the General People's Committee. Above these remained Gaddafi and the RCC, who remained responsible for all major decisions.",What kind of structure did the People's Committee system use?,"""factual"""
"The banner that was displayed along the torch route read ""Free Tibet"".",irrelevant,"African Presbyterian churches often incorporate diaconal ministries, including social services, emergency relief, and the operation of mission hospitals. A number of partnerships exist between presbyteries in Africa and the PC(USA), including specific connections with Lesotho, Malawi, South Africa, Ghana and Zambia. For example, the Lackawanna Presbytery, located in Northeastern Pennsylvania, has a partnership with a presbytery in Ghana. Also the Southminster Presbyterian Church, located near Pittsburgh, has partnerships with churches in Malawi and Kenya. The Presbyterian Church of Nigeria, western Africa is also healthy and strong in mostly the southern states of this nation, strong density in the south-eastern states of this country. Beginning from Cross River state, the nearby coastal states, Rivers state, Lagos state to Ebonyi and Abia States. The missionary expedition of Mary Slessor and Hope Waddel and their group in the mid 18th century in this coastal regions of the ten British colony has brought about the beginning and the flourishing of this church in these areas.",The Southminster Presbyterian Church in Pittsburg has partnerships with churches in which two countries?,"""factual"""
The concept of workplace diversity has led employers to actively pursue the creation of an inclusive work environment.,factual,"The National Conference of State Legislatures held in Washington D.C. stated in a 2014 overview that many supporters for affirmative action argue that policies stemming from affirmative action help to open doors for historically excluded groups in workplace settings and higher education. Workplace diversity has become a business management concept in which employers actively seek to promote an inclusive workplace. By valuing diversity, employers have the capacity to create an environment in which there is a culture of respect for individual differences as well as the ability to draw in talent and ideas from all segments of the population. By creating this diverse workforce, these employers and companies gain a competitive advantage in an increasingly global economy. According to the U.S. Equal Employment Opportunity Commission, many private sector employers have concluded that a diverse workforce makes a ""company stronger, more profitable, and a better place to work."" Therefore, these diversity promoting policies are implemented for competitive reasons rather than as a response to discrimination, but have shown the value in having diversity.",What has the concept of workplace diversity caused employers to do?,"""factual"""
"During the 2010 United States Census, there were 20,013 housing units in Atlantic City.",factual,"At the 2010 United States Census, there were 39,558 people, 15,504 households, and 8,558 families residing in the city. The population density was 3,680.8 per square mile (1,421.2/km2). There were 20,013 housing units at an average density of 1,862.2 per square mile (719.0/km2). The racial makeup of the city was 26.65% (10,543) White, 38.29% (15,148) Black or African American, 0.61% (242) Native American, 15.55% (6,153) Asian, 0.05% (18) Pacific Islander, 14.03% (5,549) from other races, and 4.82% (1,905) from two or more races. Hispanics or Latinos of any race were 30.45% (12,044) of the population.",How many housing units were in Atlantic City during the 2010 United States Census?,"""factual"""
Allen Daviau first collaborated with Spielberg on the film Amblin.,factual,"Spielberg prefers working with production members with whom he has developed an existing working relationship. An example of this is his production relationship with Kathleen Kennedy who has served as producer on all his major films from E.T. the Extra-Terrestrial to the recent Lincoln. For cinematography, Allen Daviau, a childhood friend and cinematographer, shot the early Spielberg film Amblin and most of his films up to Empire of the Sun; Janusz Kamiński who has shot every Spielberg film since Schindler's List (see List of film director and cinematographer collaborations); and the film editor Michael Kahn who has edited every film directed by Spielberg from Close Encounters to Munich (except E.T. the Extra-Terrestrial). Most of the DVDs of Spielberg's films have documentaries by Laurent Bouzereau.",Which film did Daviau first work with Spielberg on?,"""factual"""
Cameron Kerry is the name of John Kerry's younger brother.,factual,"Including Kerry, the Democratic primary race had 10 candidates, including attorney Paul J. Sheehy, State Representative Anthony R. DiFruscia, John J. Desmond and Robert B. Kennedy. Kerry ran a ""very expensive, sophisticated campaign"", financed by out-of-state backers and supported by many young volunteers. DiFruscia's campaign headquarters shared the same building as Kerry's. On the eve of the September 19 primary, police found Kerry's younger brother Cameron and campaign field director Thomas J. Vallely, breaking into where the building's telephone lines were located. They were arrested and charged with ""breaking and entering with the intent to commit grand larceny"", but the charges were dropped a year later. At the time of the incident, DiFruscia alleged that the two were trying to disrupt his get-out-the vote efforts. Vallely and Cameron Kerry maintained that they were only checking their own telephone lines because they had received an anonymous call warning that the Kerry lines would be cut.",What is Kerry's younger brother's name?,"""factual"""
The library at Notre Dame was started in the year 1873.,factual,"The first degrees from the college were awarded in 1849. The university was expanded with new buildings to accommodate more students and faculty. With each new president, new academic programs were offered and new buildings built to accommodate them. The original Main Building built by Sorin just after he arrived was replaced by a larger ""Main Building"" in 1865, which housed the university's administration, classrooms, and dormitories. Beginning in 1873, a library collection was started by Father Lemonnier. By 1879 it had grown to ten thousand volumes that were housed in the Main Building.",In what year was the library at Notre Dame started?,"""factual"""
The Bells were living at their home in Beinn Bhreagh when the Halifax Explosion occurred.,factual,"Until the end of his life, Bell and his family would alternate between the two homes, but Beinn Bhreagh would, over the next 30 years, become more than a summer home as Bell became so absorbed in his experiments that his annual stays lengthened. Both Mabel and Bell became immersed in the Baddeck community and were accepted by the villagers as ""their own"".[N 22] The Bells were still in residence at Beinn Bhreagh when the Halifax Explosion occurred on December 6, 1917. Mabel and Bell mobilized the community to help victims in Halifax.",Where did the Bells live when the Halifax Explosion happened?,"""factual"""
Leibniz's universes are situated in absolute space.,factual,"The example Leibniz uses involves two proposed universes situated in absolute space. The only discernible difference between them is that the latter is positioned five feet to the left of the first. The example is only possible if such a thing as absolute space exists. Such a situation, however, is not possible, according to Leibniz, for if it were, a universe's position in absolute space would have no sufficient reason, as it might very well have been anywhere else. Therefore, it contradicts the principle of sufficient reason, and there could exist two distinct universes that were in all ways indiscernible, thus contradicting the identity of indiscernibles.",Where are Leibniz's universes situated?,"""factual"""
The Italian Prime Minister who attended Yale is Mario Monti.,factual,"Yale has produced alumni distinguished in their respective fields. Among the best-known are U.S. Presidents William Howard Taft, Gerald Ford, George H. W. Bush, Bill Clinton and George W. Bush; royals Crown Princess Victoria Bernadotte, Prince Rostislav Romanov and Prince Akiiki Hosea Nyabongo; heads of state, including Italian prime minister Mario Monti, Turkish prime minister Tansu Çiller, Mexican president Ernesto Zedillo, German president Karl Carstens, and Philippines president José Paciano Laurel; U.S. Supreme Court Justices Sonia Sotomayor, Samuel Alito and Clarence Thomas; U.S. Secretaries of State John Kerry, Hillary Clinton, Cyrus Vance, and Dean Acheson; authors Sinclair Lewis, Stephen Vincent Benét, and Tom Wolfe; lexicographer Noah Webster; inventors Samuel F. B. Morse and Eli Whitney; patriot and ""first spy"" Nathan Hale; theologian Jonathan Edwards; actors, directors and producers Paul Newman, Henry Winkler, Vincent Price, Meryl Streep, Sigourney Weaver, Jodie Foster, Angela Bassett, Patricia Clarkson, Courtney Vance, Frances McDormand, Elia Kazan, George Roy Hill, Edward Norton, Lupita Nyong'o, Allison Williams, Oliver Stone, Sam Waterston, and Michael Cimino; ""Father of American football"" Walter Camp, James Franco, ""The perfect oarsman"" Rusty Wailes; baseball players Ron Darling, Bill Hutchinson, and Craig Breslow; basketball player Chris Dudley; football players Gary Fencik, and Calvin Hill; hockey players Chris Higgins and Mike Richter; figure skater Sarah Hughes; swimmer Don Schollander; skier Ryan Max Riley; runner Frank Shorter; composers Charles Ives, Douglas Moore and Cole Porter; Peace Corps founder Sargent Shriver; child psychologist Benjamin Spock; architects Eero Saarinen and Norman Foster; sculptor Richard Serra; film critic Gene Siskel; television commentators Dick Cavett and Anderson Cooper; New York Times journalist David Gonzalez; pundits William F. Buckley, Jr., and Fareed Zakaria; economists Irving Fischer, Mahbub ul Haq, and Paul Krugman; cyclotron inventor and Nobel laureate in Physics, Ernest Lawrence; Human Genome Project director Francis S. Collins; mathematician and chemist Josiah Willard Gibbs; and businesspeople, including Time Magazine co-founder Henry Luce, Morgan Stanley founder Harold Stanley, Boeing CEO James McNerney, FedEx founder Frederick W. Smith, Time Warner president Jeffrey Bewkes, Electronic Arts co-founder Bing Gordon, and investor/philanthropist Sir John Templeton; pioneer in electrical applications Austin Cornelius Dunham.",What Italian Prime Minister attended Yale?,"""factual"""
Alexander Balus was composed in 1748.,factual,"Antonio Vivaldi composed a mandolin concerto (Concerto in C major Op.3 6) and two concertos for two mandolins and orchestra. Wolfgang Amadeus Mozart placed it in his 1787 work Don Giovanni and Beethoven created four variations of it. Antonio Maria Bononcini composed La conquista delle Spagne di Scipione Africano il giovane in 1707 and George Frideric Handel composed Alexander Balus in 1748. Others include Giovani Battista Gervasio (Sonata in D major for Mandolin and Basso Continuo), Giuseppe Giuliano (Sonata in D major for Mandolin and Basso Continuo), Emanuele Barbella (Sonata in D major for Mandolin and Basso Continuo), Domenico Scarlatti (Sonata n.54 (K.89) in D minor for Mandolin and Basso Continuo), and Addiego Guerra (Sonata in G major for Mandolin and Basso Continuo).",When was Alexander Balus composed? ,"""factual"""
The Soviet Premier who officially recognized Tito was Joseph Stalin.,factual,"After the Partisans managed to endure and avoid these intense Axis attacks between January and June 1943, and the extent of Chetnik collaboration became evident, Allied leaders switched their support from Draža Mihailović to Tito. King Peter II, American President Franklin Roosevelt and British Prime Minister Winston Churchill joined Soviet Premier Joseph Stalin in officially recognising Tito and the Partisans at the Tehran Conference. This resulted in Allied aid being parachuted behind Axis lines to assist the Partisans. On 17 June 1944 on the Dalmatian island of Vis, the Treaty of Vis (Viški sporazum) was signed in an attempt to merge Tito's government (the AVNOJ) with the government in exile of King Peter II. The Balkan Air Force was formed in June 1944 to control operations that were mainly aimed at aiding his forces.",Who was the Soviet Premier who recognized Tito?,"""factual"""
The rise of digital music distribution and online piracy.,contradiction,Shawn Vancour argues that the commercialization of classical music in the early 20th century served to harm the music industry through inadequate representation.,What harmed the music industry in the 20th century according to Shawn Vancour?,contradiction
The postal union provides technical assistance to help develop the Somali Postal Service's capacity.,factual,"On 1 November 2013, international postal services for Somalia officially resumed. The Universal Postal Union is now assisting the Somali Postal Service to develop its capacity, including providing technical assistance and basic mail processing equipment.",What type of assistance does the postal union provide?,"""factual"""
The persecution of Jews in Spain began after the Reconquista came to an end.,factual,"Ottoman government deliberately pursued a policy for the development of Bursa, Edirne, and Istanbul, successive Ottoman capitals, into major commercial and industrial centres, considering that merchants and artisans were indispensable in creating a new metropolis. To this end, Mehmed and his successor Bayezid, also encouraged and welcomed migration of the Jews from different parts of Europe, who were settled in Istanbul and other port cities like Salonica. In many places in Europe, Jews were suffering persecution at the hands of their Christian counterparts, such as in Spain after the conclusion of Reconquista. The tolerance displayed by the Turks was welcomed by the immigrants.",Persecution of Jews in Spain occurred after what event concluded?,"""factual"""
"One of the four main dialects of Old English, in addition to West Saxon, Northumbrian, and Mercian, was Kentish.",irrelevant,"Time travel is the concept of moving backwards or forwards to different points in time, in a manner analogous to moving through space, and different from the normal ""flow"" of time to an earthbound observer. In this view, all points in time (including future times) ""persist"" in some way. Time travel has been a plot device in fiction since the 19th century. Traveling backwards in time has never been verified, presents many theoretic problems, and may be an impossibility. Any technological device, whether fictional or hypothetical, that is used to achieve time travel is known as a time machine.",A time machine is known as any technological devise that is used for what purpose?,irrelevant
Rome did not have a law enforcement branch.,factual,"Slavery and slaves were part of the social order; there were slave markets where they could be bought and sold. Many slaves were freed by the masters for services rendered; some slaves could save money to buy their freedom. Generally, mutilation and murder of slaves was prohibited by legislation. However, Rome did not have a law enforcement arm. All actions were treated as ""torts,"" which were brought by an accuser who was forced to prove the entire case himself. If the accused were a noble and the victim, not a noble, the likelihood of finding for the accused was small. At most, the accused might have to pay a fine for killing a slave. It is estimated that over 25% of the Roman population was enslaved.",What branch of law did Rome lack?,"""factual"""
Dysfunctional individuals perceive the severity of their pain as high.,factual,"The Multidimensional Pain Inventory (MPI) is a questionnaire designed to assess the psychosocial state of a person with chronic pain. Analysis of MPI results by Turk and Rudy (1988) found three classes of chronic pain patient: ""(a) dysfunctional, people who perceived the severity of their pain to be high, reported that pain interfered with much of their lives, reported a higher degree of psychological distress caused by pain, and reported low levels of activity; (b) interpersonally distressed, people with a common perception that significant others were not very supportive of their pain problems; and (c) adaptive copers, patients who reported high levels of social support, relatively low levels of pain and perceived interference, and relatively high levels of activity."" Combining the MPI characterization of the person with their IASP five-category pain profile is recommended for deriving the most useful case description.",What do dysfunctional people perceive the severity of their pain to be?,"""factual"""
The leader of the Nanjing Regime was Wang Jingwei.,factual,"A few days before the fall of the city, the National Government of China was relocated to the southwestern city Chungking (Chongqing) and resumed Chinese resistance. In 1940, a Japanese-collaborationist government known as the ""Nanjing Regime"" or ""Reorganized National Government of China"" led by Wang Jingwei was established in Nanjing as a rival to Chiang Kai-shek's government in Chongqing. In 1946, after the Surrender of Japan, the KMT relocated its central government back to Nanjing.",Who was the leader of the Nanjing Regime?,"""factual"""
Oba Kosoko was the Lagos king who supported the slave trade.,factual,"The slave trade was engaged in by European state and non-state actors such as Great Britain, the Netherlands, Portugal and private companies, as well as various African states and non-state actors. With rising anti-slavery sentiment at home and changing economic realities, Great Britain outlawed the international slave trade in 1807. Following the Napoleonic Wars, Great Britain established the West Africa Squadron in an attempt to halt the international traffic in slaves. It stopped ships of other nations that were leaving the African coast with slaves; the seized slaves were taken to Freetown, a colony in West Africa originally established for the resettlement of freed slaves from Britain. Britain intervened in the Lagos Kingship power struggle by bombarding Lagos in 1851, deposing the slave trade friendly Oba Kosoko, helping to install the amenable Oba Akitoye, and signing the Treaty between Great Britain and Lagos on 1 January 1852. Britain annexed Lagos as a Crown Colony in August 1861 with the Lagos Treaty of Cession. British missionaries expanded their operations and travelled further inland. In 1864, Samuel Ajayi Crowther became the first African bishop of the Anglican Church.",Which Lagos king had supported the slave trade?,contradiction
The event that brought thousands of people to Alaska between the 1890s and the early 1910s was the gold rushes.,factual,"Starting in the 1890s and stretching in some places to the early 1910s, gold rushes in Alaska and the nearby Yukon Territory brought thousands of miners and settlers to Alaska. Alaska was officially incorporated as an organized territory in 1912. Alaska's capital, which had been in Sitka until 1906, was moved north to Juneau. Construction of the Alaska Governor's Mansion began that same year. European immigrants from Norway and Sweden also settled in southeast Alaska, where they entered the fishing and logging industries.",What event brought thousands of people to Alaska in the 1890s to early 1910s?,"""factual"""
Manual handling is made easy due to their large size.,contradiction,"Small, cheap discoidal ceramic capacitors have existed since the 1930s, and remain in widespread use. Since the 1980s, surface mount packages for capacitors have been widely used. These packages are extremely small and lack connecting leads, allowing them to be soldered directly onto the surface of printed circuit boards. Surface mount components avoid undesirable high-frequency effects due to the leads and simplify automated assembly, although manual handling is made difficult due to their small size.",What is one difficulty when using surface mount components?,contradiction
The key factor in determining whether withdrawal from a treaty is permitted is the reaction of other states involved in the treaty.,factual,"In practice, because of sovereignty, any state can withdraw from any treaty at any time. The question of whether this is permitted is really a question of how other states will react to the withdrawal; for instance, another state might impose sanctions or go to war over a treaty violation.",What really determines whether withdrawal from a treaty is permitted?,contradiction
"To qualify for public funding, Tucson city council candidates must secure a minimum of 200 donations of $10 or more.",factual,"Tucson is known for being a trailblazer in voluntary partial publicly financed campaigns. Since 1985, both mayoral and council candidates have been eligible to receive matching public funds from the city. To become eligible, council candidates must receive 200 donations of $10 or more (300 for a mayoral candidate). Candidates must then agree to spending limits equal to 33¢ for every registered Tucson voter, or $79,222 in 2005 (the corresponding figures for mayor are 64¢ per registered voter, or $142,271 in 2003). In return, candidates receive matching funds from the city at a 1:1 ratio of public money to private donations. The only other limitation is that candidates may not exceed 75% of the limit by the date of the primary. Many cities, such as San Francisco and New York City, have copied this system, albeit with more complex spending and matching formulas.",How many $10+ donations must Tucson city council candidates receive to get public funding?,"""factual"""
The average SAT score at Notre Dame when Edward Malloy became president was 1240.,factual,"In the 18 years under the presidency of Edward Malloy, C.S.C., (1987–2005), there was a rapid growth in the school's reputation, faculty, and resources. He increased the faculty by more than 500 professors; the academic quality of the student body has improved dramatically, with the average SAT score rising from 1240 to 1360; the number of minority students more than doubled; the endowment grew from $350 million to more than $3 billion; the annual operating budget rose from $177 million to more than $650 million; and annual research funding improved from $15 million to more than $70 million. Notre Dame's most recent[when?] capital campaign raised $1.1 billion, far exceeding its goal of $767 million, and is the largest in the history of Catholic higher education.","What was the SAT score, on average, at Notre Dame when Edward Malloy became president?","""factual"""
"Due to the extensive renovation and construction work at the railway station, the bus stops at the station are frequently changing locations.",factual,"The main local and regional bus station of Utrecht is located adjacent to Utrecht Centraal railway station, at the East and West entrances. Due to large scale renovation and construction works at the railway station, the station's bus stops are changing frequently. As a general rule, westbound buses depart from the bus station on the west entrance, other buses from the east side station. Local buses in Utrecht are operated by Qbuzz – its services include a high-frequency service to the Uithof university district. The local bus fleet is one of Europe's cleanest, using only buses compliant with the Euro-VI standard as well as electric buses for inner city transport. Regional buses from the city are operated by Arriva and Connexxion.",renovations are causing what changes ,"""factual"""
"The Avignon Papacy occurred from 1305-78, but it actually took place from 1378-1417.",contradiction,"During the tumultuous 14th century, disputes within the leadership of the Church led to the Avignon Papacy of 1305–78, also called the ""Babylonian Captivity of the Papacy"" (a reference to the Babylonian captivity of the Jews), and then to the Great Schism, lasting from 1378 to 1418, when there were two and later three rival popes, each supported by several states. Ecclesiastical officials convened at the Council of Constance in 1414, and in the following year the council deposed one of the rival popes, leaving only two claimants. Further depositions followed, and in November 1417 the council elected Martin V (pope 1417–31) as pope.",During what years did the Avignon Papacy occur?,contradiction
"According to Whitehead, a thing can be considered real if it influences the rest of the universe in some way, causing other entities to conform to it.",factual,"In fact, Whitehead describes any entity as in some sense nothing more and nothing less than the sum of its relations to other entities – its synthesis of and reaction to the world around it. A real thing is just that which forces the rest of the universe to in some way conform to it; that is to say, if theoretically a thing made strictly no difference to any other entity (i.e. it was not related to any other entity), it could not be said to really exist. Relations are not secondary to what a thing is, they are what the thing is.",How does he describe what makes something real?,"""factual"""
"The Hongguang Emperor fled Nanjing in late May 1645, after being defeated by the advancing Qing forces.",factual,"Zhu Yousong, however, fared a lot worse than his ancestor Zhu Yuanzhang three centuries earlier. Beset by factional conflicts, his regime could not offer effective resistance to Qing forces, when the Qing army, led by the Manchu prince Dodo approached Jiangnan the next spring. Days after Yangzhou fell to the Manchus in late May 1645, the Hongguang Emperor fled Nanjing, and the imperial Ming Palace was looted by local residents. On June 6, Dodo's troops approached Nanjing, and the commander of the city's garrison, Zhao the Earl of Xincheng, promptly surrendered the city to them. The Manchus soon ordered all male residents of the city to shave their heads in the Manchu queue way. They requisitioned a large section of the city for the bannermen's cantonment, and destroyed the former imperial Ming Palace, but otherwise the city was spared the mass murders and destruction that befell Yangzhou.","When did the Hongguang Emperor leave Nanjing, having been defeated?","""factual"""
The birch was replaced with caning as the form of corporal punishment.,irrelevant,"Fortaleza del Cerro overlooks the bay of Montevideo. An observation post at this location was first built by the Spanish in the late 18th century. In 1802, a beacon replaced the observation post; construction of the fortress began in 1809 and was completed in 1839. It has been involved in many historical developments and has been repeatedly taken over by various sides. In 1907, the old beacon was replaced with a stronger electric one. It has been a National Monument since 1931 and has housed a military museum since 1916. Today it is one of the tourist attractions of Montevideo.",What replaced the observation post in 1802?,contradiction
"Albert was the heir presumptive to the throne because Edward, who was unmarried, had no children of his own.",factual,"As Edward was unmarried and had no children, Albert was the heir presumptive to the throne. Less than a year later, on 11 December 1936, Edward VIII abdicated in order to marry his mistress, Wallis Simpson, who was divorced from her first husband and divorcing her second. Edward had been advised by British Prime Minister Stanley Baldwin that he could not remain king and marry a divorced woman with two living ex-husbands. Edward chose abdication in preference to abandoning his marriage plans. Thus Albert became king, a position he was reluctant to accept. The day before the abdication, he went to London to see his mother, Queen Mary. He wrote in his diary, ""When I told her what had happened, I broke down and sobbed like a child.""",Why was Albert the heir presumptive to the throne?,"""factual"""
The total length of the Delhi Metro system is 189.63 kilometers.,factual,"The Delhi Metro is a rapid transit system serving New Delhi, Delhi, Gurgaon, Faridabad, Noida, and Ghaziabad in the National Capital Region of India. Delhi Metro is the world's 12th largest metro system in terms of length. Delhi Metro was India's first modern public transportation system, which had revolutionised travel by providing a fast, reliable, safe, and comfortable means of transport. The network consists of six lines with a total length of 189.63 kilometres (117.83 miles) with 142 stations, of which 35 are underground, five are at-grade, and the remainder are elevated. All stations have escalators, elevators, and tactile tiles to guide the visually impaired from station entrances to trains. It has a combination of elevated, at-grade, and underground lines, and uses both broad gauge and standard gauge rolling stock. Four types of rolling stock are used: Mitsubishi-ROTEM Broad gauge, Bombardier MOVIA, Mitsubishi-ROTEM Standard gauge, and CAF Beasain Standard gauge.",What is the total length of the Delhi Metro?,"""factual"""
Title matches can last for a maximum duration of one hour.,factual,"Most wrestling matches last for a set number of falls, with the first side to achieve the majority number of pinfalls, submissions, or countouts being the winner. Historically, matches were wrestled to 3 falls (""best 2 out of 3"") or 5 falls (""best 3 out of 5""). The standard for modern matches is one fall. However, even though it is now standard, many announcers will explicitly state this (e.g. ""The following contest is set for one fall with a 20-minute time limit""). These matches are given a time limit; if not enough falls are scored by the end of the time limit, the match is declared a draw. Modern matches are generally given a 10- to 30-minute time limit for standard matches; title matches can go for up to one hour. British wrestling matches held under Admiral-Lord Mountevans rules are 2 out of 3 falls.",How long can a title match be?,"""factual"""
"In New York, 59% of the population identifies as Christian.",factual,"Christianity (59%), particularly Catholicism (33%), was the most prevalently practiced religion in New York as of 2014, followed by Judaism, with approximately 1.1 million Jews in New York City, over half living in Brooklyn. Islam ranks third in New York City, with official estimates ranging between 600,000 and 1,000,000 observers and including 10% of the city's public schoolchildren, followed by Hinduism, Buddhism, and a variety of other religions, as well as atheism. In 2014, 24% self-identified with no organized religious affiliation.",What percentage of New Yorkers are Christians?,"""factual"""
The book that Friedman published in 1980 is called Free to Choose.,irrelevant,"Some powerful Polish nobles were referred to as ""magnates"" (Polish singular: ""magnat"", plural: ""magnaci"") and ""możny"" (""magnate"", ""oligarch""; plural: ""możni""); see Magnates of Poland and Lithuania.",What is the singular version of magnates?,irrelevant
"In Europe, there are approximately 1.4 million Jews.",factual,"According to a report published in 2014, about 43% of all Jews reside in Israel (6.1 million), and 40% in the United States (5.7 million), with most of the remainder living in Europe (1.4 million) and Canada (0.4 million). These numbers include all those who self-identified as Jews in a socio-demographic study or were identified as such by a respondent in the same household. The exact world Jewish population, however, is difficult to measure. In addition to issues with census methodology, disputes among proponents of halakhic, secular, political, and ancestral identification factors regarding who is a Jew may affect the figure considerably depending on the source.",How many Jews live in Europe?,"""factual"""
The iPod began offering compatibility with USB starting with the third generation.,factual,"The third generation began including a 30-pin dock connector, allowing for FireWire or USB connectivity. This provided better compatibility with non-Apple machines, as most of them did not have FireWire ports at the time. Eventually Apple began shipping iPods with USB cables instead of FireWire, although the latter was available separately. As of the first-generation iPod Nano and the fifth-generation iPod Classic, Apple discontinued using FireWire for data transfer (while still allowing for use of FireWire to charge the device) in an attempt to reduce cost and form factor. As of the second-generation iPod Touch and the fourth-generation iPod Nano, FireWire charging ability has been removed. The second-, third-, and fourth-generation iPod Shuffle uses a single 3.5 mm minijack phone connector which acts as both a headphone jack and a data port for the dock.",In which generation did iPod start providing compatibility with USB?,"""factual"""
The film O Tamaiti was made by Sima Urale.,factual,"Director Sima Urale is an award-winning filmmaker. Urale's short film O Tamaiti won the prestigious Best Short Film at the Venice Film Festival in 1996. Her first feature film Apron Strings opened the 2008 NZ International Film Festival. The feature film Siones Wedding, co-written by Oscar Kightley, was financially successful following premieres in Auckland and Apia. The 2011 film The Orator was the first ever fully Samoan film, shot in Samoa in the Samoan language with a Samoan cast telling a uniquely Samoan story. Written and directed by Tusi Tamasese, it received much critical acclaim and attention at film festivals throughout the world.",Who made the film O Tamaiti?,"""factual"""
Sania Mirza is a tennis player.,irrelevant,"Stochastic computing was first introduced in a pioneering paper by von Neumann in 1953. However, the theory could not be implemented until advances in computing of the 1960s. He also created the field of cellular automata without the aid of computers, constructing the first self-replicating automata with pencil and graph paper. The concept of a universal constructor was fleshed out in his posthumous work Theory of Self Reproducing Automata. Von Neumann proved that the most effective way of performing large-scale mining operations such as mining an entire moon or asteroid belt would be by using self-replicating spacecraft, taking advantage of their exponential growth. His rigorous mathematical analysis of the structure of self-replication (of the semiotic relationship between constructor, description and that which is constructed), preceded the discovery of the structure of DNA. Beginning in 1949, von Neumann's design for a self-reproducing computer program is considered the world's first computer virus, and he is considered to be the theoretical father of computer virology.",How long before stochastic computing could be implemented?,irrelevant
The name of the city's rapid bus transit line is Metrobús.,factual,"The city's first bus rapid transit line, the Metrobús, began operation in June 2005, along Avenida Insurgentes. Line 2 opened in December 2008, serving Eje 4 Sur, line 3 opened in February 2011, serving Eje 1 Poniente, and line 4 opened in April 2012 connecting the airport with San Lázaro and Buenavista Station at Insurgentes. As the microbuses were removed from its route, it was hoped that the Metrobús could reduce pollution and decrease transit time for passengers. In June 2013, Mexico City's mayor announced two more lines to come: Line 5 serving Eje 3 Oriente and Line 6 serving Eje 5 Norte. As of June 2013, 367 Metrobús buses transported 850,000 passengers daily.",What is the name of the city's fast bus line?,"""factual"""
Sega first allowed third-party publishing in the late summer of 1988.,factual,"Nintendo was not as restrictive as Sega, which did not permit third-party publishing until Mediagenic in late summer 1988. Nintendo's intention, however, was to reserve a large part of NES game revenue for itself. Nintendo required that they be the sole manufacturer of all cartridges, and that the publisher had to pay in full before the cartridges for that game be produced. Cartridges could not be returned to Nintendo, so publishers assumed all the risk. As a result, some publishers lost more money due to distress sales of remaining inventory at the end of the NES era than they ever earned in profits from sales of the games. Because Nintendo controlled the production of all cartridges, it was able to enforce strict rules on its third-party developers, which were required to sign a contract by Nintendo that would obligate these parties to develop exclusively for the system, order at least 10,000 cartridges, and only make five games per year. A 1988 shortage of DRAM and ROM chips also reportedly caused Nintendo to only permit 25% of publishers' requests for cartridges. This was an average figure, with some publishers receiving much higher amounts and others almost none. GameSpy noted that Nintendo's ""iron-clad terms"" made the company many enemies during the 1980s. Some developers tried to circumvent the five game limit by creating additional company brands like Konami's Ultra Games label; others tried circumventing the 10NES chip.",When did Sega finally permit third-party publishing?,"""factual"""
"The most important document in the United States, which establishes the boundaries for all other laws, is the United States Constitution.",factual,"The law of the United States comprises many levels of codified and uncodified forms of law, of which the most important is the United States Constitution, the foundation of the federal government of the United States. The Constitution sets out the boundaries of federal law, which consists of acts of Congress, treaties ratified by the Senate, regulations promulgated by the executive branch, and case law originating from the federal judiciary. The United States Code is the official compilation and codification of general and permanent federal statutory law.","What is the most important document in the US, setting the boundries for all other laws?","""factual"""
"The modern group working to achieve nation status for Galicia is the Bloque Nacionalista Galego (BNG), a coalition of left-wing parties and individuals advocating for Galician political recognition as a nation.",factual,"As part of the transition to democracy upon the death of Franco in 1975, Galicia regained its status as an autonomous region within Spain with the Statute of Autonomy of 1981, which begins, ""Galicia, historical nationality, is constituted as an Autonomous Community to access to its self-government, in agreement with the Spanish Constitution and with the present Statute (...)"". Varying degrees of nationalist or independentist sentiment are evident at the political level. The Bloque Nacionalista Galego or BNG, is a conglomerate of left-wing parties and individuals that claims Galician political status as a nation.",Which modern group now works to attain Galicia status as a nation?,"""factual"""
The UBDA's actions were a result of the tension between Yugoslavia and the Soviet Union.,factual,"One significant consequence of the tension arising between Yugoslavia and Soviet Union, was that Tito fought Yugoslav Stalinists with Stalin's methods. In other words, Aleksandar Ranković and the State Security Service (UBDA) employed the same inhumane methods against their opponents as Stalin did in the Soviet Union against his. Not every person accused of a political crime was convicted and nobody was sentenced to death for his or her pro-Soviet feelings. However this repression, which lasted until 1956, was marked by significant violations of human rights.",The work of the UBDA was due to tension between Yugoslavia and what country?,"""factual"""
1 May 2004,contradiction,"The first ground attack came at the Battle of Umm Qasr on 21 March 2003 when a combined force of British, American and Polish forces seized control of the port city of Umm Qasr. Baghdad, Iraq's capital city, fell to American forces in April 2003 and Saddam Hussein's government quickly dissolved. On 1 May 2003, Bush announced that major combat operations in Iraq had ended. However, an insurgency arose against the U.S.-led coalition and the newly developing Iraqi military and post-Saddam government. The insurgency, which included al-Qaeda affiliated groups, led to far more coalition casualties than the invasion. Other elements of the insurgency were led by fugitive members of President Hussein's Ba'ath regime, which included Iraqi nationalists and pan-Arabists. Many insurgency leaders are Islamists and claim to be fighting a religious war to reestablish the Islamic Caliphate of centuries past. Iraq's former president, Saddam Hussein was captured by U.S. forces in December 2003. He was executed in 2006.",When did Bush say 'major combat operations' were complete in Iraq?,contradiction
The majority of the mosaics in Venice were created by local artists from the 12th-13th centuries.,factual,"In parts of Italy, which were under eastern artistic influences, like Sicily and Venice, mosaic making never went out of fashion in the Middle Ages. The whole interior of the St Mark's Basilica in Venice is clad with elaborate, golden mosaics. The oldest scenes were executed by Greek masters in the late 11th century but the majority of the mosaics are works of local artists from the 12th–13th centuries. The decoration of the church was finished only in the 16th century. One hundred and ten scenes of mosaics in the atrium of St Mark's were based directly on the miniatures of the Cotton Genesis, a Byzantine manuscript that was brought to Venice after the sack of Constantinople (1204). The mosaics were executed in the 1220s.",The majority of the mosaics in Venice were created by who?,"""factual"""
The mudbrick table in the temple was used for offering animal and vegetable sacrifices.,factual,"Ziggurats (Sumerian temples) each had an individual name and consisted of a forecourt, with a central pond for purification. The temple itself had a central nave with aisles along either side. Flanking the aisles would be rooms for the priests. At one end would stand the podium and a mudbrick table for animal and vegetable sacrifices. Granaries and storehouses were usually located near the temples. After a time the Sumerians began to place the temples on top of multi-layered square constructions built as a series of rising terraces, giving rise to the Ziggurat style.",What was the mudbrick table in the temple for?,"""factual"""
The person who lived at 327 East 17th Street was a composer.,factual,"On 17th Street (40°44′08″N 73°59′12″W﻿ / ﻿40.735532°N 73.986575°W﻿ / 40.735532; -73.986575), traffic runs one way along the street, from east to west excepting the stretch between Broadway and Park Avenue South, where traffic runs in both directions. It forms the northern borders of both Union Square (between Broadway and Park Avenue South) and Stuyvesant Square. Composer Antonín Dvořák's New York home was located at 327 East 17th Street, near Perlman Place. The house was razed by Beth Israel Medical Center after it received approval of a 1991 application to demolish the house and replace it with an AIDS hospice. Time Magazine was started at 141 East 17th Street.",What was the job of the person who lived at 327 East 17th Street?,"""factual"""
a hurricane,contradiction,"On August 31, 1886, Charleston was nearly destroyed by an earthquake. The shock was estimated to have a moment magnitude of 7.0 and a maximum Mercalli intensity of X (Extreme). It was felt as far away as Boston to the north, Chicago and Milwaukee to the northwest, as far west as New Orleans, as far south as Cuba, and as far east as Bermuda. It damaged 2,000 buildings in Charleston and caused $6 million worth of damage ($133 million in 2006 dollars), at a time when all the city's buildings were valued around $24 million ($531 million in 2006 dollars).",What nearly destroyed Charleston in 1886?,contradiction
Gram-positive bacteria possess a thick cell wall composed of numerous layers of peptidoglycan and teichoic acids.,factual,"Gram-positive bacteria possess a thick cell wall containing many layers of peptidoglycan and teichoic acids. In contrast, gram-negative bacteria have a relatively thin cell wall consisting of a few layers of peptidoglycan surrounded by a second lipid membrane containing lipopolysaccharides and lipoproteins. Lipopolysaccharides, also called endotoxins, are composed of polysaccharides and lipid A that is responsible for much of the toxicity of gram-negative bacteria. Most bacteria have the gram-negative cell wall, and only the Firmicutes and Actinobacteria have the alternative gram-positive arrangement. These two groups were previously known as the low G+C and high G+C Gram-positive bacteria, respectively. These differences in structure can produce differences in antibiotic susceptibility; for instance, vancomycin can kill only gram-positive bacteria and is ineffective against gram-negative pathogens, such as Haemophilus influenzae or Pseudomonas aeruginosa. If the bacterial cell wall is entirely removed, it is called a protoplast, whereas if it is partially removed, it is called a spheroplast. β-Lactam antibiotics, such as penicillin, inhibit the formation of peptidoglycan cross-links in the bacterial cell wall. The enzyme lysozyme, found in human tears, also digests the cell wall of bacteria and is the body's main defense against eye infections.",What does gram-positive bacteria have?,"""factual"""
Slapstick and puns,contradiction,"Writing about Lee's style and use of humor in a tragic story, scholar Jacqueline Tavernier-Courbin states: ""Laughter ... [exposes] the gangrene under the beautiful surface but also by demeaning it; one can hardly ... be controlled by what one is able to laugh at."" Scout's precocious observations about her neighbors and behavior inspire National Endowment of the Arts director David Kipen to call her ""hysterically funny"". To address complex issues, however, Tavernier-Courbin notes that Lee uses parody, satire, and irony effectively by using a child's perspective. After Dill promises to marry her, then spends too much time with Jem, Scout reasons the best way to get him to pay attention to her is to beat him up, which she does several times. Scout's first day in school is a satirical treatment of education; her teacher says she must undo the damage Atticus has wrought in teaching her to read and write, and forbids Atticus from teaching her further. Lee treats the most unfunny situations with irony, however, as Jem and Scout try to understand how Maycomb embraces racism and still tries sincerely to remain a decent society. Satire and irony are used to such an extent that Tavernier-Courbin suggests one interpretation for the book's title: Lee is doing the mocking—of education, the justice system, and her own society by using them as subjects of her humorous disapproval.",What two forms of humor are most found in To Kill a Mockingbird?,irrelevant
"In Singapore, the variant of Hokkien contains a substantial number of loanwords from Malay.",factual,"The Amoy dialect (Xiamen) is a hybrid of the Quanzhou and Zhangzhou dialects. Taiwanese is also a hybrid of these two dialects. Taiwanese in northern Taiwan tends to be based on the Quanzhou variety, whereas the Taiwanese spoken in southern Taiwan tends to be based on Zhangzhou speech. There are minor variations in pronunciation and vocabulary between Quanzhou and Zhangzhou dialects. The grammar is generally the same. Additionally, extensive contact with the Japanese language has left a legacy of Japanese loanwords in Taiwanese Hokkien. On the other hand, the variants spoken in Singapore and Malaysia have a substantial number of loanwords from Malay and to a lesser extent, from English and other Chinese varieties, such as the closely related Teochew and some Cantonese.","In Singapore, the varient of Hokkien has a significant amount of loanwords from where?","""factual"""
The visiting king came from Borneo.,factual,"As the center of the empire, early-Ming Nanjing had worldwide connections. It was home of the admiral Zheng He, who went to sail the Pacific and Indian Oceans, and it was visited by foreign dignitaries, such as a king from Borneo (Boni 渤泥), who died during his visit to China in 1408. The Tomb of the King of Boni, with a spirit way and a tortoise stele, was discovered in Yuhuatai District (south of the walled city) in 1958, and has been restored.",What country did this visiting king come from?,"""factual"""
The junior collection of House of Deréon is called Deréon.,factual,"Beyoncé and her mother introduced House of Deréon, a contemporary women's fashion line, in 2005. The concept is inspired by three generations of women in their family, the name paying tribute to Beyoncé's grandmother, Agnèz Deréon, a respected seamstress. According to Tina, the overall style of the line best reflects her and Beyoncé's taste and style. Beyoncé and her mother founded their family's company Beyond Productions, which provides the licensing and brand management for House of Deréon, and its junior collection, Deréon. House of Deréon pieces were exhibited in Destiny's Child's shows and tours, during their Destiny Fulfilled era. The collection features sportswear, denim offerings with fur, outerwear and accessories that include handbags and footwear, and are available at department and specialty stores across the US and Canada.",What is the name of the House of Deréon junior collection?,"""factual"""
Mabel's father relocated to Washington D.C. in the year 1880.,factual,"The Bell family home was in Cambridge, Massachusetts, until 1880 when Bell's father-in-law bought a house in Washington, D.C., and later in 1882 bought a home in the same city for Bell's family, so that they could be with him while he attended to the numerous court cases involving patent disputes.",In what year did Mabel's father move to Washington D.C.?,contradiction
The stage of insect growth that bores holes into trees is the larval stage.,factual,"It is remarkable that the inner heartwood of old trees remains as sound as it usually does, since in many cases it is hundreds, and in a few instances thousands, of years old. Every broken limb or root, or deep wound from fire, insects, or falling timber, may afford an entrance for decay, which, once started, may penetrate to all parts of the trunk. The larvae of many insects bore into the trees and their tunnels remain indefinitely as sources of weakness. Whatever advantages, however, that sapwood may have in this connection are due solely to its relative age and position.",What growth stage of insects bore holes into trees?,"""factual"""
Interstage coupling capacitors are used to carry a varying signal from the conductive plate of one tube to the grid circuit of the next stage in vacuum tube circuits.,factual,"Leakage is equivalent to a resistor in parallel with the capacitor. Constant exposure to heat can cause dielectric breakdown and excessive leakage, a problem often seen in older vacuum tube circuits, particularly where oiled paper and foil capacitors were used. In many vacuum tube circuits, interstage coupling capacitors are used to conduct a varying signal from the plate of one tube to the grid circuit of the next stage. A leaky capacitor can cause the grid circuit voltage to be raised from its normal bias setting, causing excessive current or signal distortion in the downstream tube. In power amplifiers this can cause the plates to glow red, or current limiting resistors to overheat, even fail. Similar considerations apply to component fabricated solid-state (transistor) amplifiers, but owing to lower heat production and the use of modern polyester dielectric barriers this once-common problem has become relatively rare.",What sort of capacitors are used to carry a varying signal from the conductive plate of one tube to the grid circuit of the next stage?,"""factual"""
The Indian kings successfully contained the Arab expansion within the Sindh region of present-day Pakistan.,factual,"In 712, Arab Muslim general Muhammad bin Qasim conquered most of the Indus region in modern-day Pakistan for the Umayyad Empire, incorporating it as the ""As-Sindh"" province with its capital at Al-Mansurah, 72 km (45 mi) north of modern Hyderabad in Sindh, Pakistan. After several incursions, the Hindu kings east of Indus defeated the Arabs at the Battle of Rajasthan, halting their expansion and containing them at Sindh in Pakistan. The south Indian Chalukya empire under Vikramaditya II, Nagabhata I of the Pratihara dynasty and Bappa Rawal of the Guhilot dynasty repulsed the Arab invaders in the early 8th century.",In what area did the Indian Kings contain the Arabs?,"""factual"""
"During the Eocene epoch in Europe, it was the Tethys Sea that ultimately ceased to exist.",factual,"The northern supercontinent of Laurasia began to break up, as Europe, Greenland and North America drifted apart. In western North America, mountain building started in the Eocene, and huge lakes formed in the high flat basins among uplifts. In Europe, the Tethys Sea finally vanished, while the uplift of the Alps isolated its final remnant, the Mediterranean, and created another shallow sea with island archipelagos to the north. Though the North Atlantic was opening, a land connection appears to have remained between North America and Europe since the faunas of the two regions are very similar. India continued its journey away from Africa and began its collision with Asia, creating the Himalayan orogeny.","In the Eocene, in Europe, which sea ceased to be?","""factual"""
"Vavilov wrote about the history of economic plants, including their biogeography, centers of origin, and evolutionary history.",factual,"The discipline of plant ecology was pioneered in the late 19th century by botanists such as Eugenius Warming, who produced the hypothesis that plants form communities, and his mentor and successor Christen C. Raunkiær whose system for describing plant life forms is still in use today. The concept that the composition of plant communities such as temperate broadleaf forest changes by a process of ecological succession was developed by Henry Chandler Cowles, Arthur Tansley and Frederic Clements. Clements is credited with the idea of climax vegetation as the most complex vegetation that an environment can support and Tansley introduced the concept of ecosystems to biology. Building on the extensive earlier work of Alphonse de Candolle, Nikolai Vavilov (1887–1943) produced accounts of the biogeography, centres of origin, and evolutionary history of economic plants.",What history did Vavilov write about?,"""factual"""
"After antenna tuning, what remains is a resistive impedance at the antenna terminals.",factual,"Antenna tuning generally refers to cancellation of any reactance seen at the antenna terminals, leaving only a resistive impedance which might or might not be exactly the desired impedance (that of the transmission line). Although an antenna may be designed to have a purely resistive feedpoint impedance (such as a dipole 97% of a half wavelength long) this might not be exactly true at the frequency that it is eventually used at. In some cases the physical length of the antenna can be ""trimmed"" to obtain a pure resistance. On the other hand, the addition of a series inductance or parallel capacitance can be used to cancel a residual capacitative or inductive reactance, respectively.",What is left after antenna tuning?,"""factual"""
Many hip hop and R&B artists incorporate house music into their productions in order to broaden the appeal of their music and reach a wider audience.,factual,"In addition to these popular examples of house, there has also been a reunification of contemporary house and its roots. Many hip hop and R&B artists also turn to house music to add a mass appeal to the music they produce.",Why do many hip hop and R&B artists turn to house music?,"""factual"""
nonsense,contradiction,"The term also has closely related synonyms that are employed throughout the Quran. Each synonym possesses its own distinct meaning, but its use may converge with that of qurʼān in certain contexts. Such terms include kitāb (book); āyah (sign); and sūrah (scripture). The latter two terms also denote units of revelation. In the large majority of contexts, usually with a definite article (al-), the word is referred to as the ""revelation"" (waḥy), that which has been ""sent down"" (tanzīl) at intervals. Other related words are: dhikr (remembrance), used to refer to the Quran in the sense of a reminder and warning, and ḥikmah (wisdom), sometimes referring to the revelation or part of it.",What meaning does the Quran take when it calls itself hikmah?,contradiction
"In the first four days after it was posted online, Professor Stefan Grimm's email was viewed over 100,000 times.",factual,"In September 2014, Professor Stefan Grimm, of the Department of Medicine, was found dead after being threatened with dismissal for failure to raise enough grant money. The College made its first public announcement of his death on 4 December 2014. Grimm's last email accused his employers of bullying by demanding that he should get grants worth at least £200,000 per year. His last email was viewed more than 100,000 times in the first four days after it was posted. The College has announced an internal inquiry into Stefan Grimm's death. The inquest on his death has not yet reported.",How many times was Professor Stefan Grimm's email viewed in the first four days after it was posted online?,"""factual"""
"The sense of solidarity among the tribes was derived from their members being related by blood or marriage, and theoretically descending from a common ancestor.",factual,"The tribes were ruled by clans (ród) consisting of people related by blood or marriage and theoretically descending from a common ancestor, giving the ród/clan a highly developed sense of solidarity. (See gens.) The starosta (or starszyna) had judicial and military power over the ród/clan, although this power was often exercised with an assembly of elders. Strongholds called grόd were built where the religious cult was powerful, where trials were conducted, and where clans gathered in the face of danger. The opole was the territory occupied by a single tribe. (Manteuffel 1982, p. 44)",What gave them a sense of solidarity? ,"""factual"""
"John derived income from various sources, including fines, court fees, and the sale of charters and other privileges.",factual,"One of John's principal challenges was acquiring the large sums of money needed for his proposed campaigns to reclaim Normandy. The Angevin kings had three main sources of income available to them, namely revenue from their personal lands, or demesne; money raised through their rights as a feudal lord; and revenue from taxation. Revenue from the royal demesne was inflexible and had been diminishing slowly since the Norman conquest. Matters were not helped by Richard's sale of many royal properties in 1189, and taxation played a much smaller role in royal income than in later centuries. English kings had widespread feudal rights which could be used to generate income, including the scutage system, in which feudal military service was avoided by a cash payment to the king. He derived income from fines, court fees and the sale of charters and other privileges. John intensified his efforts to maximise all possible sources of income, to the extent that he has been described as ""avaricious, miserly, extortionate and moneyminded"". John also used revenue generation as a way of exerting political control over the barons: debts owed to the crown by the king's favoured supporters might be forgiven; collection of those owed by enemies was more stringently enforced.",Where did John derive income from?,"""factual"""
New York City's highest point is located on Staten Island.,factual,"The city's total area is 468.9 square miles (1,214 km2). 164.1 sq mi (425 km2) of this is water and 304.8 sq mi (789 km2) is land. The highest point in the city is Todt Hill on Staten Island, which, at 409.8 feet (124.9 m) above sea level, is the highest point on the Eastern Seaboard south of Maine. The summit of the ridge is mostly covered in woodlands as part of the Staten Island Greenbelt.",On what island is New York City's highest point located?,"""factual"""
"The Dawlish sea wall was damaged on the 4th of February, 2014.",factual,"The Exeter to Plymouth railway of the LSWR needs to be reopened to connect Cornwall and Plymouth to the rest of the UK railway system on an all weather basis. There are proposals to reopen the line from Tavistock to Bere Alston for a through service to Plymouth. On the night of 4 February 2014, amid high winds and extremely rough seas, part of the sea wall at Dawlish was breached washing away around 40 metres (130 ft) of the wall and the ballast under the railway immediately behind. The line was closed. Network Rail began repair work  and the line reopened on 4 April 2014. In the wake of widespread disruption caused by damage to the mainline track at Dawlish by coastal storms in February 2014, Network Rail are considering reopening the Tavistock to Okehampton and Exeter section of the line as an alternative to the coastal route.",On what date was the Dawlish sea wall damaged?,"""factual"""
The ecosystem in the alpine region is particularly sensitive to climate change.,factual,"Switzerland's ecosystems can be particularly fragile, because the many delicate valleys separated by high mountains often form unique ecologies. The mountainous regions themselves are also vulnerable, with a rich range of plants not found at other altitudes, and experience some pressure from visitors and grazing. The climatic, geological and topographical conditions of the alpine region make for a very fragile ecosystem that is particularly sensitive to climate change. Nevertheless, according to the 2014 Environmental Performance Index, Switzerland ranks first among 132 nations in safeguarding the environment, due to its high scores on environmental public health, its heavy reliance on renewable sources of energy (hydropower and geothermal energy), and its control of greenhouse gas emissions.",What is the ecosystem in the alpine region particularly sensitive to?,"""factual"""
"The common External Power Supply for smartphones sold in the EU was defined by the European Standardisation Bodies, which include CEN, CENELEC, and ETSI.",factual,"The European Standardisation Bodies CEN, CENELEC and ETSI (independent of the OMTP/GSMA proposal) defined a common External Power Supply (EPS) for use with smartphones sold in the EU based on micro-USB. 14 of the world's largest mobile phone manufacturers signed the EU's common EPS Memorandum of Understanding (MoU). Apple, one of the original MoU signers, makes micro-USB adapters available – as permitted in the Common EPS MoU – for its iPhones equipped with Apple's proprietary 30-pin dock connector or (later) Lightning connector.",Who defined a common External Power Supply for use with smartphones sold?,"""factual"""
Tuvalu is designated as a least developed country (LDC) by the United Nations.,factual,"The United Nations designates Tuvalu as a least developed country (LDC) because of its limited potential for economic development, absence of exploitable resources and its small size and vulnerability to external economic and environmental shocks. Tuvalu participates in the Enhanced Integrated Framework for Trade-Related Technical Assistance to Least Developed Countries (EIF), which was established in October 1997 under the auspices of the World Trade Organisation. In 2013 Tuvalu deferred its graduation from least developed country (LDC) status to a developing country to 2015. Prime Minister Enele Sopoaga said that this deferral was necessary to maintain access by Tuvalu to the funds provided by the United Nations's National Adaptation Programme of Action (NAPA), as ""Once Tuvalu graduates to a developed country, it will not be considered for funding assistance for climate change adaptation programmes like NAPA, which only goes to LDCs"". Tuvalu had met targets so that Tuvalu was to graduate from LDC status. Prime minister, Enele Sopoaga wants the United Nations to reconsider its criteria for graduation from LDC status as not enough weight is given to the environmental plight of small island states like Tuvalu in the application of the Environmental Vulnerability Index (EVI).",What is the UN developmental designation for Tuvalu?,"""factual"""
There are 24 independent schools in Lancashire.,factual,"Lancashire has a mostly comprehensive system with four state grammar schools. Not including sixth form colleges, there are 77 state schools (not including Burnley's new schools) and 24 independent schools. The Clitheroe area has secondary modern schools. Sixth form provision is limited at most schools in most districts, with only Fylde and Lancaster districts having mostly sixth forms at schools. The rest depend on FE colleges and sixth form colleges, where they exist. South Ribble has the largest school population and Fylde the smallest (only three schools). Burnley's schools have had a new broom and have essentially been knocked down and started again in 2006. There are many Church of England and Catholic faith schools in Lancashire.",How many independant schools are in Lancashire?,"""factual"""
genocide,contradiction,"On 12 July 2007, European Court of Human Rights when dismissing the appeal by Nikola Jorgić against his conviction for genocide by a German court (Jorgic v. Germany) noted that the German courts wider interpretation of genocide has since been rejected by international courts considering similar cases. The ECHR also noted that in the 21st century ""Amongst scholars, the majority have taken the view that ethnic cleansing, in the way in which it was carried out by the Serb forces in Bosnia and Herzegovina in order to expel Muslims and Croats from their homes, did not constitute genocide. However, there are also a considerable number of scholars who have suggested that these acts did amount to genocide, and the ICTY has found in the Momcilo Krajisnik case that the actus reu, of genocide was met in Prijedor ""With regard to the charge of genocide, the Chamber found that in spite of evidence of acts perpetrated in the municipalities which constituted the actus reus of genocide"".","The ECHR noted that among certain academics, what act carried out by the Serbs agains Bosnian Muslims and Croats did not constitute genocide?",contradiction
"In Indian music, there is no concept of absolute pitch.",factual,"Many adaptations of the instrument have been done to cater to the special needs of Indian Carnatic music. In Indian classical music and Indian light music, the mandolin, which bears little resemblance to the European mandolin, is usually tuned E-B-E-B. As there is no concept of absolute pitch in Indian classical music, any convenient tuning maintaining these relative pitch intervals between the strings can be used. Another prevalent tuning with these intervals is C-G-C-G, which corresponds to Sa-Pa-Sa-Pa in the Indian carnatic classical music style. This tuning corresponds to the way violins are tuned for carnatic classical music. This type of mandolin is also used in Bhangra, dance music popular in Punjabi culture.",There is no concept of what in Indian music? ,"""factual"""
"The three segments of 122nd Street are noncontiguous, as they are separated by Marcus Garvey Memorial Park and Morningside Park.",factual,"40°48′32″N 73°57′14″W﻿ / ﻿40.8088°N 73.9540°W﻿ / 40.8088; -73.9540 122nd Street is divided into three noncontiguous segments, E 122nd Street, W 122nd Street, and W 122nd Street Seminary Row, by Marcus Garvey Memorial Park and Morningside Park.",Are 122nd Street's three segments contiguous or noncontiguous?,"""factual"""
"Nils Westergard is a local mural artist in Richmond, along with Hamilton Glass and El Kamino.",factual,"As of 2015 a variety of murals from internationally recognized street artists have appeared throughout the city as a result of the efforts of Art Whino and RVA Magazine with The Richmond Mural Project and the RVA Street Art Festival. Artists who have produced work in the city as a result of these festivals include ROA, Pixel Pancho, Gaia, Aryz, Alexis Diaz, Ever Siempre, Jaz, 2501, Natalia Rak, Pose MSK, Vizie, Jeff Soto, Mark Jenkins, Etam Cru- and local artists Hamilton Glass, Nils Westergard, and El Kamino. Both festivals are expected to continue this year with artists such as Ron English slated to produce work.","Along with Hamilton Glass and El Kamino, who is a mural artist local to Richmond?","""factual"""
by consuming organic matter from the surrounding environment,contradiction,"There are typically 40 million bacterial cells in a gram of soil and a million bacterial cells in a millilitre of fresh water. There are approximately 5×1030 bacteria on Earth, forming a biomass which exceeds that of all plants and animals. Bacteria are vital in recycling nutrients, with many of the stages in nutrient cycles dependent on these organisms, such as the fixation of nitrogen from the atmosphere and putrefaction. In the biological communities surrounding hydrothermal vents and cold seeps, bacteria provide the nutrients needed to sustain life by converting dissolved compounds, such as hydrogen sulphide and methane, to energy. On 17 March 2013, researchers reported data that suggested bacterial life forms thrive in the Mariana Trench, which with a depth of up to 11 kilometres is the deepest part of the Earth's oceans. Other researchers reported related studies that microbes thrive inside rocks up to 580 metres below the sea floor under 2.6 kilometres of ocean off the coast of the northwestern United States. According to one of the researchers, ""You can find microbes everywhere — they're extremely adaptable to conditions, and survive wherever they are.""",How does bacteria help to sustain life in hydrothermal vents and cold seeps?,"""factual"""
"As the state capital, Boston plays a significant role in the politics of Massachusetts.",factual,"In addition to city government, numerous commissions and state authorities—including the Massachusetts Department of Conservation and Recreation, the Boston Public Health Commission, the Massachusetts Water Resources Authority (MWRA), and the Massachusetts Port Authority (Massport)—play a role in the life of Bostonians. As the capital of Massachusetts, Boston plays a major role in state politics.","As the state capital, Boston plays a large role in what?","""factual"""
Sure South Atlantic Ltd provides television services to the island.,factual,"Sure South Atlantic Ltd (""Sure"") offers television for the island via 17 analogue terrestrial UHF channels, offering a mix of British, US, and South African programming. The channels are from DSTV and include Mnet, SuperSport and BBC channels. The feed signal, from MultiChoice DStv in South Africa, is received by a satellite dish at Bryant's Beacon from Intelsat 7 in the Ku band.",What does Sure South Atlantic LTD offer?,"""factual"""
Government regulation is more universal for Registered Dietitian Nutritionists (RDNs) compared to other nutrition professionals like Certified Clinical Nutritionists (CCNs) or Certified Nutrition Specialists (CNSs).,factual,"Registered dietitian nutritionists (RDs or RDNs) are health professionals qualified to provide safe, evidence-based dietary advice which includes a review of what is eaten, a thorough review of nutritional health, and a personalized nutritional treatment plan. They also provide preventive and therapeutic programs at work places, schools and similar institutions. Certified Clinical Nutritionists or CCNs, are trained health professionals who also offer dietary advice on the role of nutrition in chronic disease, including possible prevention or remediation by addressing nutritional deficiencies before resorting to drugs. Government regulation especially in terms of licensing, is currently less universal for the CCN than that of RD or RDN. Another advanced Nutrition Professional is a Certified Nutrition Specialist or CNS. These Board Certified Nutritionists typically specialize in obesity and chronic disease. In order to become board certified, potential CNS candidate must pass an examination, much like Registered Dieticians. This exam covers specific domains within the health sphere including; Clinical Intervention and Human Health.",For which health professional is Governmental regulation more universal?,"""factual"""
Andreas Alciatus was the individual who incorporated a humanist perspective into the Corpus Juris.,factual,"Early Modern universities initially continued the curriculum and research of the Middle Ages: natural philosophy, logic, medicine, theology, mathematics, astronomy (and astrology), law, grammar and rhetoric. Aristotle was prevalent throughout the curriculum, while medicine also depended on Galen and Arabic scholarship. The importance of humanism for changing this state-of-affairs cannot be underestimated. Once humanist professors joined the university faculty, they began to transform the study of grammar and rhetoric through the studia humanitatis. Humanist professors focused on the ability of students to write and speak with distinction, to translate and interpret classical texts, and to live honorable lives. Other scholars within the university were affected by the humanist approaches to learning and their linguistic expertise in relation to ancient texts, as well as the ideology that advocated the ultimate importance of those texts. Professors of medicine such as Niccolò Leoniceno, Thomas Linacre and William Cop were often trained in and taught from a humanist perspective as well as translated important ancient medical texts. The critical mindset imparted by humanism was imperative for changes in universities and scholarship. For instance, Andreas Vesalius was educated in a humanist fashion before producing a translation of Galen, whose ideas he verified through his own dissections. In law, Andreas Alciatus infused the Corpus Juris with a humanist perspective, while Jacques Cujas humanist writings were paramount to his reputation as a jurist. Philipp Melanchthon cited the works of Erasmus as a highly influential guide for connecting theology back to original texts, which was important for the reform at Protestant universities. Galileo Galilei, who taught at the Universities of Pisa and Padua, and Martin Luther, who taught at the University of Wittenberg (as did Melanchthon), also had humanist training. The task of the humanists was to slowly permeate the university; to increase the humanist presence in professorships and chairs, syllabi and textbooks so that published works would demonstrate the humanistic ideal of science and scholarship.",Which individual added a humanist view into the Corpus Juris?,"""factual"""
An ivory painter's palette was discovered inside King Tutankhamun's tomb.,factual,"But, like many colors, it also had a negative association, with heat, destruction and evil. A prayer to god Isis said: ""Oh Isis, protect me from all things evil and red."" The ancient Egyptians began manufacturing pigments in about 4000 BC. Red ochre was widely used as a pigment for wall paintings, particularly as the skin color of men. An ivory painter's palette found inside the tomb of King Tutankhamun had small compartments with pigments of red ochre and five other colors. The Egyptians used the root of the rubia, or madder plant, to make a dye, later known as alizarin, and also used it to color white power to use as a pigment, which became known as madder lake, alizarin or alizarin crimson.",What type of palette was found in Tutankhamun's tomb?,"""factual"""
Umm Kulthum and Abdel Hafez were singers.,factual,"Nasser's street following was still too small to sustain his plans for reform and to secure him in office. To promote himself and the Liberation Rally, he gave speeches in a cross-country tour, and imposed controls over the country's press by decreeing that all publications had to be approved by the party to prevent ""sedition"". Both Umm Kulthum and Abdel Halim Hafez, the leading Arab singers of the era, performed songs praising Nasser's nationalism. Others produced plays denigrating his political opponents. According to his associates, Nasser orchestrated the campaign himself. Arab nationalist terms such ""Arab homeland"" and ""Arab nation"" frequently began appearing in his speeches in 1954–55, whereas prior he would refer to the Arab ""peoples"" or the ""Arab region"". In January 1955, the RCC appointed him as their president, pending national elections.",Who were Umm Kulthum and Abdel Hafez?,"""factual"""
Computers with multiple ALUs are referred to as superscalar computers.,factual,"Superscalar computers may contain multiple ALUs, allowing them to process several instructions simultaneously. Graphics processors and computers with SIMD and MIMD features often contain ALUs that can perform arithmetic on vectors and matrices.",Computers that have multiple ALUs are called what?,"""factual"""
Provocatio was the primordial form of due process that served as a precursor to our modern-day habeas corpus.,factual,"One check on a magistrate's power was his collegiality. Each magisterial office would be held concurrently by at least two people. Another such check was provocatio. Provocatio was a primordial form of due process. It was a precursor to habeas corpus. If any magistrate tried to use the powers of the state against a citizen, that citizen could appeal the decision of the magistrate to a tribune. In addition, once a magistrate's one-year term of office expired, he would have to wait ten years before serving in that office again. This created problems for some consuls and praetors, and these magistrates would occasionally have their imperium extended. In effect, they would retain the powers of the office (as a promagistrate), without officially holding that office.",What form of due process was a harbinger of our vary own habeas corpus?,"""factual"""
"At this time, the Catholic Church was widespread across Europe.",factual,"The Catholic Church prevailed across Europe at this time, influencing not only faith but also wealth and power. Bishops were appointed by the feudal lords (kings, dukes and other landowners) and they often ruled as virtual princes over large estates. The early Medieval periods had seen a rapid growth in monasticism, with several different orders being prevalent and spreading their influence widely. Foremost were the Benedictines whose great abbey churches vastly outnumbered any others in France and England. A part of their influence was that towns developed around them and they became centers of culture, learning and commerce. The Cluniac and Cistercian Orders were prevalent in France, the great monastery at Cluny having established a formula for a well planned monastic site which was then to influence all subsequent monastic building for many centuries.",What church was widespread across Europe at this time?,"""factual"""
The French military port that opened on 5 August 1858 was Cherbourg.,factual,"On 14 January 1858, an Italian refugee from Britain called Orsini attempted to assassinate Napoleon III with a bomb made in England. The ensuing diplomatic crisis destabilised the government, and Palmerston resigned. Derby was reinstated as prime minister. Victoria and Albert attended the opening of a new basin at the French military port of Cherbourg on 5 August 1858, in an attempt by Napoleon III to reassure Britain that his military preparations were directed elsewhere. On her return Victoria wrote to Derby reprimanding him for the poor state of the Royal Navy in comparison to the French one. Derby's ministry did not last long, and in June 1859 Victoria recalled Palmerston to office.",What was the name of the French military port that opened on 5 August 1858?,"""factual"""
The term that means 'little eyes' is ocelli.,factual,"The sensors are primarily single cells that detect light, chemicals, pressure waves and contact, and are present on the head, appendages (if any) and other parts of the body. Nuchal (""on the neck"") organs are paired, ciliated structures found only in polychaetes, and are thought to be chemosensors. Some polychaetes also have various combinations of ocelli (""little eyes"") that detect the direction from which light is coming and camera eyes or compound eyes that can probably form images. The compound eyes probably evolved independently of arthropods' eyes. Some tube-worms use ocelli widely spread over their bodies to detect the shadows of fish, so that they can quickly withdraw into their tubes. Some burrowing and tube-dwelling polychaetes have statocysts (tilt and balance sensors) that tell them which way is down. A few polychaete genera have on the undersides of their heads palps that are used both in feeding and as ""feelers"", and some of these also have antennae that are structurally similar but probably are used mainly as ""feelers"".",What term means 'little eyes'?,"""factual"""
George H. W. Bush characterized Harvard's reputation as being associated with liberalism and elitism.,factual,"During the 1988 presidential election, George H. W. Bush (Yale '48) derided Michael Dukakis for having ""foreign-policy views born in Harvard Yard's boutique"". When challenged on the distinction between Dukakis's Harvard connection and his own Yale background, he said that, unlike Harvard, Yale's reputation was ""so diffuse, there isn't a symbol, I don't think, in the Yale situation, any symbolism in it"" and said Yale did not share Harvard's reputation for ""liberalism and elitism"". In 2004 Howard Dean stated, ""In some ways, I consider myself separate from the other three (Yale) candidates of 2004. Yale changed so much between the class of '68 and the class of '71. My class was the first class to have women in it; it was the first class to have a significant effort to recruit African Americans. It was an extraordinary time, and in that span of time is the change of an entire generation"".",How did George H. W. Bush describe Harvard's reputation?,contradiction
"The United States did not want to repeat the error of appeasement, which had been made in response to Adolf Hitler's aggressions in the 1930s.",factual,"On Saturday, 24 June 1950, U.S. Secretary of State Dean Acheson informed President Truman that the North Koreans had invaded South Korea. Truman and Acheson discussed a U.S. invasion response and agreed that the United States was obligated to act, paralleling the North Korean invasion with Adolf Hitler's aggressions in the 1930s, with the conclusion being that the mistake of appeasement must not be repeated. Several U.S. industries were mobilized to supply materials, labor, capital, production facilities, and other services necessary to support the military objectives of the Korean War. However, President Truman later acknowledged that he believed fighting the invasion was essential to the American goal of the global containment of communism as outlined in the National Security Council Report 68 (NSC-68) (declassified in 1975):",What did the US not want to see repeated?,"""factual"""
William C. Cramer is credited with establishing a new Republican Party in Florida by appealing to local white conservatives and individuals relocating from northern and midwestern states.,factual,"The first post-Reconstruction era Republican elected to Congress from Florida was William C. Cramer in 1954 from Pinellas County on the Gulf Coast, where demographic changes were underway. In this period, African Americans were still disenfranchised by the state's constitution and discriminatory practices; in the 19th century they had made up most of the Republican Party. Cramer built a different Republican Party in Florida, attracting local white conservatives and transplants from northern and midwestern states. In 1966 Claude R. Kirk, Jr. was elected as the first post-Reconstruction Republican governor, in an upset election. In 1968 Edward J. Gurney, also a white conservative, was elected as the state's first post-reconstruction Republican US Senator. In 1970 Democrats took the governorship and the open US Senate seat, and maintained dominance for years.",What is Cramer credited for ,"""factual"""
"In France, Turkey red was known as rouge d'Adrinople.",irrelevant,"Zinc is an essential mineral perceived by the public today as being of ""exceptional biologic and public health importance"", especially regarding prenatal and postnatal development. Zinc deficiency affects about two billion people in the developing world and is associated with many diseases. In children it causes growth retardation, delayed sexual maturation, infection susceptibility, and diarrhea. Enzymes with a zinc atom in the reactive center are widespread in biochemistry, such as alcohol dehydrogenase in humans. Consumption of excess zinc can cause ataxia, lethargy and copper deficiency.",What is extremely important to prenatal and postnatal development?,irrelevant
The quality of a partial vacuum is determined by how closely it resembles a perfect vacuum.,factual,"The quality of a partial vacuum refers to how closely it approaches a perfect vacuum. Other things equal, lower gas pressure means higher-quality vacuum. For example, a typical vacuum cleaner produces enough suction to reduce air pressure by around 20%. Much higher-quality vacuums are possible. Ultra-high vacuum chambers, common in chemistry, physics, and engineering, operate below one trillionth (10−12) of atmospheric pressure (100 nPa), and can reach around 100 particles/cm3. Outer space is an even higher-quality vacuum, with the equivalent of just a few hydrogen atoms per cubic meter on average. According to modern understanding, even if all matter could be removed from a volume, it would still not be ""empty"" due to vacuum fluctuations, dark energy, transiting gamma rays, cosmic rays, neutrinos, and other phenomena in quantum physics. In the electromagnetism in the 19th century, vacuum was thought to be filled with a medium called aether. In modern particle physics, the vacuum state is considered the ground state of matter.",The quality of a partial vacuum refers to what?,"""factual"""
"The ""Lotte Shopping Avenue"" is situated within the Ciputra World Jakarta complex.",factual,"Parkson enters by acquiring local brand Centro Department Store in 2011. Centro still operates for middle market while the 'Parkson' brand itself, positioned for middle-up segment, enters in 2014 by opening its first store in Medan, followed by its second store in Jakarta. Lotte, meanwhile, enters the market by inking partnership with Ciputra Group, creating what its called 'Lotte Shopping Avenue' inside the Ciputra World Jakarta complex, as well as acquiring Makro and rebranding it into Lotte Mart.","Where is the ""Lotte Shopping Avenue"" located? ","""factual"""
The term for greed or craving is raga.,factual,"Bodhi (Pāli and Sanskrit, in devanagari: बॊधि) is a term applied to the experience of Awakening of arahants. Bodhi literally means ""awakening"", but it is more commonly translated into English as ""enlightenment"". In Early Buddhism, bodhi carried a meaning synonymous to nirvana, using only some different metaphors to describe the experience, which implies the extinction of raga (greed, craving),[web 12] dosa (hate, aversion)[web 13] and moha (delusion).[web 14] In the later school of Mahayana Buddhism, the status of nirvana was downgraded in some scriptures, coming to refer only to the extinction of greed and hate, implying that delusion was still present in one who attained nirvana, and that one needed to attain bodhi to eradicate delusion:",What is the term for greed or craving?,"""factual"""
"Maulana Masood Azhar led the Harkat-ul-Mujahideen, not Fazlur Rehman Khalil.",contradiction,"In a 'Letter to American People' written by Osama bin Laden in 2002, he stated that one of the reasons he was fighting America is because of its support of India on the Kashmir issue. While on a trip to Delhi in 2002, U.S. Secretary of Defense Donald Rumsfeld suggested that Al-Qaeda was active in Kashmir, though he did not have any hard evidence. An investigation in 2002 unearthed evidence that Al-Qaeda and its affiliates were prospering in Pakistan-administered Kashmir with tacit approval of Pakistan's National Intelligence agency Inter-Services Intelligence. A team of Special Air Service and Delta Force was sent into Indian-administered Kashmir in 2002 to hunt for Osama bin Laden after reports that he was being sheltered by the Kashmiri militant group Harkat-ul-Mujahideen. U.S. officials believed that Al-Qaeda was helping organize a campaign of terror in Kashmir in order to provoke conflict between India and Pakistan. Fazlur Rehman Khalil, the leader of the Harkat-ul-Mujahideen, signed al-Qaeda's 1998 declaration of holy war, which called on Muslims to attack all Americans and their allies. Indian sources claimed that In 2006, Al-Qaeda claimed they had established a wing in Kashmir; this worried the Indian government. India also claimed that Al-Qaeda has strong ties with the Kashmir militant groups Lashkar-e-Taiba and Jaish-e-Mohammed in Pakistan. While on a visit to Pakistan in January 2010, U.S. Defense secretary Robert Gates stated that Al-Qaeda was seeking to destabilize the region and planning to provoke a nuclear war between India and Pakistan.",Who led the Harkat-ul-Mujahideen?,contradiction
"In secular architecture, representations of humans are permitted.",factual,"Encompasses both secular and religious styles, the design and style made by Muslims and their construction of buildings and structures in Islamic culture included the architectural types: the Mosque, the Tomb, the Palace and the Fort. Perhaps the most important expression of Islamic art is architecture, particularly that of the mosque. Through Islamic architecture, effects of varying cultures within Islamic civilization can be illustrated. Generally, the use of Islamic geometric patterns and foliage based arabesques were striking. There was also the use of decorative calligraphy instead of pictures which were haram (forbidden) in mosque architecture. Note that in secular architecture, human and animal representation was indeed present.",Where is one permitted to use representations of humans?,contradiction
"Polymorphism refers to species that have different forms, also known as morphs.",factual,"Other developmental and reproductive variations include haplodiploidy, polymorphism, paedomorphosis or peramorphosis, sexual dimorphism, parthenogenesis and more rarely hermaphroditism.:143 In haplodiploidy, which is a type of sex-determination system, the offspring's sex is determined by the number of sets of chromosomes an individual receives. This system is typical in bees and wasps. Polymorphism is where a species may have different morphs or forms, as in the oblong winged katydid, which has four different varieties: green, pink and yellow or tan. Some insects may retain phenotypes that are normally only seen in juveniles; this is called paedomorphosis. In peramorphosis, an opposite sort of phenomenon, insects take on previously unseen traits after they have matured into adults. Many insects display sexual dimorphism, in which males and females have notably different appearances, such as the moth Orgyia recens as an exemplar of sexual dimorphism in insects.",Polymophism species have different forms or what else?,"""factual"""
The youngest age at which children were employed in factories during the Victorian era was four years old.,factual,"The Victorian era in particular became notorious for the conditions under which children were employed. Children as young as four were employed in production factories and mines working long hours in dangerous, often fatal, working conditions. In coal mines, children would crawl through tunnels too narrow and low for adults. Children also worked as errand boys, crossing sweepers, shoe blacks, or selling matches, flowers and other cheap goods. Some children undertook work as apprentices to respectable trades, such as building or as domestic servants (there were over 120,000 domestic servants in London in the mid-18th century). Working hours were long: builders worked 64 hours a week in summer and 52 in winter, while domestic servants worked 80 hour weeks.",What was the youngest age of a child working in a factory?,"""factual"""
"The artist responsible for the artwork titled ""His Entombment"" was Caravaggio.",factual,"The presence of the Virgin Mary under the cross[Jn. 19:26-27] has in itself been the subject of Marian art, and well known Catholic symbolism such as the Miraculous Medal and Pope John Paul II's Coat of Arms bearing a Marian Cross. And a number of Marian devotions also involve the presence of the Virgin Mary in Calvary, e.g., Pope John Paul II stated that ""Mary was united to Jesus on the Cross"". Well known works of Christian art by masters such as Raphael (e.g., the Mond Crucifixion), and Caravaggio (e.g., his Entombment) depict the Virgin Mary as part of the crucifixion scene.","Who was responsible for the art names ""His Entombment""?","""factual"""
"Between 2002 and 2006, property crime saw an increase in San Diego.",factual,"San Diego was ranked as the 20th-safest city in America in 2013 by Business Insider. According to Forbes magazine, San Diego was the ninth-safest city in the top 10 list of safest cities in the U.S. in 2010. Like most major cities, San Diego had a declining crime rate from 1990 to 2000. Crime in San Diego increased in the early 2000s. In 2004, San Diego had the sixth lowest crime rate of any U.S. city with over half a million residents. From 2002 to 2006, the crime rate overall dropped 0.8%, though not evenly by category. While violent crime decreased 12.4% during this period, property crime increased 1.1%. Total property crimes per 100,000 people were lower than the national average in 2008.",What type of crime increased between 2002 and 2006?,"""factual"""
Beyonce has been praised for her songwriting skills and dance moves.,contradiction,"Beyoncé has received praise for her stage presence and voice during live performances. Jarett Wieselman of the New York Post placed her at number one on her list of the Five Best Singer/Dancers. According to Barbara Ellen of The Guardian Beyoncé is the most in-charge female artist she's seen onstage, while Alice Jones of The Independent wrote she ""takes her role as entertainer so seriously she's almost too good."" The ex-President of Def Jam L.A. Reid has described Beyoncé as the greatest entertainer alive. Jim Farber of the Daily News and Stephanie Classen of Star Phoenix both praised her strong voice and her stage presence.",What characteristics has Beyonce received acclaim for?,contradiction
St. John's International Airport is located just 10 minutes northwest of the downtown core.,factual,"St. John's is served by St. John's International Airport (YYT), located 10 minutes northwest of the downtown core. In 2011, roughly 1,400,000 passengers travelled through the airport making it the second busiest airport in Atlantic Canada in passenger volume. Regular destinations include Halifax, Montreal, Ottawa, Toronto, as well as destinations throughout the province. International locations include Dublin, London, New York City, Saint Pierre and Miquelon, Glasgow and Varadero. Scheduled service providers include Air Canada, Air Canada Jazz, Air Saint-Pierre, Air Transat, United Airlines, Porter Airlines, Provincial Airlines, Sunwing Airlines and Westjet.",How far is St. John's International Airport from the downtown core?,"""factual"""
UNFPA is the world's largest funder of programs related to population and reproductive health.,factual,"UNFPA is the world's largest multilateral source of funding for population and reproductive health programs. The Fund works with governments and non-governmental organizations in over 150 countries with the support of the international community, supporting programs that help women, men and young people:",UNFPA is the largest worldwide funder of what type of programs?,"""factual"""
The Dominican Republic provided the most legal immigrants to New York City from the Caribbean region.,factual,"Ecuador, Colombia, Guyana, Peru, and Brazil were the top source countries from South America for legal immigrants to the New York City region in 2013; the Dominican Republic, Jamaica, Haiti, and Trinidad and Tobago in the Caribbean; Egypt, Ghana, and Nigeria from Africa; and El Salvador, Honduras, and Guatemala in Central America. Amidst a resurgence of Puerto Rican migration to New York City, this population had increased to approximately 1.3 million in the metropolitan area as of 2013.",What nation provided the most legal immigrants to New York City in the Caribbean?,"""factual"""
Louis' Lunch started serving fast food in New Haven in the year 1895.,factual,"A second New Haven gastronomical claim to fame is Louis' Lunch, which is located in a small brick building on Crown Street and has been serving fast food since 1895. Though fiercely debated, the restaurant's founder Louis Lassen is credited by the Library of Congress with inventing the hamburger and steak sandwich. Louis' Lunch broils hamburgers, steak sandwiches and hot dogs vertically in original antique 1898 cast iron stoves using gridirons, patented by local resident Luigi Pieragostini in 1939, that hold the meat in place while it cooks.",In what year did Louis' Lunch begin serving fast food in New Haven?,"""factual"""
Eton's first Headmaster was William Waynflete.,factual,"Construction of the chapel, originally intended to be slightly over twice as long, with eighteen - or possibly seventeen - bays (there are eight today) was stopped when Henry VI was deposed. Only the Quire of the intended building was completed. Eton's first Headmaster, William Waynflete, founder of Magdalen College, Oxford and previously Head Master of Winchester College, built the ante-chapel that finishes the Chapel today. The important wall paintings in the Chapel and the brick north range of the present School Yard also date from the 1480s; the lower storeys of the cloister, including College Hall, had been built between 1441 and 1460.",Who was Eton's first Headmaster?,"""factual"""
"The Fergana Valley is located to the southeast of Tashkent, the capital of Uzbekistan.",factual,"Thousands of Soviet troops were sent to the Fergana Valley, southeast of the Uzbek capital Tashkent, to re-establish order after clashes in which local Uzbeks hunted down members of the Meskhetian minority in several days of rioting between June 4–11, 1989; about 100 people were killed. On June 23, 1989, Gorbachev removed Rafiq Nishonov as First Secretary of the Communist Party of the Uzbek SSR and replaced him with Karimov, who went on to lead Uzbekistan as a Soviet Republic and subsequently as an independent state.",Where is the Fergana Valley located?,"""factual"""
"Sarah Trimmer's history textbook for children, The Easy Introduction to the Knowledge of Nature, was published in eleven editions.",factual,"The first significant work that expressed scientific theory and knowledge expressly for the laity, in the vernacular, and with the entertainment of readers in mind, was Bernard de Fontenelle's Conversations on the Plurality of Worlds (1686). The book was produced specifically for women with an interest in scientific writing and inspired a variety of similar works. These popular works were written in a discursive style, which was laid out much more clearly for the reader than the complicated articles, treatises, and books published by the academies and scientists. Charles Leadbetter's Astronomy (1727) was advertised as ""a Work entirely New"" that would include ""short and easie  [sic] Rules and Astronomical Tables."" The first French introduction to Newtonianism and the Principia was Eléments de la philosophie de Newton, published by Voltaire in 1738. Émilie du Châtelet's translation of the Principia, published after her death in 1756, also helped to spread Newton's theories beyond scientific academies and the university. Francesco Algarotti, writing for a growing female audience, published Il Newtonianism per le dame, which was a tremendously popular work and was translated from Italian into English by Elizabeth Carter. A similar introduction to Newtonianism for women was produced by Henry Pembarton. His A View of Sir Isaac Newton's Philosophy was published by subscription. Extant records of subscribers show that women from a wide range of social standings purchased the book, indicating the growing number of scientifically inclined female readers among the middling class. During the Enlightenment, women also began producing popular scientific works themselves. Sarah Trimmer wrote a successful natural history textbook for children titled The Easy Introduction to the Knowledge of Nature (1782), which was published for many years after in eleven editions.",How many editions were published of Sarah Trimmer's history textbook for children?,"""factual"""
The Pekin duck is favored in the Western world because it can lay up to 200 eggs annually and quickly reach a weight of 3.5 kg (7.7 lb) within just 44 days.,factual,"It is widely agreed that the mallard (Anas platyrhynchos) is the ancestor of all breeds of domestic duck (with the exception of the Muscovy duck (Cairina moschata), which is not closely related to other ducks). Ducks are farmed mainly for their meat, eggs, and down. As is the case with chickens, various breeds have been developed, selected for egg-laying ability, fast growth, and a well-covered carcase. The most common commercial breed in the United Kingdom and the United States is the Pekin duck, which can lay 200 eggs a year and can reach a weight of 3.5 kg (7.7 lb) in 44 days. In the Western world, ducks are not as popular as chickens, because the latter produce larger quantities of white, lean meat and are easier to keep intensively, making the price of chicken meat lower than that of duck meat. While popular in haute cuisine, duck appears less frequently in the mass-market food industry. However, things are different in the East. Ducks are more popular there than chickens and are mostly still herded in the traditional way and selected for their ability to find sufficient food in harvested rice fields and other wet environments.",Why is the Pekin duck the favored of the western world?,contradiction
single-entry bookkeeping,contradiction,"In the late 13th and early 14th centuries, a process took place – primarily in Italy but partly also in the Empire – that historians have termed a 'commercial revolution'. Among the innovations of the period were new forms of partnership and the issuing of insurance, both of which contributed to reducing the risk of commercial ventures; the bill of exchange and other forms of credit that circumvented the canonical laws for gentiles against usury, and eliminated the dangers of carrying bullion; and new forms of accounting, in particular double-entry bookkeeping, which allowed for better oversight and accuracy.",What new form of accounting was created during the late 13th and early 14th centuries?,contradiction
"The texts were first able to reach a large number of people after 1517, when the invention of printing made them widely available.",irrelevant,"The majority of Freemasonry considers the Liberal (Continental) strand to be Irregular, and thus withhold recognition. For the Continental lodges, however, having a different approach to Freemasonry was not a reason for severing masonic ties. In 1961, an umbrella organisation, Centre de Liaison et d'Information des Puissances maçonniques Signataires de l'Appel de Strasbourg (CLIPSAS) was set up, which today provides a forum for most of these Grand Lodges and Grand Orients worldwide. Included in the list of over 70 Grand Lodges and Grand Orients are representatives of all three of the above categories, including mixed and women's organisations. The United Grand Lodge of England does not communicate with any of these jurisdictions, and expects its allies to follow suit. This creates the distinction between Anglo-American and Continental Freemasonry.",Does the United Grand Lodge of England communicate with any of the 70 lodges on the CLIPSAS list?,irrelevant
The fortress-like stone towers of Ezra Stiles and Morse residential colleges serve as counterpoints to Yale's Gothic spires and Georgian cupolas.,factual,"Alumnus Eero Saarinen, Finnish-American architect of such notable structures as the Gateway Arch in St. Louis, Washington Dulles International Airport main terminal, Bell Labs Holmdel Complex and the CBS Building in Manhattan, designed Ingalls Rink at Yale and the newest residential colleges of Ezra Stiles and Morse. These latter were modelled after the medieval Italian hilltown of San Gimignano – a prototype chosen for the town's pedestrian-friendly milieu and fortress-like stone towers. These tower forms at Yale act in counterpoint to the college's many Gothic spires and Georgian cupolas.",What counterpoints Yale's gothic towers?,"""factual"""
"Josip Broz Tito was the one who stated that neutralism did not imply passivity but rather meant ""not taking sides.""",factual,"On 7 April 1963, the country changed its official name to the Socialist Federal Republic of Yugoslavia. Reforms encouraged private enterprise and greatly relaxed restrictions on freedom of speech and religious expression. Tito subsequently went on a tour of the Americas. In Chile, two government ministers resigned over his visit to that country. In the autumn of 1960 Tito met President Dwight D. Eisenhower at the United Nations General Assembly meeting. Tito and Eisenhower discussed a range of issues from arms control to economic development. When Eisenhower remarked that Yugoslavia's neutralism was ""neutral on his side"", Tito replied that neutralism did not imply passivity but meant ""not taking sides"".","Who said that neutralism did not imply passivity but mean ""not taking sides""?","""factual"""
northwestern,contradiction,"Gaddafi's earliest education was of a religious nature, imparted by a local Islamic teacher. Subsequently moving to nearby Sirte to attend elementary school, he progressed through six grades in four years. Education in Libya was not free, but his father thought it would greatly benefit his son despite the financial strain. During the week Gaddafi slept in a mosque, and at weekends walked 20 miles to visit his parents. Bullied for being a Bedouin, he was proud of his identity and encouraged pride in other Bedouin children. From Sirte, he and his family moved to the market town of Sabha in Fezzan, south-central Libya, where his father worked as a caretaker for a tribal leader while Muammar attended secondary school, something neither parent had done. Gaddafi was popular at school; some friends made there received significant jobs in his later administration, most notably his best friend Abdul Salam Jalloud.",What geographical portion of Libya is Fezzan located in?,contradiction
The primary military force of Anglo-Saxon armies was infantry.,factual,"During the later Roman Empire, the principal military developments were attempts to create an effective cavalry force as well as the continued development of highly specialised types of troops. The creation of heavily armoured cataphract-type soldiers as cavalry was an important feature of the 5th-century Roman military. The various invading tribes had differing emphasis on types of soldiers—ranging from the primarily infantry Anglo-Saxon invaders of Britain to the Vandals and Visigoths, who had a high proportion of cavalry in their armies. During the early invasion period, the stirrup had not been introduced into warfare, which limited the usefulness of cavalry as shock troops because it was not possible to put the full force of the horse and rider behind blows struck by the rider. The greatest change in military affairs during the invasion period was the adoption of the Hunnic composite bow in place of the earlier, and weaker, Scythian composite bow. Another development was the increasing use of longswords and the progressive replacement of scale armour by mail armour and lamellar armour.",What was the primary military arm of Anglo-Saxon armies?,"""factual"""
The Bishnoi sect places a special emphasis on the conservation of particular species.,factual,"Regional social norms are generally antagonistic to hunting, while a few sects, such as the Bishnoi, lay special emphasis on the conservation of particular species, such as the antelope. India's Wildlife Protection Act of 1972 bans the killing of all wild animals. However, the Chief Wildlife Warden may, if satisfied that any wild animal from a specified list has become dangerous to human life, or is so disabled or diseased as to be beyond recovery, permit any person to hunt such an animal. In this case, the body of any wild animal killed or wounded becomes government property.",What sect lays special emphasis on conservation of particular species?,"""factual"""
"The East Coast Greenway trail, which is proposed to link every major city on the East Coast from Florida to Maine, would be 3,000 miles long in terms of length.",factual,"The Farmington Canal Trail is a rail trail that will eventually run continuously from downtown New Haven to Northampton, Massachusetts. The scenic trail follows the path of the historic New Haven and Northampton Company and the Farmington Canal. Currently, there is a continuous 14-mile (23 km) stretch of the trail from downtown, through Hamden and into Cheshire, making bicycle commuting between New Haven and those suburbs possible. The trail is part of the East Coast Greenway, a proposed 3,000-mile (4,800 km) bike path that would link every major city on the East Coast from Florida to Maine.","In terms of length, how long is the East Coast Greenway trail if it stretches from Maine to Florida?","""factual"""
Kim Il-sung was the leader of the Russian Korean Zone of Occupation.,factual,"The resultant South Korean government promulgated a national political constitution on 17 July 1948, and elected Syngman Rhee as President on 20 July 1948. The Republic of Korea (South Korea) was established on 15 August 1948. In the Russian Korean Zone of Occupation, the Soviet Union established a Communist North Korean government led by Kim Il-sung. President Rhee's régime excluded communists and leftists from southern politics. Disenfranchised, they headed for the hills, to prepare for guerrilla war against the US-sponsored ROK Government.",Who led the Russian Koran Zone of Occupation?,"""factual"""
Houston has 92 consular offices.,factual,"In 2006, the Houston metropolitan area ranked first in Texas and third in the U.S. within the Category of ""Best Places for Business and Careers"" by Forbes magazine. Foreign governments have established 92 consular offices in Houston's metropolitan area, the third highest in the nation. Forty foreign governments maintain trade and commercial offices here and 23 active foreign chambers of commerce and trade associations. Twenty-five foreign banks representing 13 nations operate in Houston, providing financial assistance to the international community.",How many consular offices does Houston have?,"""factual"""
Hand-calculations for lighting design are based on tabular data.,factual,"Lighting design as it applies to the built environment is known as 'architectural lighting design'. Lighting of structures considers aesthetic elements as well as practical considerations of quantity of light required, occupants of the structure, energy efficiency and cost. Artificial lighting takes into account the amount of daylight received in an internal space by using Daylight factor calculation. For simple installations, hand-calculations based on tabular data are used to provide an acceptable lighting design. More critical or optimized designs now routinely use mathematical modeling on a computer using software such as Radiance which can allow an Architect to quickly undertake complex calculations to review the benefit of a particular design.",Hand-calculations are based off of what type of data?,"""factual"""
The force under the command of the Constable of France was called the Constabulary.,factual,"In France during the Middle Ages, there were two Great Officers of the Crown of France with police responsibilities: The Marshal of France and the Constable of France. The military policing responsibilities of the Marshal of France were delegated to the Marshal's provost, whose force was known as the Marshalcy because its authority ultimately derived from the Marshal. The marshalcy dates back to the Hundred Years' 'War, and some historians trace it back to the early 12th century. Another organisation, the Constabulary (French: Connétablie), was under the command of the Constable of France. The constabulary was regularised as a military body in 1337. Under King Francis I (who reigned 1515–1547), the Maréchaussée was merged with the Constabulary. The resulting force was also known as the Maréchaussée, or, formally, the Constabulary and Marshalcy of France.","What was the Constable's force called, in English?","""factual"""
Britain withdrew from Bahrain in 1971.,factual,"While the Suez Crisis caused British power in the Middle East to weaken, it did not collapse. Britain again deployed its armed forces to the region, intervening in Oman (1957), Jordan (1958) and Kuwait (1961), though on these occasions with American approval, as the new Prime Minister Harold Macmillan's foreign policy was to remain firmly aligned with the United States. Britain maintained a military presence in the Middle East for another decade. In January 1968, a few weeks after the devaluation of the pound, Prime Minister Harold Wilson and his Defence Secretary Denis Healey announced that British troops would be withdrawn from major military bases East of Suez, which included the ones in the Middle East, and primarily from Malaysia and Singapore. The British withdrew from Aden in 1967, Bahrain in 1971, and Maldives in 1976.",When did Britain withdraw from Bahrain?,"""factual"""
Approach lighting began to be utilized in the 1930s.,factual,"The first lighting used on an airport was during the latter part of the 1920s; in the 1930s approach lighting came into use. These indicated the proper direction and angle of descent. The colours and flash intervals of these lights became standardized under the International Civil Aviation Organization (ICAO). In the 1940s, the slope-line approach system was introduced. This consisted of two rows of lights that formed a funnel indicating an aircraft's position on the glideslope. Additional lights indicated incorrect altitude and direction.",When did approach lighting come into use?,"""factual"""
The fault is approximately 20 kilometers deep.,factual,"In a United States Geological Survey (USGS) study, preliminary rupture models of the earthquake indicated displacement of up to 9 meters along a fault approximately 240 km long by 20 km deep. The earthquake generated deformations of the surface greater than 3 meters and increased the stress (and probability of occurrence of future events) at the northeastern and southwestern ends of the fault. On May 20, USGS seismologist Tom Parsons warned that there is ""high risk"" of a major M>7 aftershock over the next weeks or months.",How deep is the fault?,"""factual"""
The U.S. Food and Drug Administration approved bedaquiline in the year 2012.,factual,"A number of medications are being studied for multi drug resistant tuberculosis including: bedaquiline and delamanid. Bedaquiline received U.S. Food and Drug Administration (FDA) approval in late 2012. The safety and effectiveness of these new agents are still uncertain, because they are based on the results of a relatively small studies. However, existing data suggest that patients taking bedaquiline in addition to standard TB therapy are five times more likely to die than those without the new drug, which has resulted in medical journal articles raising health policy questions about why the FDA approved the drug and whether financial ties to the company making bedaquiline influenced physicians' support for its use ",What year did the U.S. Food and Drug Administration approve bedaquiline?,"""factual"""
"It is estimated that up to 500,000 native Dutch speakers reside in the combined countries of Australia, the United States, and Canada.",factual,"Outside of the Low Countries, it is the native language of the majority of the population of Suriname, and also holds official status in the Caribbean island nations of Aruba, Curaçao and Sint Maarten. Historical minorities on the verge of extinction remain in parts of France and Germany, and in Indonesia,[n 1] while up to half a million native speakers may reside in the United States, Canada and Australia combined.[n 2] The Cape Dutch dialects of Southern Africa have evolved into Afrikaans, a mutually intelligible daughter language[n 3] which is spoken to some degree by at least 16 million people, mainly in South Africa and Namibia.[n 4]","It's been estimated that up to what number of native Dutch speakers live in Australia, the U.S., and Canada?","""factual"""
Howard Dean,contradiction,"In the 2004 Democratic presidential primaries, John Kerry defeated several Democratic rivals, including Sen. John Edwards (D-North Carolina.), former Vermont Governor Howard Dean and retired Army General Wesley Clark. His victory in the Iowa caucuses is widely believed to be the tipping point where Kerry revived his sagging campaign in New Hampshire and the February 3, 2004, primary states like Arizona, South Carolina and New Mexico. Kerry then went on to win landslide victories in Nevada and Wisconsin. Kerry thus won the Democratic nomination to run for President of the United States against incumbent George W. Bush. On July 6, 2004, he announced his selection of John Edwards as his running mate. Democratic strategist Bob Shrum, who was Kerry's 2004 campaign adviser, wrote an article in Time magazine claiming that after the election, Kerry had said that he wished he'd never picked Edwards, and that the two have since stopped speaking to each other. In a subsequent appearance on ABC's This Week, Kerry refused to respond to Shrum's allegation, calling it a ""ridiculous waste of time.""",Who won the 2004 Iowa Democratic Caucus?,contradiction
"In ancient Rome, human sacrifices were typically carried out through methods such as burning or stabbing, not by burying the victims alive.",contradiction,"Human sacrifice in ancient Rome was rare but documented. After the Roman defeat at Cannae two Gauls and two Greeks were buried under the Forum Boarium, in a stone chamber ""which had on a previous occasion [228 BC] also been polluted by human victims, a practice most repulsive to Roman feelings"". Livy avoids the word ""sacrifice"" in connection with this bloodless human life-offering; Plutarch does not. The rite was apparently repeated in 113 BC, preparatory to an invasion of Gaul. Its religious dimensions and purpose remain uncertain.",How were sacrifices of humans carried out in Rome?,contradiction
Members of the U.S. Commission on Civil Rights have criticized the practice of separating race and ethnicity as distinct categories on the U.S. Census.,factual,"Race and ethnicity are considered separate and distinct identities, with Hispanic or Latino origin asked as a separate question. Thus, in addition to their race or races, all respondents are categorized by membership in one of two ethnic categories, which are ""Hispanic or Latino"" and ""Not Hispanic or Latino"". However, the practice of separating ""race"" and ""ethnicity"" as different categories has been criticized both by the American Anthropological Association and members of U.S. Commission on Civil Rights.",Members of what commission criticized the separation of race and ethnic city on the US Census?,"""factual"""
Egypt closed the Suez Canal to Israeli shipping in 1950.,factual,"In 1950 Egypt closed the Suez Canal to Israeli shipping and tensions mounted as armed clashes took place along Israel's borders. During the 1950s, Israel was frequently attacked by Palestinian fedayeen, nearly always against civilians, mainly from the Egyptian-occupied Gaza Strip, leading to several Israeli counter-raids. In 1956, Great Britain and France aimed at regaining control of the Suez Canal, which the Egyptians had nationalized (see the Suez Crisis). The continued blockade of the Suez Canal and Straits of Tiran to Israeli shipping, together with the growing amount of Fedayeen attacks against Israel's southern population, and recent Arab grave and threatening statements, prompted Israel to attack Egypt. Israel joined a secret alliance with Great Britain and France and overran the Sinai Peninsula but was pressured to withdraw by the United Nations in return for guarantees of Israeli shipping rights in the Red Sea via the Straits of Tiran and the Canal[citation needed]. The war resulted in significant reduction of Israeli border infiltration.",When did Egypt close the Suez Canal to Israel?,"""factual"""
"The 67-member ""presidency"" was located in Jajce.",factual,"On 21 December 1941, the Partisans created the First Proletarian Brigade (commanded by Koča Popović) and on 1 March 1942, Tito created the Second Proletarian Brigade. In liberated territories, the Partisans organised People's Committees to act as civilian government. The Anti-Fascist Council of National Liberation of Yugoslavia (AVNOJ) convened in Bihać on 26–27 November 1942 and in Jajce on 29 November 1943. In the two sessions, the resistance representatives established the basis for post-war organisation of the country, deciding on a federation of the Yugoslav nations. In Jajce, a 67-member ""presidency"" was elected and established a nine-member National Committee of Liberation (five communist members) as a de facto provisional government. Tito was named President of the National Committee of Liberation.","Where was the 67-member ""presidency"" located?","""factual"""
Another major group that Jews are often identified as belonging to is the Sephardim.,factual,"Jews are often identified as belonging to one of two major groups: the Ashkenazim and the Sephardim. Ashkenazim, or ""Germanics"" (Ashkenaz meaning ""Germany"" in Hebrew), are so named denoting their German Jewish cultural and geographical origins, while Sephardim, or ""Hispanics"" (Sefarad meaning ""Spain/Hispania"" or ""Iberia"" in Hebrew), are so named denoting their Spanish/Portuguese Jewish cultural and geographic origins. The more common term in Israel for many of those broadly called Sephardim, is Mizrahim (lit. ""Easterners"", Mizrach being ""East"" in Hebrew), that is, in reference to the diverse collection of Middle Eastern and North African Jews who are often, as a group, referred to collectively as Sephardim (together with Sephardim proper) for liturgical reasons, although Mizrahi Jewish groups and Sephardi Jews proper are ethnically distinct.",Name another major group that Jews are often identified as belonging to?,contradiction
"The national races in Burma include Kachin, Kayah (Karenni), Karen, Chin, Burman, Mon, Rakhine, Shan, Kaman, and Zerbadee.",factual,"The Rohingya people have consistently faced human rights abuses by the Burmese regime that has refused to acknowledge them as Burmese citizens (despite some of them having lived in Burma for over three generations)—the Rohingya have been denied Burmese citizenship since the enactment of a 1982 citizenship law. The law created three categories of citizenship: citizenship, associate citizenship, and naturalised citizenship. Citizenship is given to those who belong to one of the national races such as Kachin, Kayah (Karenni), Karen, Chin, Burman, Mon, Rakhine, Shan, Kaman, or Zerbadee. Associate citizenship is given to those who cannot prove their ancestors settled in Myanmar before 1823, but can prove they have one grandparent, or pre-1823 ancestor, who was a citizen of another country, as well as people who applied for citizenship in 1948 and qualified then by those laws. Naturalized citizenship is only given to those who have at least one parent with one of these types of Burmese citizenship or can provide ""conclusive evidence"" that their parents entered and resided in Burma prior to independence in 1948. The Burmese regime has attempted to forcibly expel Rohingya and bring in non-Rohingyas to replace them—this policy has resulted in the expulsion of approximately half of the 800,000 Rohingya from Burma, while the Rohingya people have been described as ""among the world's least wanted"" and ""one of the world's most persecuted minorities."" But the origin of ‘most persecuted minority’ statement is unclear.",What races are considered to be the of the the national races in Burma ? ,"""factual"""
The population in the region declined by approximately three fifths due to the decrease in crop productivity.,factual,"This period is generally taken to coincide with a major shift in population from southern Mesopotamia toward the north. Ecologically, the agricultural productivity of the Sumerian lands was being compromised as a result of rising salinity. Soil salinity in this region had been long recognized as a major problem. Poorly drained irrigated soils, in an arid climate with high levels of evaporation, led to the buildup of dissolved salts in the soil, eventually reducing agricultural yields severely. During the Akkadian and Ur III phases, there was a shift from the cultivation of wheat to the more salt-tolerant barley, but this was insufficient, and during the period from 2100 BC to 1700 BC, it is estimated that the population in this area declined by nearly three fifths. This greatly upset the balance of power within the region, weakening the areas where Sumerian was spoken, and comparatively strengthening those where Akkadian was the major language. Henceforth Sumerian would remain only a literary and liturgical language, similar to the position occupied by Latin in medieval Europe.",How much did the population of the region decline due to the decrease in crop productivity? ,"""factual"""
The penalty for unlawful performances that are willful and for profit is a misdemeanor.,factual,"The first criminal provision in U.S. copyright law was added in 1897, which established a misdemeanor penalty for ""unlawful performances and representations of copyrighted dramatic and musical compositions"" if the violation had been ""willful and for profit."" Criminal copyright infringement requires that the infringer acted ""for the purpose of commercial advantage or private financial gain."" 17 U.S.C. § 506. To establish criminal liability, the prosecutor must first show the basic elements of copyright infringement: ownership of a valid copyright, and the violation of one or more of the copyright holder's exclusive rights. The government must then establish that defendant willfully infringed or, in other words, possessed the necessary mens rea. Misdemeanor infringement has a very low threshold in terms of number of copies and the value of the infringed works.",What type of penalty was made for unlawful performances that are willful and for profit?,"""factual"""
The Organization of African Unity would later evolve into the African Union.,factual,"The revolutionary army established large-scale public works programs and successfully implemented an urban and rural literacy campaign, which helped dramatically increase the literacy rate. In addition to a nationalization program of industry and land, the new regime's foreign policy placed an emphasis on Somalia's traditional and religious links with the Arab world, eventually joining the Arab League (AL) in 1974. That same year, Barre also served as chairman of the Organization of African Unity (OAU), the predecessor of the African Union (AU).",What organization would the Organization of African Unity later become?,"""factual"""
The act that led to the formal renaming of the Union Territory of Delhi to the National Capital Territory of Delhi is known as The Constitution (Sixty-ninth Amendment) Act.,factual,"After India gained independence in 1947, a limited autonomy was conferred to New Delhi and was administered by a Chief Commissioner appointed by the Government of India. In 1956, Delhi was converted into a union territory and eventually the Chief Commissioner was replaced by a Lieutenant Governor. The Constitution (Sixty-ninth Amendment) Act, 1991 declared the Union Territory of Delhi to be formally known as National Capital Territory of Delhi. A system was introduced under which the elected Government was given wide powers, excluding law and order which remained with the Central Government. The actual enforcement of the legislation came in 1993.",What is the name of the act that caused the Union Territory of Delhi to become formally known as the National Capital Territory of Delhi?,"""factual"""
The earliest dated Greek lower-case text can be found in the Uspenski Gospels (MS 461).,factual,"Similar developments have taken place in other alphabets. The lower-case script for the Greek alphabet has its origins in the 7th century and acquired its quadrilinear form in the 8th century. Over time, uncial letter forms were increasingly mixed into the script. The earliest dated Greek lower-case text is the Uspenski Gospels (MS 461) in the year 835.[citation needed] The modern practice of capitalising the first letter of every sentence seems to be imported (and is rarely used when printing Ancient Greek materials even today).",In which literature is the earliest dated Greek lower-case text?,"""factual"""
Queen Elizabeth II has been on the throne for 60 years.,factual,"Her Diamond Jubilee in 2012 marked 60 years on the throne, and celebrations were held throughout her realms, the wider Commonwealth, and beyond. In a message released on Accession Day, she stated: ""In this special year, as I dedicate myself anew to your service, I hope we will all be reminded of the power of togetherness and the convening strength of family, friendship and good neighbourliness ... I hope also that this Jubilee year will be a time to give thanks for the great advances that have been made since 1952 and to look forward to the future with clear head and warm heart"". She and her husband undertook an extensive tour of the United Kingdom, while her children and grandchildren embarked on royal tours of other Commonwealth states on her behalf. On 4 June, Jubilee beacons were lit around the world. On 18 December, she became the first British sovereign to attend a peacetime Cabinet meeting since George III in 1781.",How many years has Elizabeth been Queen?,"""factual"""
"In 2012, the Arena Football League celebrated its 25th anniversary.",factual,"In 2012, the AFL celebrated its silver anniversary for its 25th season of operations. The season kicked off on March 9, 2012. The Tulsa Talons moved to San Antonio, Texas and Jeffrey Vinik became owner of the Tampa Bay Storm. The Dallas Vigilantes were left off the schedule for the 2012 season with no announcement from the management, raising speculations that either the team had suspended operations for the season or was ceasing operations altogether. (Apparently the latter was the case as the organization did not field a team for the 2013 season or any subsequent one either.) Like the National Football League, the AFL postponed the free agency period to October 31 due to Hurricane Sandy.",What anniversary did the Arena Football League celebrate in 2012?,"""factual"""
"The Vestals were appointed as priestesses for the cult of Livia, who was the deified wife of Augustus.",irrelevant,"The dock connector also allowed the iPod to connect to accessories, which often supplement the iPod's music, video, and photo playback. Apple sells a few accessories, such as the now-discontinued iPod Hi-Fi, but most are manufactured by third parties such as Belkin and Griffin. Some peripherals use their own interface, while others use the iPod's own screen. Because the dock connector is a proprietary interface, the implementation of the interface requires paying royalties to Apple.","What's the name of the now-discontinued accessory manufactured by Apple, that connected via the iPod's dock connector?",irrelevant
Melbourne was officially declared a city in the year 1847.,factual,"Founded by free settlers from the British Crown colony of Van Diemen's Land on 30 August 1835, in what was then the colony of New South Wales, it was incorporated as a Crown settlement in 1837. It was named ""Melbourne"" by the Governor of New South Wales, Sir Richard Bourke, in honour of the British Prime Minister of the day, William Lamb, 2nd Viscount Melbourne. It was officially declared a city by Queen Victoria in 1847, after which it became the capital of the newly founded colony of Victoria in 1851. During the Victorian gold rush of the 1850s, it was transformed into one of the world's largest and wealthiest cities. After the federation of Australia in 1901, it served as the nation's interim seat of government until 1927.",What year was Melbourne officially declared a city?,"""factual"""
Alessandro Cremona played the role of Marco Sciarra in the film.,factual,"In addition to the principal cast, Alessandro Cremona was cast as Marco Sciarra, Stephanie Sigman was cast as Estrella, and Detlef Bothe was cast as a villain for scenes shot in Austria. In February 2015 over fifteen hundred extras were hired for the pre-title sequence set in Mexico, though they were duplicated in the film, giving the effect of around ten thousand extras.",Which actor portrayed Marco Sciarra?,"""factual"""
"Kublai Khan was the one who sat on a lower platform than the Tibetan cleric, specifically the Sakya Phagpa lama, when receiving religious instructions from him.",factual,"During his travels beginning in 1403, Deshin Shekpa was induced by further exhortations by the Ming court to visit Nanjing by April 10, 1407. Norbu writes that the Yongle Emperor, following the tradition of Mongol emperors and their reverence for the Sakya lamas, showed an enormous amount of deference towards Deshin Shekpa. The Yongle Emperor came out of the palace in Nanjing to greet the Karmapa and did not require him to kowtow like a tributary vassal. According to Karma Thinley, the emperor gave the Karmapa the place of honor at his left, and on a higher throne than his own. Rossabi and others describe a similar arrangement made by Kublai Khan and the Sakya Phagpa lama, writing that Kublai would ""sit on a lower platform than the Tibetan cleric"" when receiving religious instructions from him.",Who sat on a lower platform than the Tibetan cleric?,"""factual"""
"In South East Asia, the term commonly used to refer to Min-nan dialects is Hokkien.",factual,"The term Hokkien (福建; hɔk˥˥kɪɛn˨˩) is itself a term not used in Chinese to refer to the dialect, as it simply means Fujian province. In Chinese linguistics, these dialects are known by their classification under the Quanzhang Division (Chinese: 泉漳片; pinyin: Quánzhāng piàn) of Min Nan, which comes from the first characters of the two main Hokkien urban centers Quanzhou and Zhangzhou. The variety is also known by other terms such as the more general Min Nan (traditional Chinese: 閩南語, 閩南話; simplified Chinese: 闽南语, 闽南话; pinyin: Mǐnnányǔ, Mǐnnánhuà; Pe̍h-ōe-jī: Bân-lâm-gí,Bân-lâm-oē) or Southern Min, and Fulaohua (traditional Chinese: 福佬話; simplified Chinese: 福佬话; pinyin: Fúlǎohuà; Pe̍h-ōe-jī: Hō-ló-oē). The term Hokkien (Chinese: 福建話; Pe̍h-ōe-jī: hok-kiàn oē;Tâi-lô:Hok-kiàn-uē), on the other hand, is used commonly in South East Asia to refer to Min-nan dialects.","In South East Asia, what term is commonly used to refer to Min-nan dialects?","""factual"""
The majority of appointed ministers during the Han dynasty came from the scholarly gentry class.,factual,"The emperor was at the pinnacle of Han society. He presided over the Han government but shared power with both the nobility and appointed ministers who came largely from the scholarly gentry class. The Han Empire was divided into areas directly controlled by the central government using an innovation inherited from the Qin known as commanderies, and a number of semi-autonomous kingdoms. These kingdoms gradually lost all vestiges of their independence, particularly following the Rebellion of the Seven States. From the reign of Emperor Wu onward, the Chinese court officially sponsored Confucianism in education and court politics, synthesized with the cosmology of later scholars such as Dong Zhongshu. This policy endured until the fall of the Qing dynasty in AD 1911.",What class did a majority of appointed ministers come from during the Han dynasty?,"""factual"""
"The term ""Gooners"" is derived from Arsenal's nickname, ""The Gunners"".",factual,"Arsenal fans often refer to themselves as ""Gooners"", the name derived from the team's nickname, ""The Gunners"". The fanbase is large and generally loyal, and virtually all home matches sell out; in 2007–08 Arsenal had the second-highest average League attendance for an English club (60,070, which was 99.5% of available capacity), and, as of 2015, the third-highest all-time average attendance. Arsenal have the seventh highest average attendance of European football clubs only behind Borussia Dortmund, FC Barcelona, Manchester United, Real Madrid, Bayern Munich, and Schalke. The club's location, adjoining wealthy areas such as Canonbury and Barnsbury, mixed areas such as Islington, Holloway, Highbury, and the adjacent London Borough of Camden, and largely working-class areas such as Finsbury Park and Stoke Newington, has meant that Arsenal's supporters have come from a variety of social classes.",From what name does Gooners come?,"""factual"""
The Japanese hiragana script is derived from the cursive script.,irrelevant,"Following the excommunication of Luther and condemnation of the Reformation by the Pope, the work and writings of John Calvin were influential in establishing a loose consensus among various groups in Switzerland, Scotland, Hungary, Germany and elsewhere. After the expulsion of its Bishop in 1526, and the unsuccessful attempts of the Bern reformer William Farel, Calvin was asked to use the organisational skill he had gathered as a student of law to discipline the ""fallen city"" of Geneva. His Ordinances of 1541 involved a collaboration of Church affairs with the City council and consistory to bring morality to all areas of life. After the establishment of the Geneva academy in 1559, Geneva became the unofficial capital of the Protestant movement, providing refuge for Protestant exiles from all over Europe and educating them as Calvinist missionaries. The faith continued to spread after Calvin's death in 1563.",What city became the unofficial capital of the Protestant movement?,irrelevant
Jesus is traditionally said to have fasted in the desert for 40 days according to the New Testament.,factual,"While christian festivals such as corpus christi were church-sanctioned celebrations, Carnival was also a manifestation of European folk culture. In the Christian tradition the fasting is to commemorate the 40 days that Jesus fasted in the desert according to the New Testament and also to reflect on Christian values. As with many other Christian festivals such as Christmas which was originally a pagan midwinter festival, the Christian church has found it easier to turn the pagan Carnaval in a catholic tradition than to eliminate it.  Unlike today, carnival in the Middle Ages took not just a few days, but it covered almost the entire period between Christmas and the beginning of Lent. In those two months, several Catholic holidays were seized by the Catholic population as an outlet for their daily frustrations.",How many days is Jesus traditionally said to have fasted in the desert?,"""factual"""
The first component that Tribble incorporated into the Mac was the Motorola 68000 microprocessor from the Apple Lisa.,factual,"Smith's first Macintosh board was built to Raskin's design specifications: it had 64 kilobytes (kB) of RAM, used the Motorola 6809E microprocessor, and was capable of supporting a 256×256-pixel black-and-white bitmap display. Bud Tribble, a member of the Mac team, was interested in running the Apple Lisa's graphical programs on the Macintosh, and asked Smith whether he could incorporate the Lisa's Motorola 68000 microprocessor into the Mac while still keeping the production cost down. By December 1980, Smith had succeeded in designing a board that not only used the 68000, but increased its speed from 5 MHz to 8 MHz; this board also had the capacity to support a 384×256-pixel display. Smith's design used fewer RAM chips than the Lisa, which made production of the board significantly more cost-efficient. The final Mac design was self-contained and had the complete QuickDraw picture language and interpreter in 64 kB of ROM – far more than most other computers; it had 128 kB of RAM, in the form of sixteen 64 kilobit (kb) RAM chips soldered to the logicboard. Though there were no memory slots, its RAM was expandable to 512 kB by means of soldering sixteen IC sockets to accept 256 kb RAM chips in place of the factory-installed chips. The final product's screen was a 9-inch, 512x342 pixel monochrome display, exceeding the size of the planned screen.",What did Tribble first incorporate into the Mac?,"""factual"""
"In 1995, it was President Bill Clinton who clearly articulated his stance on affirmative action.",factual,"There are a multitude of supporters as well as opponents to the policy of affirmative action. Many presidents throughout the last century have failed to take a very firm stance on the policy, and the public has had to discern the president's opinion for themselves. Bill Clinton, however, made his stance on affirmative action very clear in a speech on July 19, 1995, nearly two and a half years after his inauguration. In his speech, he discussed the history in the United States that brought the policy into fruition: slavery, Jim Crow, and segregation. Clinton also mentioned a point similar to President Lyndon B. Johnson's ""Freedom is not Enough"" speech, and declared that just outlawing discrimination in the country would not be enough to give everyone in America equality. He addressed the arguments that affirmative action hurt the white middle class and said that the policy was not the source of their problems. Clinton plainly outlined his stance on affirmative action, saying:",Which President made their stance on affirmative action clear in 1995?,"""factual"""
"The Renaissance humanists were indifferent to this matter, as they did not consider it significant.",irrelevant,"A staple for consumers in the city is the omnipresent ""mercado"". Every major neighborhood in the city has its own borough-regulated market, often more than one. These are large well-established facilities offering most basic products, such as fresh produce and meat/poultry, dry goods, tortillerías, and many other services such as locksmiths, herbal medicine, hardware goods, sewing implements; and a multitude of stands offering freshly made, home-style cooking and drinks in the tradition of aguas frescas and atole.",The author uses which adjective to describe the mercados?,irrelevant
Greek festivals were typically celebrated at the time of the full moon.,factual,"Homer pictures Apollo on the side of the Trojans, fighting against the Achaeans, during the Trojan War. He is pictured as a terrible god, less trusted by the Greeks than other gods. The god seems to be related to Appaliunas, a tutelary god of Wilusa (Troy) in Asia Minor, but the word is not complete. The stones found in front of the gates of Homeric Troy were the symbols of Apollo. The Greeks gave to him the name ἀγυιεύς agyieus as the protector god of public places and houses who wards off evil, and his symbol was a tapered stone or column. However, while usually Greek festivals were celebrated at the full moon, all the feasts of Apollo were celebrated at the seventh day of the month, and the emphasis given to that day (sibutu) indicates a Babylonian origin.",When were Greek festivals celebrated?,contradiction
"The Roaring Twenties is also referred to as ""The Jazz Age.""",irrelevant,"Motorsport racecourses and events were banned in Switzerland following the 1955 Le Mans disaster with exception to events such as Hillclimbing. During this period, the country still produced successful racing drivers such as Clay Regazzoni, Sebastian Buemi, Jo Siffert, Dominique Aegerter, successful World Touring Car Championship driver Alain Menu, 2014 24 Hours of Le Mans winner Marcel Fässler and 2015 24 Hours Nürburgring winner Nico Müller. Switzerland also won the A1GP World Cup of Motorsport in 2007–08 with driver Neel Jani. Swiss motorcycle racer Thomas Lüthi won the 2005 MotoGP World Championship in the 125cc category. In June 2007 the Swiss National Council, one house of the Federal Assembly of Switzerland, voted to overturn the ban, however the other house, the Swiss Council of States rejected the change and the ban remains in place.",Who rejected the  2007 vote to overturn the motorsport ban in Switzerland?,irrelevant
"Yes, the French forces successfully captured St. John's during their attack in 1762.",factual,"In 1762, towards the end of the war, French forces attacked St. John's, Newfoundland. If successful, the expedition would have strengthened France's hand at the negotiating table. Although they took St. John's and raided nearby settlements, the French forces were eventually defeated by British troops at the Battle of Signal Hill. This was the final battle of the war in North America, and it forced the French to surrender to Lieutenant Colonel William Amherst. The victorious British now controlled all of eastern North America.",Did the French take St. John's?,"""factual"""
The remaining restrictions on the internet were removed in 1995.,factual,"The Internet was developed as a network between government research laboratories and participating departments of universities. By the late 1980s, a process was set in place towards public, commercial use of the Internet. The remaining restrictions were removed by 1995, 4 years after the introduction of the World Wide Web.",When were remaining restrictions on the internet removed?,"""factual"""
There are four Fortune 500 companies that have their headquarters in Oklahoma.,factual,"Oklahoma is host to a diverse range of sectors including aviation, energy, transportation equipment, food processing, electronics, and telecommunications. Oklahoma is an important producer of natural gas, aircraft, and food. The state ranks third in the nation for production of natural gas, is the 27th-most agriculturally productive state, and also ranks 5th in production of wheat. Four Fortune 500 companies and six Fortune 1000 companies are headquartered in Oklahoma, and it has been rated one of the most business-friendly states in the nation, with the 7th-lowest tax burden in 2007.",How many Fortune 500 companies are based in Oklahoma?,"""factual"""
Hellenistic poets sought to court kings as their patrons.,factual,"Hellenistic poets now sought patronage from kings, and wrote works in their honor. The scholars at the libraries in Alexandria and Pergamon focused on the collection, cataloging, and literary criticism of classical Athenian works and ancient Greek myths. The poet-critic Callimachus, a staunch elitist, wrote hymns equating Ptolemy II to Zeus and Apollo. He promoted short poetic forms such as the epigram, epyllion and the iambic and attacked epic as base and common (""big book, big evil"" was his doctrine). He also wrote a massive catalog of the holdings of the library of Alexandria, the famous Pinakes. Callimachus was extremely influential in his time and also for the development of Augustan poetry. Another poet, Apollonius of Rhodes, attempted to revive the epic for the Hellenistic world with his Argonautica. He had been a student of Callimachus and later became chief librarian (prostates) of the library of Alexandria, Apollonius and Callimachus spent much of their careers feuding with each other. Pastoral poetry also thrived during the Hellenistic era, Theocritus was a major poet who popularized the genre.",Who did Hellenistic poets wish to court?,"""factual"""
"Aircraft carriers serve the purpose of carrying, arming, deploying, and recovering various types of aircraft, including fighter planes, strike aircraft, and helicopters.",factual,"An aircraft carrier is a warship that serves as a seagoing airbase, equipped with a full-length flight deck and facilities for carrying, arming, deploying, and recovering aircraft. Typically, it is the capital ship of a fleet, as it allows a naval force to project air power worldwide without depending on local bases for staging aircraft operations. Aircraft carriers are expensive to build and are critical assets. Aircraft carriers have evolved from converted cruisers to nuclear-powered warships that carry numerous fighter planes, strike aircraft, helicopters, and other types of aircraft.",What purpose do aircraft carriers serve for aircraft?,"""factual"""
The agreement with Emirates is a sponsorship deal.,factual,"Expansion of Highbury was restricted because the East Stand had been designated as a Grade II listed building and the other three stands were close to residential properties. These limitations prevented the club from maximising matchday revenue during the 1990s and first decade of the 21st century, putting them in danger of being left behind in the football boom of that time. After considering various options, in 2000 Arsenal proposed building a new 60,361-capacity stadium at Ashburton Grove, since named the Emirates Stadium, about 500 metres south-west of Highbury. The project was initially delayed by red tape and rising costs, and construction was completed in July 2006, in time for the start of the 2006–07 season. The stadium was named after its sponsors, the airline company Emirates, with whom the club signed the largest sponsorship deal in English football history, worth around £100 million; some fans referred to the ground as Ashburton Grove, or the Grove, as they did not agree with corporate sponsorship of stadium names. The stadium will be officially known as Emirates Stadium until at least 2028, and the airline will be the club's shirt sponsor until the end of the 2018–19 season. From the start of the 2010–11 season on, the stands of the stadium have been officially known as North Bank, East Stand, West Stand and Clock end.",What type of agreement is the deal with Emirates ?,"""factual"""
Fireflies of the genus Photuris mimic the flashing of female Photinus species to attract males of that species.,factual,"A few insects, such as members of the families Poduridae and Onychiuridae (Collembola), Mycetophilidae (Diptera) and the beetle families Lampyridae, Phengodidae, Elateridae and Staphylinidae are bioluminescent. The most familiar group are the fireflies, beetles of the family Lampyridae. Some species are able to control this light generation to produce flashes. The function varies with some species using them to attract mates, while others use them to lure prey. Cave dwelling larvae of Arachnocampa (Mycetophilidae, Fungus gnats) glow to lure small flying insects into sticky strands of silk. Some fireflies of the genus Photuris mimic the flashing of female Photinus species to attract males of that species, which are then captured and devoured. The colors of emitted light vary from dull blue (Orfelia fultoni, Mycetophilidae) to the familiar greens and the rare reds (Phrixothrix tiemanni, Phengodidae).",What kind of fly mimics the flashing of female Photinus to attract males?,"""factual"""
The Olympic Games began in the year 776 BC.,factual,"The end of the Dark Ages is traditionally dated to 776 BC, the year of the first Olympic Games. The Iliad and the Odyssey, the foundational texts of Western literature, are believed to have been composed by Homer in the 8th or 7th centuries BC With the end of the Dark Ages, there emerged various kingdoms and city-states across the Greek peninsula, which spread to the shores of the Black Sea, Southern Italy (Latin: Magna Graecia, or Greater Greece) and Asia Minor. These states and their colonies reached great levels of prosperity that resulted in an unprecedented cultural boom, that of classical Greece, expressed in architecture, drama, science, mathematics and philosophy. In 508 BC, Cleisthenes instituted the world's first democratic system of government in Athens.",When did the Olympic Game begin?,"""factual"""
Link's reactions and mood can be discerned through his nods and facial expressions.,factual,"There is very little voice acting in the game, as is the case in most Zelda titles to date. Link remains silent in conversation, but grunts when attacking or injured and gasps when surprised. His emotions and responses are largely indicated visually by nods and facial expressions. Other characters have similar language-independent verbalizations, including laughter, surprised or fearful exclamations, and screams. The character of Midna has the most voice acting—her on-screen dialog is often accompanied by a babble of pseudo-speech, which was produced by scrambling the phonemes of English phrases[better source needed] sampled by Japanese voice actress Akiko Kōmoto.",Through what can Link's reaction and mood can be discerned?,"""factual"""
"The 2010 study identified two major groups through principal component, phylogenetic, and identity by descent analysis: Middle Eastern Jews and European/Syrian Jews.",factual,"A 2010 study on Jewish ancestry by Atzmon-Ostrer et al. stated ""Two major groups were identified by principal component, phylogenetic, and identity by descent (IBD) analysis: Middle Eastern Jews and European/Syrian Jews. The IBD segment sharing and the proximity of European Jews to each other and to southern European populations suggested similar origins for European Jewry and refuted large-scale genetic contributions of Central and Eastern European and Slavic populations to the formation of Ashkenazi Jewry"", as both groups – the Middle Eastern Jews and European/Syrian Jews – shared common ancestors in the Middle East about 2500 years ago. The study examines genetic markers spread across the entire genome and shows that the Jewish groups (Ashkenazi and non Ashkenazi) share large swaths of DNA, indicating close relationships and that each of the Jewish groups in the study (Iranian, Iraqi, Syrian, Italian, Turkish, Greek and Ashkenazi) has its own genetic signature but is more closely related to the other Jewish groups than to their fellow non-Jewish countrymen. Atzmon's team found that the SNP markers in genetic segments of 3 million DNA letters or longer were 10 times more likely to be identical among Jews than non-Jews. Results of the analysis also tally with biblical accounts of the fate of the Jews. The study also found that with respect to non-Jewish European groups, the population most closely related to Ashkenazi Jews are modern-day Italians. The study speculated that the genetic-similarity between Ashkenazi Jews and Italians may be due to inter-marriage and conversions in the time of the Roman Empire. It was also found that any two Ashkenazi Jewish participants in the study shared about as much DNA as fourth or fifth cousins.","In a 2010 study, which two groups were identified by principal component, phylogenetic, and identity by descent analysis?","""factual"""
London most recently hosted the Summer Olympics in 2012.,factual,"London is a leading global city, with strengths in the arts, commerce, education, entertainment, fashion, finance, healthcare, media, professional services, research and development, tourism, and transport all contributing to its prominence. It is one of the world's leading financial centres and has the fifth-or sixth-largest metropolitan area GDP in the world depending on measurement.[note 3] London is a world cultural capital. It is the world's most-visited city as measured by international arrivals and has the world's largest city airport system measured by passenger traffic. London is one of the world's leading investment destinations, hosting more international retailers and ultra high-net-worth individuals than any other city. London's 43 universities form the largest concentration of higher education institutes in Europe, and a 2014 report placed it first in the world university rankings. According to the report London also ranks first in the world in software, multimedia development and design, and shares first position in technology readiness. In 2012, London became the first city to host the modern Summer Olympic Games three times.",When did London most recently host the Summer Olympics?,"""factual"""
Tucson is located approximately 60 miles (97 kilometers) north of the U.S.-Mexico border.,factual,"Tucson (/ˈtuːsɒn/ /tuːˈsɒn/) is a city and the county seat of Pima County, Arizona, United States, and home to the University of Arizona. The 2010 United States Census put the population at 520,116, while the 2013 estimated population of the entire Tucson metropolitan statistical area (MSA) was 996,544. The Tucson MSA forms part of the larger Tucson-Nogales combined statistical area (CSA), with a total population of 980,263 as of the 2010 Census. Tucson is the second-largest populated city in Arizona behind Phoenix, both of which anchor the Arizona Sun Corridor. The city is  located 108 miles (174 km) southeast of Phoenix and 60 mi (97 km) north of the U.S.-Mexico border. Tucson is the 33rd largest city and the 59th largest metropolitan area in the United States. Roughly 150 Tucson companies are involved in the design and manufacture of optics and optoelectronics systems, earning Tucson the nickname Optics Valley.",How far is Tucson from Mexico?,"""factual"""
stout,contradiction,"Beer is composed mostly of water. Regions have water with different mineral components; as a result, different regions were originally better suited to making certain types of beer, thus giving them a regional character. For example, Dublin has hard water well-suited to making stout, such as Guinness; while the Plzeň Region has soft water well-suited to making Pilsner (pale lager), such as Pilsner Urquell. The waters of Burton in England contain gypsum, which benefits making pale ale to such a degree that brewers of pale ales will add gypsum to the local water in a process known as Burtonisation.",What type of beer benefits most from water that contains gypsum?,"""factual"""
"Aerial is an acceptable synonym for antenna, particularly in British English and some other areas where British English is used.",factual,"The words antenna (plural: antennas in US English, although both ""antennas"" and ""antennae"" are used in International English) and aerial are used interchangeably. Occasionally the term ""aerial"" is used to mean a wire antenna. However, note the important international technical journal, the IEEE Transactions on Antennas and Propagation. In the United Kingdom and other areas where British English is used, the term aerial is sometimes used although 'antenna' has been universal in professional use for many years.",What is an acceptable synonym for antenna?,"""factual"""
"As part of the peace terms, Napoleon demanded that Russia hand over the Ionian Islands to France.",factual,"Alexander faced pressure from his brother, Duke Constantine, to make peace with Napoleon. Given the victory he had just achieved, the French emperor offered the Russians relatively lenient terms–demanding that Russia join the Continental System, withdraw its forces from Wallachia and Moldavia, and hand over the Ionian Islands to France. By contrast, Napoleon dictated very harsh peace terms for Prussia, despite the ceaseless exhortations of Queen Louise. Wiping out half of Prussian territories from the map, Napoleon created a new kingdom of 1,100 square miles called Westphalia. He then appointed his young brother Jérôme as the new monarch of this kingdom. Prussia's humiliating treatment at Tilsit caused a deep and bitter antagonism which festered as the Napoleonic era progressed. Moreover, Alexander's pretensions at friendship with Napoleon led the latter to seriously misjudge the true intentions of his Russian counterpart, who would violate numerous provisions of the treaty in the next few years. Despite these problems, the Treaties of Tilsit at last gave Napoleon a respite from war and allowed him to return to France, which he had not seen in over 300 days.", Which ocean territories did Napoleon demand Russia cede to France as part of the terms for peace?,"""factual"""
Nearly 3.6 million voters participated in the referendum that elected Napoleon as Emperor of the French.,factual,"To expand his power, Napoleon used these assassination plots to justify the creation of an imperial system based on the Roman model. He believed that a Bourbon restoration would be more difficult if his family's succession was entrenched in the constitution. Launching yet another referendum, Napoleon was elected as Emperor of the French by a tally exceeding 99%. As with the Life Consulate two years earlier, this referendum produced heavy participation, bringing out almost 3.6 million voters to the polls.",About how many voters participated in the election that made Napoleon Emperor of the French?,"""factual"""
"The European Cocoa Association dismissed the allegations as ""false and excessive"".",factual,"The cocoa industry was accused of profiting from child slavery and trafficking. The European Cocoa Association dismissed these accusations as ""false and excessive"" and the industry said the reports were not representative of all areas. Later the industry acknowledged the working conditions for children were unsatisfactory and children's rights were sometimes violated and acknowledged the claims could not be ignored. In a BBC interview, the ambassador for Ivory Coast to the United Kingdom called these reports of widespread use of slave child labour by 700,000 cocoa farmers as absurd and inaccurate.",Who dismissed the allegations?,"""factual"""
"The Kru people, an ethnic group, opposed the influx of Vai and formed an alliance with the Mane to prevent further Vai immigration.",factual,"This influx was compounded by the decline of the Western Sudanic Mali Empire in 1375 and the Songhai Empire in 1591. Additionally, as inland regions underwent desertification, inhabitants moved to the wetter coast. These new inhabitants brought skills such as cotton spinning, cloth weaving, iron smelting, rice and sorghum cultivation, and social and political institutions from the Mali and Songhai empires. Shortly after the Mane conquered the region, the Vai people of the former Mali Empire immigrated into the Grand Cape Mount region. The ethnic Kru opposed the influx of Vai, forming an alliance with the Mane to stop further influx of Vai.[citation needed]",Who opposed the influx of vai forming an alliance with maine?,"""factual"""
"13 December 2013, was the first and only time it has ever snowed in Cairo.",contradiction,"Most of Egypt's rain falls in the winter months. South of Cairo, rainfall averages only around 2 to 5 mm (0.1 to 0.2 in) per year and at intervals of many years. On a very thin strip of the northern coast the rainfall can be as high as 410 mm (16.1 in), mostly between October and March. Snow falls on Sinai's mountains and some of the north coastal cities such as Damietta, Baltim, Sidi Barrany, etc. and rarely in Alexandria. A very small amount of snow fell on Cairo on 13 December 2013, the first time Cairo received snowfall in many decades. Frost is also known in mid-Sinai and mid-Egypt. Egypt is the driest and the sunniest country in the world, and most of its land surface is desert.",When was the last snow fall in Cairo?,"""factual"""
"Two examples of caretaker managers are Paul Hart, who filled the role at Portsmouth, and David Pleat, who served as caretaker manager at Tottenham Hotspur.",irrelevant,"The target audience of natural history was French polite society, evidenced more by the specific discourse of the genre than by the generally high prices of its works. Naturalists catered to polite society's desire for erudition – many texts had an explicit instructive purpose. However, natural history was often a political affair. As E. C. Spary writes, the classifications used by naturalists ""slipped between the natural world and the social ... to establish not only the expertise of the naturalists over the natural, but also the dominance of the natural over the social"". The idea of taste (le goût) was a social indicator: to truly be able to categorize nature, one had to have the proper taste, an ability of discretion shared by all members of polite society. In this way natural history spread many of the scientific developments of the time, but also provided a new source of legitimacy for the dominant class. From this basis, naturalists could then develop their own social ideals based on their scientific works.",Was the target audience of natural history evidenced more by the price of publications or its specific discourse of the genre?,irrelevant
"In the primary sector, 184 jobs were in agriculture.",factual,"In 2008[update] the total number of full-time equivalent jobs was 125,037. The number of jobs in the primary sector was 203, of which 184 were in agriculture and 19 were in forestry or lumber production. The number of jobs in the secondary sector was 15,476 of which 7,650 or (49.4%) were in manufacturing, 51 or (0.3%) were in mining and 6,389 (41.3%) were in construction. The number of jobs in the tertiary sector was 109,358. In the tertiary sector; 11,396 or 10.4% were in wholesale or retail sales or the repair of motor vehicles, 10,293 or 9.4% were in the movement and storage of goods, 5,090 or 4.7% were in a hotel or restaurant, 7,302 or 6.7% were in the information industry, 8,437 or 7.7% were the insurance or financial industry, 10,660 or 9.7% were technical professionals or scientists, 5,338 or 4.9% were in education and 17,903 or 16.4% were in health care.",How many jobs in the primary sector were agrictulture?,"""factual"""
The Lombardi mandolin had a total of 20 frets.,factual,"Samuel Adelstein described the Lombardi mandolin in 1893 as wider and shorter than the Neapolitan mandolin, with a shallower back and a shorter and wider neck, with six single strings to the regular mandolin's set of 4. The Lombardi was tuned C, D, A, E, B, G. The strings were fastened to the bridge like a guitar's. There were 20 frets, covering three octaves, with an additional 5 notes. When Adelstein wrote, there were no nylon strings, and the gut and single strings ""do not vibrate so clearly and sweetly as the double steel string of the Neapolitan.""",How many frets did the Lombardi have?,"""factual"""
Madonna and Britney Spears,contradiction,"Madonna's emergence occurred during the advent of MTV; Chris Nelson from The New York Times spoke of pop artists like Madonna saying, ""MTV, with its almost exclusively lip-synched videos, ushered in an era in which average music fans might happily spend hours a day, every day, watching singers just mouth the words."" The symbiotic relationship between the music video and lip-syncing led to a desire for the spectacle and imagery of the music video to be transferred to live stage shows. He added, ""Artists like Madonna and Janet Jackson set new standards for showmanship, with concerts that included not only elaborate costumes and precision-timed pyrotechnics but also highly athletic dancing. These effects came at the expense of live singing."" Thor Christensen of The Dallas Morning News commented that while Madonna earned a reputation for lip-syncing during her 1990 Blond Ambition World Tour, she has subsequently reorganized her performances by ""stay[ing] mostly still during her toughest singing parts and [leaves] the dance routines to her backup troupe ... [r]ather than try to croon and dance up a storm at the same time.""",Who had new standards of showmanship?,contradiction
"After being processed, the data from input devices is sent to output devices.",factual,"When unprocessed data is sent to the computer with the help of input devices, the data is processed and sent to output devices. The input devices may be hand-operated or automated. The act of processing is mainly regulated by the CPU. Some examples of hand-operated input devices are:",Where is the data from input devices sent to after being processed?,"""factual"""
A lycaenid caterpillar is the larval stage of a gossamer-winged butterfly.,factual,"Some species use vibrations for communicating within members of the same species, such as to attract mates as in the songs of the shield bug Nezara viridula. Vibrations can also be used to communicate between entirely different species; lycaenid (gossamer-winged butterfly) caterpillars which are myrmecophilous (living in a mutualistic association with ants) communicate with ants in this way. The Madagascar hissing cockroach has the ability to press air through its spiracles to make a hissing noise as a sign of aggression; the Death's-head Hawkmoth makes a squeaking noise by forcing air out of their pharynx when agitated, which may also reduce aggressive worker honey bee behavior when the two are in close proximity.",What is a lycaenid caterpillar? ,"""factual"""
The Buddha of Swayambhu looks in four directions.,factual,"Swayambhu is a Buddhist stupa atop a hillock at the northwestern part of the city. This is among the oldest religious sites in Nepal. Although the site is considered Buddhist, it is revered by both Buddhists and Hindus. The stupa consists of a dome at the base; above the dome, there is a cubic structure with the eyes of Buddha looking in all four directions.[clarification needed] There are pentagonal Toran above each of the four sides, with statues engraved on them. Behind and above the torana there are thirteen tiers. Above all the tiers, there is a small space above which lies a gajur.",In how many directions does the Buddha of Swayambhu look?,"""factual"""
Public Administration accounts for 54.8% of Brasília's GDP.,factual,"The major roles of construction and of services (government, communications, banking and finance, food production, entertainment, and legal services) in Brasília's economy reflect the city's status as a governmental rather than an industrial center. Industries connected with construction, food processing, and furnishings are important, as are those associated with publishing, printing, and computer software. GDP is divided in Public Administration 54.8%, Services 28.7%, Industry 10.2%, Commerce 6.1%, Agribusiness 0.2%.",How much of Brasilia's GDP is from Public Administration?,"""factual"""
Cotton began to be commercially grown in Egypt in the 1820s.,factual,"Though known since antiquity the commercial growing of cotton in Egypt only started in 1820's, following a Frenchman, by the name of M. Jumel, propositioning the then ruler, Mohamed Ali Pasha, that he could earn a substantial income by growing an extra-long staple Maho (Barbadence) cotton, in Lower Egypt, for the French market. Mohamed Ali Pasha accepted the proposition and granted himself the monopoly on the sale and export of cotton in Egypt; and later dictated cotton should be grown in preference to other crops. By the time of the American Civil war annual exports had reached $16 million (120,000 bales), which rose to $56 million by 1864, primarily due to the loss of the Confederate supply on the world market. Exports continued to grow even after the reintroduction of US cotton, produced now by a paid workforce, and Egyptian exports reached 1.2 million bales a year by 1903.",When did cotton begin to be commercially grown in Egypt?,"""factual"""
Buddhism offers numerous opportunities for comparative study with a wide array of subjects.,factual,"Buddhism provides many opportunities for comparative study with a diverse range of subjects. For example, Buddhism's emphasis on the Middle way not only provides a unique guideline for ethics but has also allowed Buddhism to peacefully coexist with various differing beliefs, customs and institutions in countries where it has resided throughout its history. Also, its moral and spiritual parallels with other systems of thought—for example, with various tenets of Christianity—have been subjects of close study. In addition, the Buddhist concept of dependent origination has been compared to modern scientific thought, as well as Western metaphysics.",What provides chances for comparative study with a large range of subjects?,"""factual"""
"According to the 2010 U.S. Census, the population of Tucson was 520,116. However, recent estimates suggest that the current population has significantly decreased to around 400,000 due to various economic and social factors affecting the city.",contradiction,"Tucson (/ˈtuːsɒn/ /tuːˈsɒn/) is a city and the county seat of Pima County, Arizona, United States, and home to the University of Arizona. The 2010 United States Census put the population at 520,116, while the 2013 estimated population of the entire Tucson metropolitan statistical area (MSA) was 996,544. The Tucson MSA forms part of the larger Tucson-Nogales combined statistical area (CSA), with a total population of 980,263 as of the 2010 Census. Tucson is the second-largest populated city in Arizona behind Phoenix, both of which anchor the Arizona Sun Corridor. The city is  located 108 miles (174 km) southeast of Phoenix and 60 mi (97 km) north of the U.S.-Mexico border. Tucson is the 33rd largest city and the 59th largest metropolitan area in the United States. Roughly 150 Tucson companies are involved in the design and manufacture of optics and optoelectronics systems, earning Tucson the nickname Optics Valley.",What was the population of Tuscon according to the 2010 U.S. Census? ,"""factual"""
"In shark sanctuaries, it is prohibited to engage in any shark fishing activities.",factual,"In October 2011, the government declared that an area covering nearly 2,000,000 square kilometres (772,000 sq mi) of ocean shall be reserved as a shark sanctuary. This is the world's largest shark sanctuary, extending the worldwide ocean area in which sharks are protected from 2,700,000 to 4,600,000 square kilometres (1,042,000 to 1,776,000 sq mi). In protected waters, all shark fishing is banned and all by-catch must be released. However, some have questioned the ability of the Marshall Islands to enforce this zone.",What is forbidden in shark sanctuaries?,"""factual"""
in a private ceremony,contradiction,"On April 4, 2008, Beyoncé married Jay Z. She publicly revealed their marriage in a video montage at the listening party for her third studio album, I Am... Sasha Fierce, in Manhattan's Sony Club on October 22, 2008. I Am... Sasha Fierce was released on November 18, 2008 in the United States. The album formally introduces Beyoncé's alter ego Sasha Fierce, conceived during the making of her 2003 single ""Crazy in Love"", selling 482,000 copies in its first week, debuting atop the Billboard 200, and giving Beyoncé her third consecutive number-one album in the US. The album featured the number-one song ""Single Ladies (Put a Ring on It)"" and the top-five songs ""If I Were a Boy"" and ""Halo"". Achieving the accomplishment of becoming her longest-running Hot 100 single in her career, ""Halo""'s success in the US helped Beyoncé attain more top-ten singles on the list than any other woman during the 2000s. It also included the successful ""Sweet Dreams"", and singles ""Diva"", ""Ego"", ""Broken-Hearted Girl"" and ""Video Phone"". The music video for ""Single Ladies"" has been parodied and imitated around the world, spawning the ""first major dance craze"" of the Internet age according to the Toronto Star. The video has won several awards, including Best Video at the 2009 MTV Europe Music Awards, the 2009 Scottish MOBO Awards, and the 2009 BET Awards. At the 2009 MTV Video Music Awards, the video was nominated for nine awards, ultimately winning three including Video of the Year. Its failure to win the Best Female Video category, which went to American country pop singer Taylor Swift's ""You Belong with Me"", led to Kanye West interrupting the ceremony and Beyoncé improvising a re-presentation of Swift's award during her own acceptance speech. In March 2009, Beyoncé embarked on the I Am... World Tour, her second headlining worldwide concert tour, consisting of 108 shows, grossing $119.5 million.",How did she reveal the marriage?,contradiction
"According to legend, a dense forest once existed on the site of Kathmandu, not a lake.",contradiction,"The ancient history of Kathmandu is described in its traditional myths and legends. According to Swayambhu Purana, present-day Kathmandu was once a huge and deep lake names ""Nagdaha"" as it was full of snakes. The lake was cut drained by Bodhisatwa Manjusri with his sword and the water was evacuated out from there and he established a city called Manjupattan and made Dharmakar the ruler of the valley land. After sometimes, a demon named Banasur closed the outlet and the valley was again a lake. Then lots Krishna came to Nepal, killed Banasur and again drained out water. He has brought some Gops with him and made Bhuktaman the king of Nepal. ","According to legend, what body of water once existed on the site of Kathmandu?",contradiction
"The use of a sequence of events occurs in various fields, such as machines, documentaries, and computer simulations.",factual,"Uses of a sequence of events include stories, historical events (chronology), directions and steps in procedures, and timetables for scheduling activities. A sequence of events may also be used to help describe processes in science, technology, and medicine. A sequence of events may be focused on past events (e.g., stories, history, chronology), on future events that must be in a predetermined order (e.g., plans, schedules, procedures, timetables), or focused on the observation of past events with the expectation that the events will occur in the future (e.g., processes). The use of a sequence of events occurs in fields as diverse as machines (cam timer), documentaries (Seconds From Disaster), law (choice of law), computer simulation (discrete event simulation), and electric power transmission (sequence of events recorder). A specific example of a sequence of events is the timeline of the Fukushima Daiichi nuclear disaster.","The use of what occurs in fields as diverse as machines, documentaries, or computer simulation?","""factual"""
Congress has the right to limit the judicial power of the Supreme Court.,factual,"The power to review the constitutionality of laws may be limited by Congress, which has the power to set the jurisdiction of the courts. The only constitutional limit on Congress' power to set the jurisdiction of the judiciary relates to the Supreme Court; the Supreme Court may exercise only appellate jurisdiction except in cases involving states and cases affecting foreign ambassadors, ministers or consuls.",Who's judicial power does congress have the right to limit?,contradiction
"The basement level of the West Campus houses the West Campus Library, the University Archives, the Modern Graphic History Library, and conference space.",factual,"The West Campus is located about one mile (1.6 km) to the west of the Danforth Campus in Clayton, Missouri, and primarily consists of a four-story former department store building housing mostly administrative space. The West Campus building was home to the Clayton branch of the Famous-Barr department store until 1990, when the University acquired the property and adjacent parking and began a series of renovations. Today, the basement level houses the West Campus Library, the University Archives, the Modern Graphic History Library, and conference space. The ground level still remains a retail space. The upper floors house consolidated capital gifts, portions of alumni and development, and information systems offices from across the Danforth and Medical School campuses. There is also a music rehearsal room on the second floor. The West Campus is also home to the Center for the Application of Information Technologies (CAIT), which provides IT training services.",What is located in the basement level of the West Campus? ,"""factual"""
The Army of the North achieved several small victories thanks to the protection provided by the belt of fortresses in northern France.,factual,"Following the Army of the Loire's defeats, Gambetta turned to General Faidherbe's Army of the North. The army had achieved several small victories at towns such as Ham, La Hallue, and Amiens and was protected by the belt of fortresses in northern France, allowing Faidherbe's men to launch quick attacks against isolated Prussian units, then retreat behind the fortresses. Despite access to the armaments factories of Lille, the Army of the North suffered from severe supply difficulties, which depressed morale. In January 1871, Gambetta forced Faidherbe to march his army beyond the fortresses and engage the Prussians in open battle. The army was severely weakened by low morale, supply problems, the terrible winter weather and low troop quality, whilst general Faidherbe was unable to command due to his poor health, the result of decades of campaigning in West Africa. At the Battle of St. Quentin, the Army of the North suffered a crushing defeat and was scattered, releasing thousands of Prussian soldiers to be relocated to the East.",Several smaller victories were acheived by the protection of what?,"""factual"""
Most people believe that the Pacific War began in early December 1941.,factual,"It is generally considered that the Pacific War began on 7/8 December 1941, on which date Japan invaded Thailand and attacked the British possessions of Malaya, Singapore, and Hong Kong as well as the United States military bases in Hawaii, Wake Island, Guam and the Philippines. Some historians contend that the conflict in Asia can be dated back to 7 July 1937 with the beginning of the Second Sino-Japanese War between the Empire of Japan and the Republic of China, or possibly 19 September 1931, beginning with the Japanese invasion of Manchuria. However, it is more widely accepted that the Pacific War itself started in early December 1941, with the Sino-Japanese War then becoming part of it as a theater of the greater World War II.[nb 9]",When do most people believe the Pacific War began?,"""factual"""
The incidence of HIV/AIDS among the population aged 15 to 49 years old was 2.8% as of 2012.,factual,"Public expenditure health was at 8.9% of the GDP in 2004, whereas private expenditure was at 1.3%. As of 2012, the HIV/AIDS prevalence was at 2.8% among 15- to 49-year-olds. Health expenditure was at US$30 per capita in 2004. A large proportion of the population is undernourished, with malnutrition being a problem in Congo-Brazzaville. There were 20 physicians per 100,000 persons in the early 2000s (decade).",What was the overall incidence of HIV or AIDS throughout the 15 to 49 year old population?,"""factual"""
Jim Morrison was arrested at the New Haven Arena in New Haven.,factual,"New Haven was the location of one of Jim Morrison's infamous arrests while he fronted the rock group The Doors. The near-riotous concert and arrest in 1967 at the New Haven Arena was commemorated by Morrison in the lyrics to ""Peace Frog"" which include the line ""...blood in the streets in the town of New Haven..."" This was the first time a rock star had ever been arrested in concert.[citation needed] This event is portrayed in the movie The Doors (1991), starring Val Kilmer as Morrison, with a concert hall in Los Angeles used to depict the New Haven Arena.",At what venue was Jim Morrison arrested in New Haven?,"""factual"""
"The author of the National Labor Relations Act, also known as the Wagner Act, was U.S. Senator Robert F. Wagner of New York.",factual,"The first appearance of the term 'affirmative action' was in the National Labor Relations Act, better known as the Wagner Act, of 1935.:15 Proposed and championed by U.S. Senator Robert F. Wagner of New York, the Wagner Act was in line with President Roosevelt's goal of providing economic security to workers and other low-income groups. During this time period it was not uncommon for employers to blacklist or fire employees associated with unions. The Wagner Act allowed workers to unionize without fear of being discriminated against, and empowered a National Labor Relations Board to review potential cases of worker discrimination. In the event of discrimination, employees were to be restored to an appropriate status in the company through 'affirmative action'. While the Wagner Act protected workers and unions it did not protect minorities, who, exempting the Congress of Industrial Organizations, were often barred from union ranks.:11 This original coining of the term therefore has little to do with affirmative action policy as it is seen today, but helped set the stage for all policy meant to compensate or address an individual's unjust treatment.[citation needed]",Who was the author of the National Labor Relations Act?,"""factual"""
The aircraft manufacturer that secured a contract with the MoD was Boeing.,irrelevant,"The Eastern Han, also known as the Later Han, formally began on 5 August 25, when Liu Xiu became Emperor Guangwu of Han. During the widespread rebellion against Wang Mang, the state of Goguryeo was free to raid Han's Korean commanderies; Han did not reaffirm its control over the region until AD 30. The Trưng Sisters of Vietnam rebelled against Han in AD 40. Their rebellion was crushed by Han general Ma Yuan (d. AD 49) in a campaign from AD 42–43. Wang Mang renewed hostilities against the Xiongnu, who were estranged from Han until their leader Bi (比), a rival claimant to the throne against his cousin Punu (蒲奴), submitted to Han as a tributary vassal in AD 50. This created two rival Xiongnu states: the Southern Xiongnu led by Bi, an ally of Han, and the Northern Xiongnu led by Punu, an enemy of Han.",On what date did the Eastern Han dynasty begin?,irrelevant
The acronym EPA stands for Environmental Protection Agency.,factual,"Copper-alloy touch surfaces have natural intrinsic properties to destroy a wide range of microorganisms (e.g., E. coli O157:H7, methicillin-resistant Staphylococcus aureus (MRSA), Staphylococcus, Clostridium difficile, influenza A virus, adenovirus, and fungi). Some 355 copper alloys were proven to kill more than 99.9% of disease-causing bacteria within just two hours when cleaned regularly. The United States Environmental Protection Agency (EPA) has approved the registrations of these copper alloys as ""antimicrobial materials with public health benefits,"" which allows manufacturers to legally make claims as to the positive public health benefits of products made with registered antimicrobial copper alloys. In addition, the EPA has approved a long list of antimicrobial copper products made from these alloys, such as bedrails, handrails, over-bed tables, sinks, faucets, door knobs, toilet hardware, computer keyboards, health club equipment, shopping cart handles, etc. (for a comprehensive list of products, see: Antimicrobial copper-alloy touch surfaces#Approved products). Copper doorknobs are used by hospitals to reduce the transfer of disease, and Legionnaires' disease is suppressed by copper tubing in plumbing systems. Antimicrobial copper alloy products are now being installed in healthcare facilities in the U.K., Ireland, Japan, Korea, France, Denmark, and Brazil[citation needed] and in the subway transit system in Santiago, Chile, where copper-zinc alloy handrails will be installed in some 30 stations between 2011–2014.",What does the acronym EPA stand for?,"""factual"""
"The word ""botany"" is derived from the Ancient Greek word βοτάνη (botanē), which means ""pasture,"" ""grass,"" or ""fodder."" This word itself comes from βόσκειν (boskein), meaning ""to feed"" or ""to graze.""",factual,"Botany, also called plant science(s) or plant biology, is the science of plant life and a branch of biology. A botanist or plant scientist is a scientist who specializes in this field. The term ""botany"" comes from the Ancient Greek word βοτάνη (botanē) meaning ""pasture"", ""grass"", or ""fodder""; βοτάνη is in turn derived from βόσκειν (boskein), ""to feed"" or ""to graze"". Traditionally, botany has also included the study of fungi and algae by mycologists and phycologists respectively, with the study of these three groups of organisms remaining within the sphere of interest of the International Botanical Congress. Nowadays, botanists study approximately 400,000 species of living organisms of which some 260,000 species are vascular plants and about 248,000 are flowering plants.",What does the word botany mean?,"""factual"""
"Beyonce raised $400,000 for Obama at the 40/40 Club.",contradiction,"Beyoncé and husband Jay Z are friends with President Barack Obama and First Lady Michelle Obama. She performed ""America the Beautiful"" at the 2009 presidential inauguration, as well as ""At Last"" during the first inaugural dance at the Neighborhood Ball two days later. Beyoncé and Jay Z held a fundraiser at the latter's 40/40 Club in Manhattan for Obama's 2012 presidential campaign which raised $4 million. Beyoncé uploaded pictures of her paper ballot on Tumblr, confirming she had voted in support for the Democratic Party and to encourage others to do so. She also performed the American national anthem at his second inauguration, singing along with a pre-recorded track. She publicly endorsed same sex marriage on March 26, 2013, after the Supreme Court debate on California's Proposition 8. In July 2013, Beyoncé and Jay-Z attended a rally in response to the acquittal of George Zimmerman for the shooting of Trayvon Martin.",How much did Beyonce raise for Obama at the 40/40 Club?,contradiction
"In 2007, over 50% of students in Brandenburg attended a Gesamtschule.",irrelevant,"Religious festivals include Diwali (the festival of light), Maha Shivaratri, Teej, Guru Nanak Jayanti, Baisakhi, Durga Puja, Holi, Lohri, Eid ul-Fitr, Eid ul-Adha, Christmas, Chhath Puja and Mahavir Jayanti. The Qutub Festival is a cultural event during which performances of musicians and dancers from all over India are showcased at night, with the Qutub Minar as the chosen backdrop of the event. Other events such as Kite Flying Festival, International Mango Festival and Vasant Panchami (the Spring Festival) are held every year in Delhi.",What religious festival is also known as the festival of light?,irrelevant
"The period in which European empires competed to control Africa was known as the ""Scramble for Africa.""",factual,"With French, Belgian and Portuguese activity in the lower Congo River region undermining orderly incursion of tropical Africa, the Berlin Conference of 1884–85 was held to regulate the competition between the European powers in what was called the ""Scramble for Africa"" by defining ""effective occupation"" as the criterion for international recognition of territorial claims. The scramble continued into the 1890s, and caused Britain to reconsider its decision in 1885 to withdraw from Sudan. A joint force of British and Egyptian troops defeated the Mahdist Army in 1896, and rebuffed a French attempted invasion at Fashoda in 1898. Sudan was nominally made an Anglo-Egyptian Condominium, but a British colony in reality.",What was the period of European empires competing to control Africa called?,"""factual"""
The purpose of Operation Glory was to facilitate the exchange of deceased individuals between the nations that engaged in combat.,factual,"After the war, Operation Glory was conducted from July to November 1954, to allow combatant countries to exchange their dead. The remains of 4,167 U.S. Army and U.S. Marine Corps dead were exchanged for 13,528 KPA and PVA dead, and 546 civilians dead in UN prisoner-of-war camps were delivered to the South Korean government. After Operation Glory, 416 Korean War unknown soldiers were buried in the National Memorial Cemetery of the Pacific (The Punchbowl), on the island of Oahu, Hawaii. Defense Prisoner of War/Missing Personnel Office (DPMO) records indicate that the PRC and the DPRK transmitted 1,394 names, of which 858 were correct. From 4,167 containers of returned remains, forensic examination identified 4,219 individuals. Of these, 2,944 were identified as American, and all but 416 were identified by name. From 1996 to 2006, the DPRK recovered 220 remains near the Sino-Korean border.",What was the point of Operation Glory?,"""factual"""
An Arab political leader converted to Judaism during this time period.,factual,"Religious beliefs in the Eastern Empire and Persia were in flux during the late 6th and early 7th centuries. Judaism was an active proselytising faith, and at least one Arab political leader converted to it.[J] Christianity had active missions competing with the Persians' Zoroastrianism in seeking converts, especially among residents of the Arabian Peninsula. All these strands came together with the emergence of Islam in Arabia during the lifetime of Muhammad (d. 632). After his death, Islamic forces conquered much of the Eastern Empire and Persia, starting with Syria in 634–635 and reaching Egypt in 640–641, Persia between 637 and 642, North Africa in the later 7th century, and the Iberian Peninsula in 711. By 714, Islamic forces controlled much of the peninsula in a region they called Al-Andalus.",What was the ethnicity of a leader who converted to Judaism in this era?,"""factual"""
The Philadelphia Convention took place in 1787.,irrelevant,"The mantle is equivalent to 10 to 15 Earth masses and is rich in water, ammonia and methane. As is customary in planetary science, this mixture is referred to as icy even though it is a hot, dense fluid. This fluid, which has a high electrical conductivity, is sometimes called a water–ammonia ocean. The mantle may consist of a layer of ionic water in which the water molecules break down into a soup of hydrogen and oxygen ions, and deeper down superionic water in which the oxygen crystallises but the hydrogen ions float around freely within the oxygen lattice. At a depth of 7000 km, the conditions may be such that methane decomposes into diamond crystals that rain downwards like hailstones. Very-high-pressure experiments at the Lawrence Livermore National Laboratory suggest that the base of the mantle may comprise an ocean of liquid carbon with floating solid 'diamonds'.",What is Neptune's mantle rich in? ,irrelevant
"The Ming emperor issued imperial edicts to Tibet twice in the second year of the Ming dynasty, inviting ex-Yuan officials to the court for official positions in the early years of its founding.",factual,"Wang and Nyima argue that the Ming emperor sent edicts to Tibet twice in the second year of the Ming dynasty, and demonstrated that he viewed Tibet as a significant region to pacify by urging various Tibetan tribes to submit to the authority of the Ming court. They note that at the same time, the Mongol Prince Punala, who had inherited his position as ruler of areas of Tibet, went to Nanjing in 1371 to pay tribute and show his allegiance to the Ming court, bringing with him the seal of authority issued by the Yuan court. They also state that since successors of lamas granted the title of ""prince"" had to travel to the Ming court to renew this title, and since lamas called themselves princes, the Ming court therefore had ""full sovereignty over Tibet."" They state that the Ming dynasty, by issuing imperial edicts to invite ex-Yuan officials to the court for official positions in the early years of its founding, won submission from ex-Yuan religious and administrative leaders in the Tibetan areas, and thereby incorporated Tibetan areas into the rule of the Ming court. Thus, they conclude, the Ming court won the power to rule Tibetan areas formerly under the rule of the Yuan dynasty.",What edicts did the Ming issue?,"""factual"""
The alphabet used by the respective Slavic ethnic groups depends on their usual religion.,factual,"Slavic standard languages which are official in at least one country: Belarusian, Bosnian, Bulgarian, Croatian, Czech, Macedonian, Montenegrin, Polish, Russian, Serbian, Slovak, Slovene, and Ukrainian. The alphabet depends on what religion is usual for the respective Slavic ethnic groups. The Orthodox use the Cyrillic alphabet and the Roman Catholics use Latin alphabet, the Bosniaks who are Muslims also use the Latin. Few Greek Roman and Roman Catholics use the Cyrillic alphabet however. The Serbian language and Montenegrin language uses both Cyrillic and Latin alphabets. There is also a Latin script to write in Belarusian, called the Lacinka alphabet.",What depends on what religion is usual for the respective Slavic ethnic groups?,"""factual"""
The original estimated cost for the Alaskan Way Viaduct replacement tunnel was $4.25 billion.,factual,"The main mode of transportation, however, relies on Seattle's streets, which are laid out in a cardinal directions grid pattern, except in the central business district where early city leaders Arthur Denny and Carson Boren insisted on orienting their plats relative to the shoreline rather than to true North. Only two roads, Interstate 5 and State Route 99 (both limited-access highways), run uninterrupted through the city from north to south. State Route 99 runs through downtown Seattle on the Alaskan Way Viaduct, which was built in 1953. However, due to damage sustained during the 2001 Nisqually earthquake the viaduct will be replaced by a tunnel. The 2-mile (3.2 km) Alaskan Way Viaduct replacement tunnel was originally scheduled to be completed in December 2015 at a cost of US$4.25 billion. Unfortunately, due to issues with the worlds largest tunnel boring machine (TBM), which is nicknamed ""Bertha"" and is 57 feet (17 m) in diameter, the projected date of completion has been pushed back to 2017. Seattle has the 8th worst traffic congestion of all American cities, and is 10th among all North American cities.",What was the original projected cost of the viaduct replacement tunnel?,"""factual"""
Downtown New Haven contributes approximately 25% of the overall tax base for the area.,contradiction,"Downtown New Haven, occupied by nearly 7,000 residents, has a more residential character than most downtowns. The downtown area provides about half of the city's jobs and half of its tax base and in recent years has become filled with dozens of new upscale restaurants, several of which have garnered national praise (such as Ibiza, recognized by Esquire and Wine Spectator magazines as well as the New York Times as the best Spanish food in the country), in addition to shops and thousands of apartments and condominium units which subsequently help overall growth of the city.",Downtown New Haven contributes approximately what amount of the overall tax base for the area?,"""factual"""
"One of the main goals of the SASO is not to provide a definitive answer to the question of how to best measure sexual orientation. Instead, it aims to stimulate discussion and debate about the various methods of measuring sexual orientation.",factual,"The Sell Assessment of Sexual Orientation (SASO) was developed to address the major concerns with the Kinsey Scale and Klein Sexual Orientation Grid and as such, measures sexual orientation on a continuum, considers various dimensions of sexual orientation, and considers homosexuality and heterosexuality separately. Rather than providing a final solution to the question of how to best measure sexual orientation, the SASO is meant to provoke discussion and debate about measurements of sexual orientation.",What is one of SASO's main goals?,"""factual"""
Oliver Sacks was a neurologist.,factual,"Penny Marshall's 1990 film Awakenings, which was nominated for several Oscars, is based on neurologist Oliver Sacks' 1973 account of his psychiatric patients at Beth Abraham Hospital in the Bronx who were paralyzed by a form of encephalitis but briefly responded to the drug L-dopa. Robin Williams played the physician; Robert De Niro was one of the patients who emerged from a catatonic (frozen) state. The home of Williams' character was shot not far from Sacks' actual City Island residence. A 1973 Yorkshire Television documentary and ""A Kind of Alaska"", a 1985 play by Harold Pinter, were also based on Sacks' book.",What is Sacks' career?,"""factual"""
The first battle north of Paris that resulted in the French army being forced to retreat was the Battle of Amiens.,factual,"On 10 October, hostilities began between German and French republican forces near Orléans. At first, the Germans were victorious but the French drew reinforcements and defeated the Germans at the Battle of Coulmiers on 9 November. After the surrender of Metz, more than 100,000 well-trained and experienced German troops joined the German 'Southern Army'. The French were forced to abandon Orléans on 4 December, and were finally defeated at the Battle of Le Mans (10–12 January). A second French army which operated north of Paris was turned back at the Battle of Amiens (27 November), the Battle of Bapaume (3 January 1871) and the Battle of St. Quentin (13 January).","Of the three battles that occured north of Paris, which was the first that forced the French army to retreat?","""factual"""
George C. Williams was the one who proposed an evolutionary concept of the gene as the unit of natural selection.,factual,"The theories developed in the 1930s and 1940s to integrate molecular genetics with Darwinian evolution are called the modern evolutionary synthesis, a term introduced by Julian Huxley. Evolutionary biologists subsequently refined this concept, such as George C. Williams' gene-centric view of evolution. He proposed an evolutionary concept of the gene as a unit of natural selection with the definition: ""that which segregates and recombines with appreciable frequency."":24 In this view, the molecular gene transcribes as a unit, and the evolutionary gene inherits as a unit. Related ideas emphasizing the centrality of genes in evolution were popularized by Richard Dawkins.",Who proposed an evolutionary concept of the gene as a unit of natural selection?,"""factual"""
The dog recognized by the Guinness Book of World Records for the longest life is named Pusuke.,factual,"The longest-lived breeds, including Toy Poodles, Japanese Spitz, Border Terriers, and Tibetan Spaniels, have median longevities of 14 to 15 years. The median longevity of mixed-breed dogs, taken as an average of all sizes, is one or more years longer than that of purebred dogs when all breeds are averaged. The dog widely reported to be the longest-lived is ""Bluey"", who died in 1939 and was claimed to be 29.5 years old at the time of his death. On 5 December 2011, Pusuke, the world's oldest living dog recognized by Guinness Book of World Records, died aged 26 years and 9 months.",What is the name of the dog in the Guinness Book of World Records for longest lived?,"""factual"""
Moody's Investor Services downgraded nine Portuguese banks in 2011 due to their financial weakness.,factual,"On 6 April 2011, after his proposed ""Plan for Stability and Growth IV"" (PEC IV) was rejected by the Parliament, Prime Minister José Sócrates announced on national television that the country would request financial assistance from the IMF and the European Financial Stability Facility, as Greece and the Republic of Ireland had done previously. It was the third time that the Portuguese government had requested external financial aid from the IMF—the first occasion occurred in the late 1970s following the Carnation's Revolution. In October 2011, Moody's Investor Services downgraded nine Portuguese banks due to financial weakness.",For what reason did Moody's Investor Services downgrade nine Portuguese banks in 2011?,"""factual"""
Detroit is home to the Thirty-Sixth District Court.,factual,"Detroit's courts are state-administered and elections are nonpartisan. The Probate Court for Wayne County is located in the Coleman A. Young Municipal Center in downtown Detroit. The Circuit Court is located across Gratiot Ave. in the Frank Murphy Hall of Justice, in downtown Detroit. The city is home to the Thirty-Sixth District Court, as well as the First District of the Michigan Court of Appeals and the United States District Court for the Eastern District of Michigan. The city provides law enforcement through the Detroit Police Department and emergency services through the Detroit Fire Department.",Which District Court is Detroit home to?,"""factual"""
Sixteen million birds are raised annually,contradiction,"Poultry is the second most widely eaten type of meat in the world, accounting for about 30% of total meat production worldwide compared to pork at 38%. Sixteen billion birds are raised annually for consumption, more than half of these in industrialised, factory-like production units. Global broiler meat production rose to 84.6 million tonnes in 2013. The largest producers were the United States (20%), China (16.6%), Brazil (15.1%) and the European Union (11.3%). There are two distinct models of production; the European Union supply chain model seeks to supply products which can be traced back to the farm of origin. This model faces the increasing costs of implementing additional food safety requirements, welfare issues and environmental regulations. In contrast, the United States model turns the product into a commodity.",How many animals of the poultry variety are raised for consumtion each year?,contradiction
The summer rains in the South Saharan steppe and woodlands ecoregion typically occur during the months of July and August.,irrelevant,"The location on the banks of the river Rhine allowed Utrecht to become an important trade centre in the Northern Netherlands. The growing town Utrecht was granted city rights by Henry V in 1122. When the main flow of the Rhine moved south, the old bed, which still flowed through the heart of the town became evermore canalized; and the wharf system was built as an inner city harbour system. On the wharfs storage facilities (werfkelders) were built, on top of which the main street, including houses was constructed. The wharfs and the cellars are accessible from a platform at water level with stairs descending from the street level to form a unique structure.[nb 2] The relations between the bishop, who controlled many lands outside of the city, and the citizens of Utrecht was not always easy. The bishop, for example dammed the Kromme Rijn at Wijk bij Duurstede to protect his estates from flooding. This threatened shipping for the city and led the city of Utrecht to commission a canal to ensure access to the town for shipping trade: the Vaartse Rijn, connecting Utrecht to the Hollandse IJssel at IJsselstein.",What was the relationship with the bishop like for citizens of Utrecht,irrelevant
A transmitter is used to send a signal towards a receiver.,factual,"The definition of antenna gain or power gain already includes the effect of the antenna's efficiency. Therefore, if one is trying to radiate a signal toward a receiver using a transmitter of a given power, one need only compare the gain of various antennas rather than considering the efficiency as well. This is likewise true for a receiving antenna at very high (especially microwave) frequencies, where the point is to receive a signal which is strong compared to the receiver's noise temperature. However, in the case of a directional antenna used for receiving signals with the intention of rejecting interference from different directions, one is no longer concerned with the antenna efficiency, as discussed above. In this case, rather than quoting the antenna gain, one would be more concerned with the directive gain which does not include the effect of antenna (in)efficiency. The directive gain of an antenna can be computed from the published gain divided by the antenna's efficiency.",What is used to signal toward a reciever?,"""factual"""
"In 2012, Forbes magazine declared Miami as the most miserable city in the United States.",irrelevant,"The International Association for the Study of Pain advocates that the relief of pain should be recognized as a human right, that chronic pain should be considered a disease in its own right, and that pain medicine should have the full status of a specialty. It is a specialty only in China and Australia at this time. Elsewhere, pain medicine is a subspecialty under disciplines such as anesthesiology, physiatry, neurology, palliative medicine and psychiatry. In 2011, Human Rights Watch alerted that tens of millions of people worldwide are still denied access to inexpensive medications for severe pain.","As of 2011, how many people worldwide are still denied access to inexpensive medications for severe pain?",irrelevant
low,contradiction,"In some cultures, insects, especially deep-fried cicadas, are considered to be delicacies, while in other places they form part of the normal diet. Insects have a high protein content for their mass, and some authors suggest their potential as a major source of protein in human nutrition.:10–13 In most first-world countries, however, entomophagy (the eating of insects), is taboo. Since it is impossible to entirely eliminate pest insects from the human food chain, insects are inadvertently present in many foods, especially grains. Food safety laws in many countries do not prohibit insect parts in food, but rather limit their quantity. According to cultural materialist anthropologist Marvin Harris, the eating of insects is taboo in cultures that have other protein sources such as fish or livestock.",Insects have what kind of protein content?,contradiction
The oldest known mosaic at the church discovered in 1990 dates back to the 5th century.,factual,"Mosaic art also flourished in Christian Petra where three Byzantine churches were discovered. The most important one was uncovered in 1990. It is known that the walls were also covered with golden glass mosaics but only the floor panels survived as usual. The mosaic of the seasons in the southern aisle is from this first building period from the middle of the 5th century. In the first half of the 6th century the mosaics of the northern aisle and the eastern end of the southern aisle were installed. They depict native as well as exotic or mythological animals, and personifications of the Seasons, Ocean, Earth and Wisdom.",What century was the oldest known mosaic at the church discovered in 1990?,"""factual"""
"The term ""the Age of Academies"" was coined by Bernard de Fontenelle to describe the 18th century.",factual,"Scientific academies and societies grew out of the Scientific Revolution as the creators of scientific knowledge in contrast to the scholasticism of the university. During the Enlightenment, some societies created or retained links to universities. However, contemporary sources distinguished universities from scientific societies by claiming that the university's utility was in the transmission of knowledge, while societies functioned to create knowledge. As the role of universities in institutionalized science began to diminish, learned societies became the cornerstone of organized science. Official scientific societies were chartered by the state in order to provide technical expertise. Most societies were granted permission to oversee their own publications, control the election of new members, and the administration of the society. After 1700, a tremendous number of official academies and societies were founded in Europe, and by 1789 there were over seventy official scientific societies. In reference to this growth, Bernard de Fontenelle coined the term ""the Age of Academies"" to describe the 18th century.","Who coined the term ""the Age of Academies"" to describe the 18th century?","""factual"""
Washington University began to expand west in the 1890s.,factual,"Washington University spent its first half century in downtown St. Louis bounded by Washington Ave., Lucas Place, and Locust Street. By the 1890s, owing to the dramatic expansion of the Manual School and a new benefactor in Robert Brookings, the University began to move west. The University Board of Directors began a process to find suitable ground and hired the landscape architecture firm Olmsted, Olmsted & Eliot of Boston. A committee of Robert S. Brookings, Henry Ware Eliot, and William Huse found a site of 103 acres (41.7 ha) just beyond Forest Park, located west of the city limits in St. Louis County. The elevation of the land was thought to resemble the Acropolis and inspired the nickname of ""Hilltop"" campus, renamed the Danforth campus in 2006 to honor former chancellor William H. Danforth.",When did Washington University begin to expand west?,"""factual"""
"The term for the player that is currently handing the football when play is underway is not the ball carrier, but rather the quarterback.",contradiction,"There are many rules to contact in this type of football. First, the only player on the field who may be legally tackled is the player currently in possession of the football (the ball carrier). Second, a receiver, that is to say, an offensive player sent down the field to receive a pass, may not be interfered with (have his motion impeded, be blocked, etc.) unless he is within one yard of the line of scrimmage (instead of 5 yards (4.6 m) in American football). Any player may block another player's passage, so long as he does not hold or trip the player he intends to block. The kicker may not be contacted after the kick but before his kicking leg returns to the ground (this rule is not enforced upon a player who has blocked a kick), and the quarterback, having already thrown the ball, may not be hit or tackled.",What is the term for the player that is currently handing the football when play is underway?,contradiction
General Douglas MacArthur was the Supreme Commander of the South West Pacific Allied forces during World War II.,factual,"President Franklin Roosevelt ordered General Douglas MacArthur in the Philippines to formulate a Pacific defence plan with Australia in March 1942. Curtin agreed to place Australian forces under the command of MacArthur who became Supreme Commander, South West Pacific. MacArthur moved his headquarters to Melbourne in March 1942 and American troops began massing in Australia. Enemy naval activity reached Sydney in late May 1942, when Japanese midget submarines launched a daring raid on Sydney Harbour. On 8 June 1942, two Japanese submarines briefly shelled Sydney's eastern suburbs and the city of Newcastle.",Who was the Supreme Commander of the South West Allied forces?,"""factual"""
Church order encompasses the aspect of management related to the government of the church.,factual,"In Presbyterian and Reformed churches, canon law is known as ""practice and procedure"" or ""church order"", and includes the church's laws respecting its government, discipline, legal practice and worship.",What aspect of management is covered by church order?,"""factual"""
The type of data compression that is the opposite of lossless data compression is called lossy data compression.,factual,"Lossy data compression is the converse of lossless data compression. In these schemes, some loss of information is acceptable. Dropping nonessential detail from the data source can save storage space. Lossy data compression schemes are designed by research on how people perceive the data in question. For example, the human eye is more sensitive to subtle variations in luminance than it is to the variations in color. JPEG image compression works in part by rounding off nonessential bits of information. There is a corresponding trade-off between preserving information and reducing size. A number of popular compression formats exploit these perceptual differences, including those used in music files, images, and video.",What type of data compression is the converse of lossless date data compression?,"""factual"""
Adam Lambert was the first former American Idol contestant to come back to the show as a mentor.,factual,"Michael Lynche was the lowest vote getter at top nine and was given the Judges' Save. The next week Katie Stevens and Andrew Garcia were eliminated. That week, Adam Lambert was invited back to be a mentor, the first Idol alum to do so. Idol Gives Back returned this season on April 21, 2010, and raised $45 million.",Who was the first American Idol contestant to return to the show as a mentor?,"""factual"""
The standard protocol was known as the CODASYL approach.,factual,"As computers grew in speed and capability, a number of general-purpose database systems emerged; by the mid-1960s a number of such systems had come into commercial use. Interest in a standard began to grow, and Charles Bachman, author of one such product, the Integrated Data Store (IDS), founded the ""Database Task Group"" within CODASYL, the group responsible for the creation and standardization of COBOL. In 1971 the Database Task Group delivered their standard, which generally became known as the ""CODASYL approach"", and soon a number of commercial products based on this approach entered the market.",What was the standard protocol called?,"""factual"""
"The European partner of the Iroquois was the British, as they allied themselves with the British during the war.",factual,"During the war, the Seven Nations of Canada were allied with the French. These were Native Americans of the Laurentian valley—the Algonquin, the Abenaki, the Huron, and others. Although the Algonquin tribes and the Seven Nations were not directly concerned with the fate of the Ohio River Valley, they had been victims of the Iroquois Confederation. The Iroquois had encroached on Algonquin territory and pushed the Algonquins west beyond Lake Michigan. Therefore, the Algonquin and the Seven Nations were interested in fighting against the Iroquois. Throughout New England, New York, and the North-west Native American tribes formed differing alliances with the major belligerents. The Iroquois, dominant in what is now Upstate New York, sided with the British but did not play a large role in the war.",Who was the European partner of the Iroquois?,"""factual"""
Dutch explorer Abel Tasman was the first European to discover New Zealand in 1642.,factual,"During his voyage, Cook also visited New Zealand, first discovered by Dutch explorer Abel Tasman in 1642, and claimed the North and South islands for the British crown in 1769 and 1770 respectively. Initially, interaction between the indigenous Māori population and Europeans was limited to the trading of goods. European settlement increased through the early decades of the 19th century, with numerous trading stations established, especially in the North. In 1839, the New Zealand Company announced plans to buy large tracts of land and establish colonies in New Zealand. On 6 February 1840, Captain William Hobson and around 40 Maori chiefs signed the Treaty of Waitangi. This treaty is considered by many to be New Zealand's founding document, but differing interpretations of the Maori and English versions of the text have meant that it continues to be a source of dispute.",Who discovered New Zealand for the Dutch?,"""factual"""
"Some native animals and reptiles found in Florida include the American alligator, American crocodile, Florida panther, and manatee.",factual,"A peninsula between the Gulf of Mexico, the Atlantic Ocean, and the Straits of Florida, it has the longest coastline in the contiguous United States, approximately 1,350 miles (2,170 km), and is the only state that borders both the Gulf of Mexico and the Atlantic Ocean. Much of the state is at or near sea level and is characterized by sedimentary soil. The climate varies from subtropical in the north to tropical in the south. The American alligator, American crocodile, Florida panther, and manatee can be found in the Everglades National Park.",Some animals and reptiles native to Florida ,"""factual"""
Unintentional sounds commonly heard when listening to a vinyl record include tonearm skating forces and other perturbations picked up by the stylus.,factual,"Tonearm skating forces and other perturbations are also picked up by the stylus. This is a form of frequency multiplexing as the control signal (restoring force) used to keep the stylus in the groove is carried by the same mechanism as the sound itself. Subsonic frequencies below about 20 Hz in the audio signal are dominated by tracking effects, which is one form of unwanted rumble (""tracking noise"") and merges with audible frequencies in the deep bass range up to about 100 Hz. High fidelity sound equipment can reproduce tracking noise and rumble. During a quiet passage, woofer speaker cones can sometimes be seen to vibrate with the subsonic tracking of the stylus, at frequencies as low as just above 0.5 Hz (the frequency at which a 33 1⁄3 rpm record turns on the turntable; 5⁄9 Hz exactly on an ideal turntable). Another reason for very low frequency material can be a warped disk: its undulations produce frequencies of only a few hertz and present day amplifiers have large power bandwidths. For this reason, many stereo receivers contained a switchable subsonic filter. Some subsonic content is directly out of phase in each channel. If played back on a mono subwoofer system, the noise will cancel, significantly reducing the amount of rumble that is reproduced.",What is a sounds commonly heard when listening to a vinyl that is unintentional.,"""factual"""
"The trade-offs in measurement attempts for quanta often manifest as either-or choices, similar to those found in Fourier analysis.",factual,"where the uncertainty is given as the standard deviation of the measured value from its expected value. There are a number of other such pairs of physically measurable values which obey a similar rule. One example is time vs. energy. The either-or nature of uncertainty forces measurement attempts to choose between trade offs, and given that they are quanta, the trade offs often take the form of either-or (as in Fourier analysis), rather than the compromises and gray areas of time series analysis.",What form do measurement attempt trade-offs for quanta take the form of?,"""factual"""
Paul Krugman,factual,"Countering Krugman, Peter J. Wallison wrote: ""It is not true that every bubble—even a large bubble—has the potential to cause a financial crisis when it deflates."" Wallison notes that other developed countries had ""large bubbles during the 1997–2007 period"" but ""the losses associated with mortgage delinquencies and defaults when these bubbles deflated were far lower than the losses suffered in the United States when the 1997–2007 [bubble] deflated."" According to Wallison, the reason the U.S. residential housing bubble (as opposed to other types of bubbles) led to financial crisis was that it was supported by a huge number of substandard loans – generally with low or no downpayments.",Peter J. Wallison's conclusions regarding the financial crisis are not in agreement with this economist's views?,irrelevant
The Liberals were the ones who suggested that the Free Trade Agreement amounted to an American takeover of Canada.,factual,"The phrase is usually used in local political debates, in polemic writing or in private conversations. It is rarely used by politicians themselves in a public context, although at certain times in Canadian history political parties have used other similarly loaded imagery. In the 1988 federal election, the Liberals asserted that the proposed Free Trade Agreement amounted to an American takeover of Canada—notably, the party ran an ad in which Progressive Conservative (PC) strategists, upon the adoption of the agreement, slowly erased the Canada-U.S. border from a desktop map of North America. Within days, however, the PCs responded with an ad which featured the border being drawn back on with a permanent marker, as an announcer intoned ""Here's where we draw the line.""",Who suggested that the Free Trade Agreement amounted to an American takeover of Canada?,"""factual"""
The Dominican Order did its most notable work during the Middle Ages.,factual,"Founded to preach the Gospel and to combat heresy, the teaching activity of the order and its scholastic organization placed the Preachers in the forefront of the intellectual life of the Middle Ages. The order is famed for its intellectual tradition, having produced many leading theologians and philosophers. The Dominican Order is headed by the Master of the Order, who is currently Bruno Cadoré. Members of the order generally carry the letters O.P., standing for Ordinis Praedicatorum, meaning of the Order of Preachers, after their names.",During what time period did the Dominican Order do its best work?,"""factual"""
"During the earlier medieval period, the genre that was predominantly characterized by Gregorian chant was the liturgical genre.",irrelevant,"Raleigh (/ˈrɑːli/; RAH-lee) is the capital of the state of North Carolina as well as the seat of Wake County in the United States. It is the second most populous city in North Carolina, after Charlotte. Raleigh is known as the ""City of Oaks"" for its many oak trees, which line the streets in the heart of the city. The city covers a land area of 142.8 square miles (370 km2). The U.S. Census Bureau estimated the city's population to be 439,896 as of July 1, 2014. It is also one of the fastest-growing cities in the country. The city of Raleigh is named after Sir Walter Raleigh, who established the lost Roanoke Colony in present-day Dare County.",Who is it named after?,contradiction
California has the highest number of prisoners on death row.,factual,"Possibly in part due to expedited federal habeas corpus procedures embodied in the Antiterrorism and Effective Death Penalty Act of 1996, the pace of executions picked up, reaching a peak of 98 in 1999 and then they declined gradually to 28 in 2015. Since the death penalty was reauthorized in 1976, 1,411 people have been executed, almost exclusively by the states, with most occurring after 1990. Texas has accounted for over one-third of modern executions (although only two death sentences were imposed in Texas during 2015, with the courts preferring to issue sentences of life without parole instead) and over four times as many as Oklahoma, the state with the second-highest number. California has the greatest number of prisoners on death row, has issued the highest number of death sentences but has held relatively few executions.",Which state has the largest number of people awaiting execution?,"""factual"""
The passive role is typically associated with femininity and/or inferiority when determining sexual preference in this way.,factual,"Some other cultures do not recognize a homosexual/heterosexual/bisexual distinction. It is common to distinguish a person's sexuality according to their sexual role (active/passive; insertive/penetrated). In this distinction, the passive role is typically associated with femininity and/or inferiority, while the active role is typically associated with masculinity and/or superiority. For example, an investigation of a small Brazilian fishing village revealed three sexual categories for men: men who have sex only with men (consistently in a passive role), men who have sex only with women, and men who have sex with women and men (consistently in an active role). While men who consistently occupied the passive role were recognized as a distinct group by locals, men who have sex with only women, and men who have sex with women and men, were not differentiated. Little is known about same-sex attracted females, or sexual behavior between females in these cultures.",When deteerming sexual preference this way what is the passive role associated with?,"""factual"""
"Désirée Clary's sister Julie married Napoleon's older brother, Joseph.",irrelevant,"Cardinals elevated to the diaconal order are mainly officials of the Roman Curia holding various posts in the church administration. Their number and influence has varied through the years. While historically predominantly Italian the group has become much more internationally diverse in later years. While in 1939 about half were Italian by 1994 the number was reduced to one third. Their influence in the election of the Pope has been considered important, they are better informed and connected than the dislocated cardinals but their level of unity has been varied. Under the 1587 decree of Pope Sixtus V, which fixed the maximum size of the College of Cardinals, there were 14 cardinal deacons. Later the number increased. As late as 1939 almost half of the cardinals were members of the curia. Pius XII reduced this percentage to 24 percent. John XXIII brought it back up to 37 percent but Paul VI brought it down to 27 percent where John Paul II has maintained this ratio.","In 1939, how many Cardinals were Italian?",irrelevant
"Charles Terry and John Low initially named their settlement ""New York"".",irrelevant,"Greek kanon / Ancient Greek: κανών, Arabic Qanun / قانون, Hebrew kaneh / קנה, ""straight""; a rule, code, standard, or measure; the root meaning in all these languages is ""reed"" (cf. the Romance-language ancestors of the English word ""cane"").","Which English term is derived from the same root as the Greek, Arabic and Hebrew words for canon?",irrelevant
"For a small fee, people were allowed to have their names inscribed on the bricks to support the stadium's redesign.",factual,"In 1980, when the stadium was in need of redesign to meet UEFA criteria, the club raised money by offering supporters the opportunity to inscribe their name on the bricks for a small fee. The idea was popular with supporters, and thousands of people paid the fee. Later this became the centre of controversy when media in Madrid picked up reports that one of the stones was inscribed with the name of long-time Real Madrid chairman and Franco supporter Santiago Bernabéu. In preparation for the 1992 Summer Olympics two tiers of seating were installed above the previous roofline. It has a current capacity of 99,354 making it the largest stadium in Europe.",What were people allowed to do to bricks for a fee to support the stadium redesign?,"""factual"""
The British Crown had considerable indirect influence over the rest of India that was not under the direct rule of the East India Company.,factual,"In the aftermath, all power was transferred from the East India Company to the British Crown, which began to administer most of India as a number of provinces. The Crown controlled the Company's lands directly and had considerable indirect influence over the rest of India, which consisted of the Princely states ruled by local royal families. There were officially 565 princely states in 1947, but only 21 had actual state governments, and only three were large (Mysore, Hyderabad and Kashmir). They were absorbed into the independent nation in 1947–48.",What kind of influence did the British Crown have over the rest of India that was not under Company rule?,"""factual"""
Switzerland has free trade agreements worldwide.,factual,"Agricultural protectionism—a rare exception to Switzerland's free trade policies—has contributed to high food prices. Product market liberalisation is lagging behind many EU countries according to the OECD. Nevertheless, domestic purchasing power is one of the best in the world. Apart from agriculture, economic and trade barriers between the European Union and Switzerland are minimal and Switzerland has free trade agreements worldwide. Switzerland is a member of the European Free Trade Association (EFTA).",What type of trade agreements does Switzerland have worldwide?,"""factual"""
The mosaic panels in the Hagios Demetrios Church were created between the years 634 and 730.,factual,"Very few early Byzantine mosaics survived the Iconoclastic destruction of the 8th century. Among the rare examples are the 6th-century Christ in majesty (or Ezekiel's Vision) mosaic in the apse of the Church of Hosios David in Thessaloniki that was hidden behind mortar during those dangerous times. Nine mosaic panels in the Hagios Demetrios Church, which were made between 634 and 730, also escaped destruction. Unusually almost all represent Saint Demetrius of Thessaloniki, often with suppliants before him.",When were the panels in the Hagios Demetrios Church created?,"""factual"""
"A statistical update was released on December 18, 2008.",factual,"A new index was released on December 18, 2008. This so-called ""statistical update"" covered the period up to 2006 and was published without an accompanying Human Development Report. The update is relevant due to newly released estimates of purchasing power parities (PPP), implying substantial adjustments for many countries, resulting in changes in HDI values and, in many cases, HDI ranks.","What type of update was released on December 18, 2008?","""factual"""
"The significant decline in quail egg production following the industry's boom was caused by the events of World War II, which resulted in the complete loss of quail lines bred for their song type and nearly all of those bred for egg production.",factual,"In the early 20th century, Japanese breeders began to selectively breed for increased egg production. By 1940, the quail egg industry was flourishing, but the events of World War II led to the complete loss of quail lines bred for their song type, as well as almost all of those bred for egg production. After the war, the few surviving domesticated quail were used to rebuild the industry, and all current commercial and laboratory lines are considered to have originated from this population. Modern birds can lay upward of 300 eggs a year and countries such as Japan, India, China, Italy, Russia, and the United States have established commercial Japanese quail farming industries. Japanese quail are also used in biomedical research in fields such as genetics, embryology, nutrition, physiology, pathology, and toxicity studies. These quail are closely related to the common quail, and many young hybrid birds are released into the wild each year to replenish dwindling wild populations.",What caused a marked sownturn in the production of quail eggs following the industry boom?,"""factual"""
"Michael Johns was hospitalized after singing during the week of the top nine, not David Cook.",contradiction,"For the finals, American Idol debuted a new state-of-the-art set and stage on March 11, 2008, along with a new on-air look. David Cook's performance of ""Billie Jean"" on top-ten night was lauded by the judges, but provoked controversy when they apparently mistook the Chris Cornell arrangement to be David Cook's own even though the performance was introduced as Cornell's version. Cornell himself said he was 'flattered' and praised David Cook's performance. David Cook was taken to the hospital after the top-nine performance show due to heart palpitations and high blood pressure.",Which American Idol contestant was hospitalized after singing during the week of the top nine?,contradiction
The Narváez expedition explored the northern coast of Florida in 1528.,factual,"While exploring inland along the northern coast of Florida in 1528, the members of the Narváez expedition, including Álvar Núñez Cabeza de Vaca, found a Native American village near present-day Tallahassee, Florida whose name they transcribed as Apalchen or Apalachen [a.paˈla.tʃɛn]. The name was soon altered by the Spanish to Apalachee and used as a name for the tribe and region spreading well inland to the north. Pánfilo de Narváez's expedition first entered Apalachee territory on June 15, 1528, and applied the name. Now spelled ""Appalachian,"" it is the fourth-oldest surviving European place-name in the US.",What area did the Narvaez expedition explore?,"""factual"""
"The record snowfall at Mount Rainier is 1,122 inches, which occurred during the winter of 1971-72.",factual,"On average, the mountains of the western states receive the highest levels of snowfall on Earth. The greatest annual snowfall level is at Mount Rainier in Washington, at 692 inches (1,758 cm); the record there was 1,122 inches (2,850 cm) in the winter of 1971–72. This record was broken by the Mt. Baker Ski Area in northwestern Washington which reported 1,140 inches (2,896 cm) of snowfall for the 1998-99 snowfall season. Other places with significant snowfall outside the Cascade Range are the Wasatch Mountains, near the Great Salt Lake, the San Juan Mountains in Colorado, and the Sierra Nevada, near Lake Tahoe.",What is the record amount of snowfall at Mount Rainer?,"""factual"""
Queen Elizabeth II,contradiction,"Royal assent is the final stage in the legislative process for acts of the Scottish parliament. The process is governed by sections 28, 32, and 33 of the Scotland Act 1998. After a bill has been passed, the Presiding Officer of the Scottish Parliament submits it to the monarch for royal assent after a four-week period, during which the Advocate General for Scotland, the Lord Advocate, the Attorney General or the Secretary of State for Scotland may refer the bill to the Supreme Court of the United Kingdom (prior to 1 October 2009, the Judicial Committee of the Privy Council) for review of its legality. Royal assent is signified by letters patent under the Great Seal of Scotland in the following form which is set out in The Scottish Parliament (Letters Patent and Proclamations) Order 1999 (SI 1999/737) and of which notice is published in the London, Edinburgh, and Belfast Gazettes:","In Scotland, who is responsible for submitting a bill for royal assent?","""factual"""
One of the criticisms foreign observers had about the 2010 Burmese elections was that the contest was restricted to only political parties sanctioned by the government.,factual,"The elections of 2010 resulted in a victory for the military-backed Union Solidarity and Development Party. Various foreign observers questioned the fairness of the elections. One criticism of the election was that only government sanctioned political parties were allowed to contest in it and the popular National League for Democracy was declared illegal. However, immediately following the elections, the government ended the house arrest of the democracy advocate and leader of the National League for Democracy, Aung San Suu Kyi, and her ability to move freely around the country is considered an important test of the military's movement toward more openness. After unexpected reforms in 2011, NLD senior leaders have decided to register as a political party and to field candidates in future by-elections.",What were some of the opinions foreign advisers stated about the Burma 2010 elections ?,"""factual"""
"Better Place, Israel's trailblazing electric car company, shut down in the year 2013.",irrelevant,"Once regarded as plants constituting the class Schizomycetes, bacteria are now classified as prokaryotes. Unlike cells of animals and other eukaryotes, bacterial cells do not contain a nucleus and rarely harbour membrane-bound organelles. Although the term bacteria traditionally included all prokaryotes, the scientific classification changed after the discovery in the 1990s that prokaryotes consist of two very different groups of organisms that evolved from an ancient common ancestor. These evolutionary domains are called Bacteria and Archaea.",What are two main groups prokaryotes can be divided into?,irrelevant
"James Wilson was the one who spoke at the Philadelphia Convention about the potential chaos that could arise if judges were not able to enforce laws, even if those laws were unjust, unwise, or dangerous.",factual,"James Wilson said during the Philadelphia Convention in 1787 that, ""Laws may be unjust, may be unwise, may be dangerous, may be destructive; and yet not be so unconstitutional as to justify the Judges in refusing to give them effect."" George Mason agreed that judges ""could declare an unconstitutional law void. But with regard to every law, however unjust, oppressive or pernicious, which did not come plainly under this description, they would be under the necessity as judges to give it a free course."" Chief Justice John Marshall (joined by Justice Joseph Story) took a similar position in 1827: ""When its existence as law is denied, that existence cannot be proved by showing what are the qualities of a law.""",Who spoke at the Philadelphia Convention about the potential chaos from not having judges be able to enforce laws?,"""factual"""
Mellitus was a Bishop of London in the 7th century.,factual,"According to a tradition first reported by Sulcard in about 1080, a church was founded at the site (then known as Thorn Ey (Thorn Island)) in the 7th century, at the time of Mellitus, a Bishop of London. Construction of the present church began in 1245, on the orders of King Henry III.",Who was Mellitus?,"""factual"""
Kosher dietary laws are always strictly followed in the Talmud.,contradiction,"However, the Orthodox claim to absolute fidelity to past tradition has been challenged by scholars who contend that the Judaism of the Middle Ages bore little resemblance to that practiced by today's Orthodox. Rather, the Orthodox community, as a counterreaction to the liberalism of the Haskalah movement, began to embrace far more stringent halachic practices than their predecessors, most notably in matters of Kashrut and Passover dietary laws, where the strictest possible interpretation becomes a religious requirement, even where the Talmud explicitly prefers a more lenient position, and even where a more lenient position was practiced by prior generations.",what sometimes prefers a more lenient position on Dietray laws?,contradiction
Beyoncé has won 20 Grammy Awards.,factual,"A self-described ""modern-day feminist"", Beyoncé creates songs that are often characterized by themes of love, relationships, and monogamy, as well as female sexuality and empowerment. On stage, her dynamic, highly choreographed performances have led to critics hailing her as one of the best entertainers in contemporary popular music. Throughout a career spanning 19 years, she has sold over 118 million records as a solo artist, and a further 60 million with Destiny's Child, making her one of the best-selling music artists of all time. She has won 20 Grammy Awards and is the most nominated woman in the award's history. The Recording Industry Association of America recognized her as the Top Certified Artist in America during the 2000s decade. In 2009, Billboard named her the Top Radio Songs Artist of the Decade, the Top Female Artist of the 2000s and their Artist of the Millennium in 2011. Time listed her among the 100 most influential people in the world in 2013 and 2014. Forbes magazine also listed her as the most powerful female musician of 2015.",How many Grammy awards has Beyoncé won?,"""factual"""
The present-day descendants of the Japanese quail are capable of laying over 300 eggs annually.,factual,"In the early 20th century, Japanese breeders began to selectively breed for increased egg production. By 1940, the quail egg industry was flourishing, but the events of World War II led to the complete loss of quail lines bred for their song type, as well as almost all of those bred for egg production. After the war, the few surviving domesticated quail were used to rebuild the industry, and all current commercial and laboratory lines are considered to have originated from this population. Modern birds can lay upward of 300 eggs a year and countries such as Japan, India, China, Italy, Russia, and the United States have established commercial Japanese quail farming industries. Japanese quail are also used in biomedical research in fields such as genetics, embryology, nutrition, physiology, pathology, and toxicity studies. These quail are closely related to the common quail, and many young hybrid birds are released into the wild each year to replenish dwindling wild populations.",How many eggs can be laid by the present day decendants of the Japanese quail?,"""factual"""
Beyoncé has won a total of 20 Grammy Awards.,irrelevant,"During the Cold War, the Asian power of Japan and the European powers of the United Kingdom, France, and West Germany rebuilt their economies. France and the United Kingdom maintained technologically advanced armed forces with power projection capabilities and maintain large defence budgets to this day. Yet, as the Cold War continued, authorities began to question if France and the United Kingdom could retain their long-held statuses as great powers. China, with the world's largest population, has slowly risen to great power status, with large growth in economic and military power in the post-war period. After 1949, the Republic of China began to lose its recognition as the sole legitimate government of China by the other great powers, in favour of the People's Republic of China. Subsequently, in 1971, it lost its permanent seat at the UN Security Council to the People's Republic of China.","During the cold war, what European powers rebuilt their ecomonies?",irrelevant
"In 2000, Arsenal proposed a plan to construct a new stadium at Ashburton Grove.",factual,"Expansion of Highbury was restricted because the East Stand had been designated as a Grade II listed building and the other three stands were close to residential properties. These limitations prevented the club from maximising matchday revenue during the 1990s and first decade of the 21st century, putting them in danger of being left behind in the football boom of that time. After considering various options, in 2000 Arsenal proposed building a new 60,361-capacity stadium at Ashburton Grove, since named the Emirates Stadium, about 500 metres south-west of Highbury. The project was initially delayed by red tape and rising costs, and construction was completed in July 2006, in time for the start of the 2006–07 season. The stadium was named after its sponsors, the airline company Emirates, with whom the club signed the largest sponsorship deal in English football history, worth around £100 million; some fans referred to the ground as Ashburton Grove, or the Grove, as they did not agree with corporate sponsorship of stadium names. The stadium will be officially known as Emirates Stadium until at least 2028, and the airline will be the club's shirt sponsor until the end of the 2018–19 season. From the start of the 2010–11 season on, the stands of the stadium have been officially known as North Bank, East Stand, West Stand and Clock end.",When did Arsenal offer a plan to build a new stadium at Ashburton Grove?,"""factual"""
"Plasmids play a role in resistance by carrying multiple resistance genes, which can be transferred between different bacterial strains or species, conferring resistance to various antibacterials.",factual,"Several molecular mechanisms of antibacterial resistance exist. Intrinsic antibacterial resistance may be part of the genetic makeup of bacterial strains. For example, an antibiotic target may be absent from the bacterial genome. Acquired resistance results from a mutation in the bacterial chromosome or the acquisition of extra-chromosomal DNA. Antibacterial-producing bacteria have evolved resistance mechanisms that have been shown to be similar to, and may have been transferred to, antibacterial-resistant strains. The spread of antibacterial resistance often occurs through vertical transmission of mutations during growth and by genetic recombination of DNA by horizontal genetic exchange. For instance, antibacterial resistance genes can be exchanged between different bacterial strains or species via plasmids that carry these resistance genes. Plasmids that carry several different resistance genes can confer resistance to multiple antibacterials. Cross-resistance to several antibacterials may also occur when a resistance mechanism encoded by a single gene conveys resistance to more than one antibacterial compound.",What do plasmids do in resistance?,"""factual"""
"True birds first appeared during the Cretaceous period, approximately 100 million years ago.",factual,"The fossil record indicates that birds are the last surviving dinosaurs, having evolved from feathered ancestors within the theropod group of saurischian dinosaurs. True birds first appeared during the Cretaceous period, around 100 million years ago. DNA-based evidence finds that birds diversified dramatically around the time of the Cretaceous–Paleogene extinction event that killed off all other dinosaurs. Birds in South America survived this event and then migrated to other parts of the world via multiple land bridges while diversifying during periods of global cooling. Primitive bird-like dinosaurs that lie outside class Aves proper, in the broader group Avialae, have been found dating back to the mid-Jurassic period. Many of these early ""stem-birds"", such as Archaeopteryx, were not yet capable of fully powered flight, and many retained primitive characteristics like toothy jaws in place of beaks, and long bony tails.",When did true birds first appear?,"""factual"""
"At the second hearing, in addition to considering aggravating factors, the jury also takes into account any mitigating factors that may exist.",factual,"In 1976, contemporaneously with Woodson and Roberts, the Court decided Gregg v. Georgia and upheld a procedure in which the trial of capital crimes was bifurcated into guilt-innocence and sentencing phases. At the first proceeding, the jury decides the defendant's guilt; if the defendant is innocent or otherwise not convicted of first-degree murder, the death penalty will not be imposed. At the second hearing, the jury determines whether certain statutory aggravating factors exist, whether any mitigating factors exist, and, in many jurisdictions, weigh the aggravating and mitigating factors in assessing the ultimate penalty – either death or life in prison, either with or without parole.","Along with aggravating factors, what other factors are considered at the second hearing?","""factual"""
Some news commentators claim that the restricted immigration proposal violates the bilateral agreements on the free movement of persons.,factual,"On 9 February 2014, Swiss voters narrowly approved by 50.3% a ballot initiative launched by the national conservative Swiss People's Party (SVP/UDC) to restrict immigration, and thus reintroducing a quota system on the influx of foreigners. This initiative was mostly backed by rural (57.6% approvals), suburban (51.2% approvals), and isolated cities (51.3% approvals) of Switzerland as well as by a strong majority (69.2% approval) in the canton of Ticino, while metropolitan centres (58.5% rejection) and the French-speaking part (58.5% rejection) of Switzerland rather rejected it. Some news commentators claim that this proposal de facto contradicts the bilateral agreements on the free movement of persons from these respective countries.",What do some news commentators claim is violated by the restricted immigration proposal?,"""factual"""
The first permanent photograph was invented by Nicéphore Niépce.,factual,"The inventor Nicéphore Niépce produced the first permanent photograph on a polished pewter plate in Paris in 1825, and then developed the process with Louis Daguerre. The work of Étienne-Jules Marey in the 1880s contributed considerably to the development of modern photography. Photography came to occupy a central role in Parisian Surrealist activity, in the works of Man Ray and Maurice Tabard. Numerous photographers achieved renown for their photography of Paris, including Eugène Atget, noted for his depictions of street scenes, Robert Doisneau, noted for his playful pictures of people and market scenes (among which Le baiser de l'hôtel de ville has became iconic of the romantic vision of Paris), Marcel Bovis, noted for his night scenes, and others such as Jacques-Henri Lartigue and Cartier-Bresson. Poster art also became an important art form in Paris in the late nineteenth century, through the work of Henri de Toulouse-Lautrec, Jules Chéret, Eugène Grasset, Adolphe Willette, Pierre Bonnard, Georges de Feure, Henri-Gabriel Ibels, Gavarni, and Alphonse Mucha.",Who invented the first permanent photograph?,"""factual"""
"In 1978, Kerry investigated Senator Edward Brooke.",factual,"In January 1977, Droney promoted him to First Assistant District Attorney, essentially making Kerry his campaign and media surrogate because Droney was afflicted with amyotrophic lateral sclerosis (ALS, or Lou Gehrig's Disease). As First Assistant, Kerry tried cases, which included winning convictions in a high-profile rape case and a murder. He also played a role in administering the office, including initiating the creation of special white-collar and organized crime units, creating programs to address the problems of rape and other crime victims and witnesses, and managing trial calendars to reflect case priorities. It was in this role in 1978 that Kerry announced an investigation into possible criminal charges against then Senator Edward Brooke, regarding ""misstatements"" in his first divorce trial. The inquiry ended with no charges being brought after investigators and prosecutors determined that Brooke's misstatements were pertinent to the case, but were not material enough to have affected the outcome.",What senator did Kerry investigate in 1978?,"""factual"""
Boston experienced cultural growth due to its ample support of the arts.,factual,"During this period Boston flourished culturally as well, admired for its rarefied literary life and generous artistic patronage, with members of old Boston families—eventually dubbed Boston Brahmins—coming to be regarded as the nation's social and cultural elites.",Boston improved culturally because of its generous what?,"""factual"""
"In American English, the word ""standard"" is replaced with ""daylight"" when referring to time zones during Daylight Saving Time (DST).",factual,"The name of local time typically changes when DST is observed. American English replaces standard with daylight: for example, Pacific Standard Time (PST) becomes Pacific Daylight Time (PDT). In the United Kingdom, the standard term for UK time when advanced by one hour is British Summer Time (BST), and British English typically inserts summer into other time zone names, e.g. Central European Time (CET) becomes Central European Summer Time (CEST).","What word does American English swap out for ""daylight"" when referring to time zones?","""factual"""
Madonna has earned a total of $1.31 billion from her concerts throughout her career.,factual,"Madonna has sold more than 300 million records worldwide. The Guinness World Records acknowledged her as the best-selling female recording artist and the fourth best-selling act of all time, behind The Beatles, Elvis Presley, and Michael Jackson. According to the Recording Industry Association of America (RIAA), she is the best-selling female rock artist of the 20th century and the second top-selling female albums artist in the United States, with 64.5 million certified albums. Madonna is the most certified artist of all time in United Kingdom, with 45 awards from the British Phonographic Industry (BPI) as of April 2013. Billboard named Madonna as the top touring female artist of all time. She is also the highest grossing solo touring artist, with over $1.31 billion in concert gross, starting from the Blond Ambition World Tour; she first crossed a billion gross with The MDNA Tour. Overall, Madonna ranks third on all-time top-grossing Billboard Boxscore list, with just The Rolling Stones ($1.84 billion) and U2 ($1.67 billion) ahead of her. Madonna has been honored with 20 MTV Video Music Awards—the most for any artist—including the lifetime achievement Video Vanguard Award in 1986.",How much did Madonna make in all her concerts together?,"""factual"""
"In the aftermath of the 2007 financial crisis, it was the central banks that provided funds to encourage lending and restore faith in the commercial paper markets, which are essential for funding business operations.",factual,"These institutions, as well as certain regulated banks, had also assumed significant debt burdens while providing the loans described above and did not have a financial cushion sufficient to absorb large loan defaults or MBS losses. These losses impacted the ability of financial institutions to lend, slowing economic activity. Concerns regarding the stability of key financial institutions drove central banks to provide funds to encourage lending and restore faith in the commercial paper markets, which are integral to funding business operations. Governments also bailed out key financial institutions and implemented economic stimulus programs, assuming significant additional financial commitments.",Who provided funds to encourage lending and restore faith in commercial banks in the aftermath of the financial crisis of 2007?,"""factual"""
"After leaving the Breakfast Club, Madonna formed the band Emmy with her former boyfriend Stephen Bray.",factual,"While performing as a backup singer and dancer for the French disco artist Patrick Hernandez on his 1979 world tour, Madonna became romantically involved with musician Dan Gilroy. Together, they formed her first rock band, the Breakfast Club, for which Madonna sang and played drums and guitar. In 1980 or 1981 she left Breakfast Club and, with her former boyfriend Stephen Bray as drummer, formed the band Emmy. The two began writing songs together, and Madonna later decided to market herself as a solo act. Their music impressed DJ and record producer Mark Kamins who arranged a meeting between Madonna and Sire Records founder Seymour Stein.","After leaving the Breakfast Club, who did she formed the band Emmy with?","""factual"""
"The French force consisted of 35,000 troops.",factual,"The Battle of Wörth (also known as Fröschwiller or Reichshoffen) began when the two armies clashed again on 6 August near Wörth in the town of Fröschwiller, about 10 miles (16 km) from Wissembourg. The Crown Prince of Prussia's 3rd army had, on the quick reaction of his Chief of Staff General von Blumenthal, drawn reinforcements which brought its strength up to 140,000 troops. The French had been slowly reinforced and their force numbered only 35,000. Although badly outnumbered, the French defended their position just outside Fröschwiller. By afternoon, the Germans had suffered c. 10,500 killed or wounded and the French had lost a similar number of casualties and another c. 9,200 men taken prisoner, a loss of about 50%. The Germans captured Fröschwiller which sat on a hilltop in the centre of the French line. Having lost any hope for victory and facing a massacre, the French army disengaged and retreated in a westerly direction towards Bitche and Saverne, hoping to join French forces on the other side of the Vosges mountains. The German 3rd army did not pursue the French but remained in Alsace and moved slowly south, attacking and destroying the French garrisons in the vicinity.",What number of troops did France have to contend with?,"""factual"""
Most albums typically contained either six or eight songs.,factual,"In the 1930s, record companies began issuing collections of 78 rpm records by one performer or of one type of music in specially assembled albums, typically with artwork on the front cover and liner notes on the back or inside cover. Most albums included three or four records, with two sides each, making six or eight tunes per album. When the 12-inch vinyl LP era began in 1949, the single record often had the same or similar number of tunes as a typical album of 78s, and was still often referred to as an ""album"".",How many songs did most albums contain?,"""factual"""
"The étale fundamental group is an advanced generalization of the concept of connecting fields and groups to infinite field extensions, tailored to suit the requirements of algebraic geometry.",factual,"for any constant c. Matrix groups over these fields fall under this regime, as do adele rings and adelic algebraic groups, which are basic to number theory. Galois groups of infinite field extensions such as the absolute Galois group can also be equipped with a topology, the so-called Krull topology, which in turn is central to generalize the above sketched connection of fields and groups to infinite field extensions. An advanced generalization of this idea, adapted to the needs of algebraic geometry, is the étale fundamental group.",What group is an advanced observation of infinite field extensions and groups that is adapted for the needs of algebraic geometry?,"""factual"""
"The British government's records are housed at The National Archives in Kew, London.",factual,"Unlike all other British Government records, the records from the East India Company (and its successor the India Office) are not in The National Archives at Kew, London, but are held by the British Library in London as part of the Asia, Pacific and Africa Collections. The catalogue is searchable online in the Access to Archives catalogues. Many of the East India Company records are freely available online under an agreement that the Families in British India Society has with the British Library. Published catalogues exist of East India Company ships' journals and logs, 1600–1834; and of some of the Company's daughter institutions, including the East India Company College, Haileybury, and Addiscombe Military Seminary.",Where are the British government's records houseed today?,contradiction
"In Greek mythology, Artemis held the position of leader, or ""hegemon,"" among the nymphs.",factual,"Apollo and his sister Artemis can bring death with their arrows. The conception that diseases and death come from invisible shots sent by supernatural beings, or magicians is common in Germanic and Norse mythology. In Greek mythology Artemis was the leader (ἡγεμών, ""hegemon"") of the nymphs, who had similar functions with the Nordic Elves. The ""elf-shot"" originally indicated disease or death attributed to the elves, but it was later attested denoting stone arrow-heads which were used by witches to harm people, and also for healing rituals.","In Greek mythology, who was the leader of the nymphs?","""factual"""
"Many asset managers chose to keep investing their clients' money in overpriced, low-yield assets, which was not in their clients' best interests.",factual,"Moreover, a conflict of interest between professional investment managers and their institutional clients, combined with a global glut in investment capital, led to bad investments by asset managers in over-priced credit assets. Professional investment managers generally are compensated based on the volume of client assets under management. There is, therefore, an incentive for asset managers to expand their assets under management in order to maximize their compensation. As the glut in global investment capital caused the yields on credit assets to decline, asset managers were faced with the choice of either investing in assets where returns did not reflect true credit risk or returning funds to clients. Many asset managers chose to continue to invest client funds in over-priced (under-yielding) investments, to the detriment of their clients, in order to maintain their assets under management. This choice was supported by a ""plausible deniability"" of the risks associated with subprime-based credit assets because the loss experience with early ""vintages"" of subprime loans was so low.",What did many asset managers decide to do to the detriment of their clients?,"""factual"""
"In the past, the caste of priests on Tuvalu was known as tofuga.",factual,"Each island has its own high-chief, or ulu-aliki, and several sub-chiefs (alikis). The community council is the Falekaupule (the traditional assembly of elders) or te sina o fenua (literally: ""grey-hairs of the land""). In the past, another caste, the priests (tofuga), were also amongst the decision-makers. The ulu-aliki and aliki exercise informal authority at the local level. Ulu-aliki are always chosen based on ancestry. Under the Falekaupule Act (1997), the powers and functions of the Falekaupule are now shared with the pule o kaupule (elected village presidents; one on each atoll).",What was the caste of priests in the past on Tuvalu?,"""factual"""
"Throughout history, you could find individuals studying politics in nearly every geographic region.",factual,"Political science is a late arrival in terms of social sciences[citation needed]. However, the discipline has a clear set of antecedents such as moral philosophy, political philosophy, political economy, history, and other fields concerned with normative determinations of what ought to be and with deducing the characteristics and functions of the ideal form of government. The roots of politics are in prehistory. In each historic period and in almost every geographic area, we can find someone studying politics and increasing political understanding.","In history, where could you find someone studying politics?","""factual"""
The Pouākai is a legendary giant bird from Māori mythology that was believed to be capable of capturing humans.,factual,"Birds have featured in culture and art since prehistoric times, when they were represented in early cave paintings. Some birds have been perceived as monsters, including the mythological Roc and the Māori's legendary Pouākai, a giant bird capable of snatching humans. Birds were later used as symbols of power, as in the magnificent Peacock Throne of the Mughal and Persian emperors. With the advent of scientific interest in birds, many paintings of birds were commissioned for books. Among the most famous of these bird artists was John James Audubon, whose paintings of North American birds were a great commercial success in Europe and who later lent his name to the National Audubon Society. Birds are also important figures in poetry; for example, Homer incorporated nightingales into his Odyssey, and Catullus used a sparrow as an erotic symbol in his Catullus 2. The relationship between an albatross and a sailor is the central theme of Samuel Taylor Coleridge's The Rime of the Ancient Mariner, which led to the use of the term as a metaphor for a 'burden'. Other English metaphors derive from birds; vulture funds and vulture investors, for instance, take their name from the scavenging vulture.",What is a mythological giant bird capable of snatching humans?,"""factual"""
The preorder CD featured 20 musical tracks from the game.,factual,"A CD containing 20 musical selections from the game was available as a GameStop preorder bonus in the United States; it is included in all bundles in Japan, Europe, and Australia.[citation needed]",How many tracks were recorded on the preorder CD?,"""factual"""
The Israelite culture was predominantly Canaanite in nature during the Iron Age I period (1200–1000 BCE).,factual,"Modern archaeology has largely discarded the historicity of the Patriarchs and of the Exodus story, with it being reframed as constituting the Israelites' inspiring national myth narrative. The Israelites and their culture, according to the modern archaeological account, did not overtake the region by force, but instead branched out of the Canaanite peoples and culture through the development of a distinct monolatristic — and later monotheistic — religion centered on Yahweh, one of the Ancient Canaanite deities. The growth of Yahweh-centric belief, along with a number of cultic practices, gradually gave rise to a distinct Israelite ethnic group, setting them apart from other Canaanites. The Canaanites themselves are archeologically attested in the Middle Bronze Age, while the Hebrew language is the last extant member of the Canaanite languages. In the Iron Age I period (1200–1000 BCE) Israelite culture was largely Canaanite in nature.",Which culture was largely Canaanite in nature?,"""factual"""
New Zealand was the country that controlled Samoa until 1962.,factual,"From the end of World War I until 1962, New Zealand controlled Samoa as a Class C Mandate under trusteeship through the League of Nations, then through the United Nations. There followed a series of New Zealand administrators who were responsible for two major incidents. In the first incident, approximately one fifth of the Samoan population died in the influenza epidemic of 1918–1919. Between 1919 and 1962, Samoa was administered by the Department of External Affairs, a government department which had been specially created to oversee New Zealand's Island Territories and Samoa. In 1943, this Department was renamed the Department of Island Territories after a separate Department of External Affairs was created to conduct New Zealand's foreign affairs.",What country was in control of Samoa up until 1962?,"""factual"""
Victoria's King Charles Spaniel was named Dash.,factual,"Victoria later described her childhood as ""rather melancholy"". Her mother was extremely protective, and Victoria was raised largely isolated from other children under the so-called ""Kensington System"", an elaborate set of rules and protocols devised by the Duchess and her ambitious and domineering comptroller, Sir John Conroy, who was rumoured to be the Duchess's lover. The system prevented the princess from meeting people whom her mother and Conroy deemed undesirable (including most of her father's family), and was designed to render her weak and dependent upon them. The Duchess avoided the court because she was scandalised by the presence of King William's bastard children, and perhaps prompted the emergence of Victorian morality by insisting that her daughter avoid any appearance of sexual impropriety. Victoria shared a bedroom with her mother every night, studied with private tutors to a regular timetable, and spent her play-hours with her dolls and her King Charles spaniel, Dash. Her lessons included French, German, Italian, and Latin, but she spoke only English at home.",What was the name of Victoria's King Charles Spaniel?,"""factual"""
The Ottoman governor of Cyprus arrested and executed a total of 486 prominent Greek Cypriots.,factual,"As soon as the Greek War of Independence broke out in 1821, several Greek Cypriots left for Greece to join the Greek forces. In response, the Ottoman governor of Cyprus arrested and executed 486 prominent Greek Cypriots, including the Archbishop of Cyprus, Kyprianos and four other bishops. In 1828, modern Greece's first president Ioannis Kapodistrias called for union of Cyprus with Greece, and numerous minor uprisings took place. Reaction to Ottoman misrule led to uprisings by both Greek and Turkish Cypriots, although none were successful. After centuries of neglect by the Turks, the unrelenting poverty of most of the people, and the ever-present tax collectors fuelled Greek nationalism, and by the 20th century idea of enosis, or union, with newly independent Greece was firmly rooted among Greek Cypriots.",How many Greek Cypriots were arrested and executed by the Ottoman governor of Cyprus?,"""factual"""
1964,contradiction,"The music hall and cabaret are famous Paris institutions. The Moulin Rouge was opened in 1889. It was highly visible because of its large red imitation windmill on its roof, and became the birthplace of the dance known as the French Cancan. It helped make famous the singers Mistinguett and Édith Piaf and the painter Toulouse-Lautrec, who made posters for the venue. In 1911, the dance hall Olympia Paris invented the grand staircase as a settling for its shows, competing with its great rival, the Folies Bergère, Its stars in the 1920s included the American singer and dancer Josephine Baker. The Casino de Paris presented many famous French singers, including Mistinguett, Maurice Chevalier, and Tino Rossi. Other famous Paris music halls include Le Lido, on the Champs-Élysées, opened in 1946; and the Crazy Horse Saloon, featuring strip-tease, dance and magic, opened in 1951. The Olympia Paris has presented Edith Piaf, Marlene Dietrich, Miles Davis, Judy Garland, and the Grateful Dead. A half dozen music halls exist today in Paris, attended mostly visitors to the city. ",In what year did the Crazy Horse Saloon open?,contradiction
"During Rev. Cavanaugh's tenure as president, the undergraduate student body at Notre Dame increased by over 50%.",irrelevant,"Architecture has to do with planning and designing form, space and ambience to reflect functional, technical, social, environmental and aesthetic considerations. It requires the creative manipulation and coordination of materials and technology, and of light and shadow. Often, conflicting requirements must be resolved. The practice of Architecture also encompasses the pragmatic aspects of realizing buildings and structures, including scheduling, cost estimation and construction administration. Documentation produced by architects, typically drawings, plans and technical specifications, defines the structure and/or behavior of a building or other kind of system that is to be or has been constructed.",In architecture what aspects are planned and designed?,irrelevant
Gaddafi had three older sisters.,factual,"Muammar Gaddafi was born in a tent near Qasr Abu Hadi, a rural area outside the town of Sirte in the deserts of western Libya. His family came from a small, relatively un-influential tribal group called the Qadhadhfa, who were Arabized Berber in heritage. His father, Mohammad Abdul Salam bin Hamed bin Mohammad, was known as Abu Meniar (died 1985), and his mother was named Aisha (died 1978); Abu Meniar earned a meager subsistence as a goat and camel herder. Nomadic Bedouins, they were illiterate and kept no birth records. As such, Gaddafi's date of birth is not known with certainty, and sources have set it in 1942 or in the spring of 1943, although biographers Blundy and Lycett noted that it could have been pre-1940. His parents' only surviving son, he had three older sisters. Gaddafi's upbringing in Bedouin culture influenced his personal tastes for the rest of his life. He repeatedly expressed a preference for the desert over the city and retreated to the desert to meditate.",How many sisters did Gaddafi have?,"""factual"""
The process of a succession of lifetimes is called rebirth.,factual,"Rebirth refers to a process whereby beings go through a succession of lifetimes as one of many possible forms of sentient life, each running from conception to death. The doctrine of anattā (Sanskrit anātman) rejects the concepts of a permanent self or an unchanging, eternal soul, as it is called in Hinduism and Christianity. According to Buddhism there ultimately is no such thing as a self independent from the rest of the universe. Buddhists also refer to themselves as the believers of the anatta doctrine—Nairatmyavadin or Anattavadin. Rebirth in subsequent existences must be understood as the continuation of a dynamic, ever-changing process of pratītyasamutpāda (""dependent arising"") determined by the laws of cause and effect (karma) rather than that of one being, reincarnating from one existence to the next.",What is the name for the process of a succession of lifetimes?,"""factual"""
The dimensions of a football pitch were originally expressed using imperial units.,factual,"As the Laws were formulated in England, and were initially administered solely by the four British football associations within IFAB, the standard dimensions of a football pitch were originally expressed in imperial units. The Laws now express dimensions with approximate metric equivalents (followed by traditional units in brackets), though use of imperial units remains popular in English-speaking countries with a relatively recent history of metrication (or only partial metrication), such as Britain.",Imperial units where once used to express the dimensions of a what?,"""factual"""
"It was taught starting in 1932 that the ""little flock"" would not be the only ones to survive Armageddon.",factual,"From 1932, it was taught that the ""little flock"" of 144,000 would not be the only people to survive Armageddon. Rutherford explained that in addition to the 144,000 ""anointed"" who would be resurrected—or transferred at death—to live in heaven to rule over earth with Christ, a separate class of members, the ""great multitude,"" would live in a paradise restored on earth; from 1935, new converts to the movement were considered part of that class. By the mid-1930s, the timing of the beginning of Christ's presence (Greek: parousía), his enthronement as king, and the start of the ""last days"" were each moved to 1914.",From when was it taught that the little flock would not be the only people to survive Armageddon?,"""factual"""
Taiwan objected to being placed on the same level as Hong Kong and Macau in the language used to describe the torch's route.,factual,"The route carried the torch through six continents from March 2008 to May 2008 to August 2008. The planned route originally included a stop in Taipei between Ho Chi Minh City and Hong Kong, but there was disagreement in Beijing and Taipei over language used to describe whether it was an international or a domestic part of the route. While the Olympic committees of China and Chinese Taipei reached initial consensus on the approach, the government of the Republic of China in Taiwan intervened, stating that this placement could be interpreted as placing Taiwan on the same level as Hong Kong and Macau, an implication it objected to. The Beijing Organizing Committee attempted to continue negotiation, but further disputes arose over the flag or the anthem of the Republic of China along the 24 km torch route in Taiwan. By the midnight deadline for concluding the negotiation on September 21, 2007, Taiwan and China were unable to come to terms with the issue of the Torch Relay. In the end, both sides of the Taiwan Strait decided to eliminate the Taipei leg.",What two places did Taiwan not want to be considered equal with in the language of the torch's route description?,"""factual"""
Lateral moraines are located on the sides of a glacier.,factual,"Glacial moraines are formed by the deposition of material from a glacier and are exposed after the glacier has retreated. They usually appear as linear mounds of till, a non-sorted mixture of rock, gravel and boulders within a matrix of a fine powdery material. Terminal or end moraines are formed at the foot or terminal end of a glacier. Lateral moraines are formed on the sides of the glacier. Medial moraines are formed when two different glaciers merge and the lateral moraines of each coalesce to form a moraine in the middle of the combined glacier. Less apparent are ground moraines, also called glacial drift, which often blankets the surface underneath the glacier downslope from the equilibrium line.",Where are lateral moraines found?,"""factual"""
The elevator at Casco Viejo station in the Bilbao Metro also serves as city transportation.,factual,"Sometimes passenger elevators are used as a city transport along with funiculars. For example, there is a 3-station underground public elevator in Yalta, Ukraine, which takes passengers from the top of a hill above the Black Sea on which hotels are perched, to a tunnel located on the beach below. At Casco Viejo station in the Bilbao Metro, the elevator that provides access to the station from a hilltop neighborhood doubles as city transportation: the station's ticket barriers are set up in such a way that passengers can pay to reach the elevator from the entrance in the lower city, or vice versa. See also the Elevators for urban transport section.",The elevator located at the Casco Viejo station in the Bilbao Metro is also used for what?,"""factual"""
The UK's national mapping agency is called Ordnance Survey.,irrelevant,"The oldest known fossil among the Eutheria (""true beasts"") is the small shrewlike Juramaia sinensis, or ""Jurassic mother from China"", dated to 160 million years ago in the Late Jurassic. A later eutherian, Eomaia, dated to 125 million years ago in the Early Cretaceous, possessed some features in common with the marsupials but not with the placentals, evidence that these features were present in the last common ancestor of the two groups but were later lost in the placental lineage. In particular:",In what time period did early animals share some features with marsupials?,irrelevant
The Color Purple is about a generation of African-American women who find strength and empowerment during the depression-era in America.,factual,"In 1985, Spielberg released The Color Purple, an adaptation of Alice Walker's Pulitzer Prize-winning novel of the same name, about a generation of empowered African-American women during depression-era America. Starring Whoopi Goldberg and future talk-show superstar Oprah Winfrey, the film was a box office smash and critics hailed Spielberg's successful foray into the dramatic genre. Roger Ebert proclaimed it the best film of the year and later entered it into his Great Films archive. The film received eleven Academy Award nominations, including two for Goldberg and Winfrey. However, much to the surprise of many, Spielberg did not get a Best Director nomination.",What was 'The Color Purple' about?,"""factual"""
"The narrator confused Typhon, the male serpent and adversary of Zeus in the Titanomachy, with Python.",factual,"The earth deity had power over the ghostly world, and it is believed that she was the deity behind the oracle. The older tales mentioned two dragons who were perhaps intentionally conflated. A female dragon named Delphyne (δελφύς, ""womb""), who is obviously connected with Delphi and Apollo Delphinios, and a male serpent Typhon (τύφειν, ""to smoke""), the adversary of Zeus in the Titanomachy, who the narrators confused with Python. Python was the good daemon (ἀγαθὸς δαίμων) of the temple as it appears in Minoan religion, but she was represented as a dragon, as often happens in Northern European folklore as well as in the East.",Who did the narrator confuse with Phyton?,"""factual"""
Rotavirus is responsible for approximately 6% of diarrheal episodes.,factual,"Immunization against the pathogens that cause diarrheal disease is a viable prevention strategy, however it does require targeting certain pathogens for vaccination. In the case of Rotavirus, which was responsible for around 6% of diarrheal episodes and 20% of diarrheal disease deaths in the children of developing countries, use of a Rotavirus vaccine in trials in 1985 yielded a slight (2-3%) decrease in total diarrheal disease incidence, while reducing overall mortality by 6-10%. Similarly, a Cholera vaccine showed a strong reduction in morbidity and mortality, though the overall impact of vaccination was minimal as Cholera is not one of the major causative pathogens of diarrheal disease. Since this time, more effective vaccines have been developed that have the potential to save many thousands of lives in developing nations, while reducing the overall cost of treatment, and the costs to society.",What is responsible for 6% of dearrheal disease?,"""factual"""
The Washington Post reported the official name request in 1935.,contradiction,"In 1935, Reza Shah requested the international community to refer to the country by its native name, Iran. As the New York Times explained at the time, ""At the suggestion of the Persian Legation in Berlin, the Tehran government, on the Persian New Year, Nowruz, March 21, 1935, substituted Iran for Persia as the official name of the country."" Opposition to the name change led to the reversal of the decision, and Professor Ehsan Yarshater, editor of Encyclopædia Iranica, propagated a move to use Persia and Iran interchangeably. Today, both Persia and Iran are used in cultural contexts; although, Iran is the name used officially in political contexts.",Which newspaper reported the official name request in 1935?,contradiction
"No, there is not a single standard for HDTV color support.",factual,"There is no single standard for HDTV color support. Colors are typically broadcast using a (10-bits per channel) YUV color space but, depending on the underlying image generating technologies of the receiver, are then subsequently converted to a RGB color space using standardized algorithms. When transmitted directly through the Internet, the colors are typically pre-converted to 8-bit RGB channels for additional storage savings with the assumption that it will only be viewed only on a (sRGB) computer screen. As an added benefit to the original broadcasters, the losses of the pre-conversion essentially make these files unsuitable for professional TV re-broadcasting.",Is there a single standard for HDTV color support?,"""factual"""
The most common example of a machine vision system is barcode scanners.,factual,"Machine vision systems often require bright and homogeneous illumination, so features of interest are easier to process. LEDs are often used for this purpose, and this is likely to remain one of their major uses until the price drops low enough to make signaling and illumination uses more widespread. Barcode scanners are the most common example of machine vision, and many low cost products use red LEDs instead of lasers. Optical computer mice are an example of LEDs in machine vision, as it is used to provide an even light source on the surface for the miniature camera within the mouse. LEDs constitute a nearly ideal light source for machine vision systems for several reasons:",What is the most common example of a machine vision system?,"""factual"""
"In Presbyterian denominations, the local church is governed by a group of elected elders, with some of these elders being ministers.",factual,"Federalism also finds expression in ecclesiology (the doctrine of the church). For example, presbyterian church governance resembles parliamentary republicanism (a form of political federalism) to a large extent. In Presbyterian denominations, the local church is ruled by elected elders, some of which are ministerial. Each church then sends representatives or commissioners to presbyteries and further to a general assembly. Each greater level of assembly has ruling authority over its constituent members. In this governmental structure, each component has some level of sovereignty over itself. As in political federalism, in presbyterian ecclesiology there is shared sovereignty.",What happens in Presbyterian denominations?,"""factual"""
The commonality between Dutch spoken in the Netherlands and Dutch-speaking Belgium can be likened to the relationship between British English and American English.,factual,"In the Southern Netherlands (now Belgium and Luxembourg) developments were different. Under Spanish, then Austrian, and then French rule standardisation of Dutch language came to a standstill. The state, law, and increasingly education used French, yet more than half the Belgian population were speaking a Dutch dialect. In the course of the nineteenth century the Flemish movement stood up for the rights of Dutch, mostly called Flemish. But in competing with the French language the variation in dialects was a serious disadvantage. Since standardisation is a lengthy process, Dutch-speaking Belgium associated itself with the standard language that had already developed in the Netherlands over the centuries. Therefore, the situation in Belgium is essentially no different from that in the Netherlands, although there are recognisable differences in pronunciation, comparable to the pronunciation differences between standard British and standard American English. In 1980 the Netherlands and Belgium concluded the Language Union Treaty. This treaty lays down the principle that the two countries must gear their language policy to each other, among other things, for a common system of spelling.",The commonality between Dutch spoken by people in the Netherlands and Dutch-speaking Belgium can be compared to the relationship between British English and what language?,contradiction
"The first central bank in France, established by Napoleon, was called the Banque de France.",factual,"Napoleon instituted lasting reforms, including higher education, a tax code, road and sewer systems, and established the Banque de France, the first central bank in French history. He negotiated the Concordat of 1801 with the Catholic Church, which sought to reconcile the mostly Catholic population to his regime. It was presented alongside the Organic Articles, which regulated public worship in France. His dissolution of the Holy Roman Empire paved the way to German Unification later in the 19th century. The sale of the Louisiana Territory to the United States doubled the size of the country and was a major event in American history.","What was the name of the first central bank in France, that Napoleon established?","""factual"""
The document that was changed to bring about a change in government was the Constitution.,factual,"In 1974 ministerial government was introduced to the Gilbert and Ellice Islands Colony through a change to the Constitution. In that year a general election was held; and a referendum was held in December 1974 to determine whether the Gilbert Islands and Ellice Islands should each have their own administration. As a consequence of the referendum, separation occurred in two stages. The Tuvaluan Order 1975, which took effect on 1 October 1975, recognised Tuvalu as a separate British dependency with its own government. The second stage occurred on 1 January 1976 when separate administrations were created out of the civil service of the Gilbert and Ellice Islands Colony.",What document was changed to cause a change in government?,"""factual"""
"Henry Nelson Wieman, one of America's leading experts on Whitehead, delivered a lecture at the school to explain Whitehead's ideas.",irrelevant,"The term ""classical music"" did not appear until the early 19th century, in an attempt to distinctly canonize the period from Johann Sebastian Bach to Beethoven as a golden age. The earliest reference to ""classical music"" recorded by the Oxford English Dictionary is from about 1836.","When did the term ""classical music"" appear? ",irrelevant
"In the Mahayana tradition, it is the Buddha who is considered to be an omnipresent being.",factual,"In the Mahayana, the Buddha tends not to be viewed as merely human, but as the earthly projection of a beginningless and endless, omnipresent being (see Dharmakaya) beyond the range and reach of thought. Moreover, in certain Mahayana sutras, the Buddha, Dharma and Sangha are viewed essentially as One: all three are seen as the eternal Buddha himself.","In the Mahayana, who is thought to be an omnipresent being?","""factual"""
"One of the more dominant scripts during the Han period was the mature clerical script, also known as bāfēn script.",factual,"Contrary to the popular belief of there being only one script per period, there were in fact multiple scripts in use during the Han period. Although mature clerical script, also called 八分 (bāfēn) script, was dominant at that time, an early type of cursive script was also in use by the Han by at least as early as 24 BC (during the very late Western Han period),[b] incorporating cursive forms popular at the time, well as many elements from the vulgar writing of the Warring State of Qin. By around the time of the Eastern Jin dynasty, this Han cursive became known as 章草 zhāngcǎo (also known as 隶草 / 隸草 lìcǎo today), or in English sometimes clerical cursive, ancient cursive, or draft cursive. Some believe that the name, based on 章 zhāng meaning ""orderly"", arose because the script was a more orderly form of cursive than the modern form, which emerged during the Eastern Jin dynasty and is still in use today, called 今草 jīncǎo or ""modern cursive"".",What was one of the more dominant scripts during the time?,"""factual"""
"The Hammond-Harwood House, located in Annapolis, Maryland, is considered to be the best remaining example of a house from the Georgian period and style.",factual,"Unlike the Baroque style that it replaced, which was mostly used for palaces and churches, and had little representation in the British colonies, simpler Georgian styles were widely used by the upper and middle classes. Perhaps the best remaining house is the pristine Hammond-Harwood House (1774) in Annapolis, Maryland, designed by the colonial architect William Buckland and modelled on the Villa Pisani at Montagnana, Italy as depicted in Andrea Palladio's I quattro libri dell'architettura (""Four Books of Architecture"").",What is considered to be the best remaining example of a house from the Georgian period and style?,"""factual"""
The roots of Orthodox Judaism can be traced back to the 19th century.,factual,"The roots of Orthodox Judaism can be traced to the late 18th or early 19th century, when elements within German Jewry sought to reform Jewish belief and practice in the early 19th century in response to the Age of Enlightenment, Jewish Emancipation, and Haskalah. They sought to modernize education in light of contemporary scholarship. They rejected claims of the absolute divine authorship of the Torah, declaring only biblical laws concerning ethics to be binding, and stated that the rest of halakha (Jewish law) need not be viewed as normative for Jews in wider society. (see Reform Judaism).",When can the roots of orthodox judaism be traced to?,"""factual"""
The exotic pet trade is one specific industry that takes advantage of loopholes in the Endangered Species Act.,factual,"According to research published in 1999 by Alan Green and the Center for Public Integrity (CPI), loopholes in the ESA are commonly exploited in the exotic pet trade. Although the legislation prohibits interstate and foreign transactions for list species, no provisions are made for in-state commerce, allowing these animals to be sold to roadside zoos and private collectors. Additionally, the ESA allows listed species to be shipped across state lines as long as they are not sold. According to Green and the CPI, this allows dealers to ""donate"" listed species through supposed ""breeding loans"" to anyone, and in return they can legally receive a reciprocal monetary ""donation"" from the receiving party. Furthermore, an interview with an endangered species specialist at the US Fish and Wildlife Service revealed that the agency does not have sufficient staff to perform undercover investigations, which would catch these false ""donations"" and other mislabeled transactions.",What is one particular industry that exploits Endangered Species Act loopholes?,"""factual"""
"By the 17th century, the Rio police had grown to the point where most captaincies had established local units responsible for law enforcement functions.",factual,"In 1566, the first police investigator of Rio de Janeiro was recruited. By the 17th century, most captaincies already had local units with law enforcement functions. On July 9, 1775 a Cavalry Regiment was created in the state of Minas Gerais for maintaining law and order. In 1808, the Portuguese royal family relocated to Brazil, because of the French invasion of Portugal. King João VI established the ""Intendência Geral de Polícia"" (General Police Intendancy) for investigations. He also created a Royal Police Guard for Rio de Janeiro in 1809. In 1831, after independence, each province started organizing its local ""military police"", with order maintenance tasks. The Federal Railroad Police was created in 1852.",How had the Rio police grown by the 17th century?,"""factual"""
Pune Airport is located in India.,irrelevant,"Time appears to have a direction—the past lies behind, fixed and immutable, while the future lies ahead and is not necessarily fixed. Yet for the most part the laws of physics do not specify an arrow of time, and allow any process to proceed both forward and in reverse. This is generally a consequence of time being modeled by a parameter in the system being analyzed, where there is no ""proper time"": the direction of the arrow of time is sometimes arbitrary. Examples of this include the Second law of thermodynamics, which states that entropy must increase over time (see Entropy); the cosmological arrow of time, which points away from the Big Bang, CPT symmetry, and the radiative arrow of time, caused by light only traveling forwards in time (see light cone). In particle physics, the violation of CP symmetry implies that there should be a small counterbalancing time asymmetry to preserve CPT symmetry as stated above. The standard description of measurement in quantum mechanics is also time asymmetric (see Measurement in quantum mechanics).",Which law states that entropy must increase over time?,irrelevant
"Frédéric Chopin was born on February 22, 1810, according to the parish baptismal record.",factual,"Fryderyk Chopin was born in Żelazowa Wola, 46 kilometres (29 miles) west of Warsaw, in what was then the Duchy of Warsaw, a Polish state established by Napoleon. The parish baptismal record gives his birthday as 22 February 1810, and cites his given names in the Latin form Fridericus Franciscus (in Polish, he was Fryderyk Franciszek). However, the composer and his family used the birthdate 1 March,[n 2] which is now generally accepted as the correct date.",On what date was Frédéric born on?,"""factual"""
Lazaro Arbos was the last male contestant to be eliminated on the 12th season of American Idol.,factual,"The top 10 contestants started with five males and five females, however, the males were eliminated consecutively in the first five weeks, with Lazaro Arbos the last male to be eliminated. For the first time in the show's history, the top 5 contestants were all female. It was also the first time that the judges' ""save"" was not used, the top four contestants were therefore given an extra week to perform again with their votes carried over with no elimination in the first week.",Who was the last guy to be sent home on season 12 of American Idol?,"""factual"""
"Kerry was supposed to say, ""... you end up getting us stuck in a war in Iraq. Just ask President Bush.""",irrelevant,"In Chapter II, Darwin specifies that the distinction between species and varieties is arbitrary, with experts disagreeing and changing their decisions when new forms were found. He concludes that ""a well-marked variety may be justly called an incipient species"" and that ""species are only strongly marked and permanent varieties"". He argues for the ubiquity of variation in nature. Historians have noted that naturalists had long been aware that the individuals of a species differed from one another, but had generally considered such variations to be limited and unimportant deviations from the archetype of each species, that archetype being a fixed ideal in the mind of God. Darwin and Wallace made variation among individuals of the same species central to understanding the natural world.",What did Darwin and Wallace make central to understanding the natural world?,irrelevant
A tree growing rapidly out in the open will have thicker sapwood for its size compared to the same species of tree growing in a dense forest.,factual,"Sapwood (or alburnum) is the younger, outermost wood; in the growing tree it is living wood, and its principal functions are to conduct water from the roots to the leaves and to store up and give back according to the season the reserves prepared in the leaves. However, by the time they become competent to conduct water, all xylem tracheids and vessels have lost their cytoplasm and the cells are therefore functionally dead. All wood in a tree is first formed as sapwood. The more leaves a tree bears and the more vigorous its growth, the larger the volume of sapwood required. Hence trees making rapid growth in the open have thicker sapwood for their size than trees of the same species growing in dense forests. Sometimes trees (of species that do form heartwood) grown in the open may become of considerable size, 30 cm or more in diameter, before any heartwood begins to form, for example, in second-growth hickory, or open-grown pines.",Does a tree growing quickly out in the open have thinner or thicker sapwood for its size than the same kind of tree in a dense forest?,"""factual"""
"According to Isabelle Stengers, the unifying factors in diverse practices, such as ecology and feminism, that have become interested in Whitehead's work are those that combine political struggle and spirituality with the sciences of education.",irrelevant,"The Knights of Columbus, the world's largest Catholic fraternal service organization and a Fortune 1000 company, is headquartered in New Haven. Two more Fortune 1000 companies are based in Greater New Haven: the electrical equipment producers Hubbell, based in Orange, and Amphenol, based in Wallingford. Eight Courant 100 companies are based in Greater New Haven, with four headquartered in New Haven proper. New Haven-based companies traded on stock exchanges include NewAlliance Bank, the second largest bank in Connecticut and fourth-largest in New England (NYSE: NAL), Higher One Holdings (NYSE: ONE), a financial services firm United Illuminating, the electricity distributor for southern Connecticut (NYSE: UIL), Achillion Pharmaceuticals (NASDAQ: ACHN), Alexion Pharmaceuticals (NasdaqGS: ALXN), and Transpro Inc. (AMEX: TPR). Vion Pharmaceuticals is traded OTC (OTC BB: VIONQ.OB). Other notable companies based in the city include the Peter Paul Candy Manufacturing Company (the candy-making division of the Hershey Company), the American division of Assa Abloy (one of the world's leading manufacturers of locks), Yale University Press, and the Russell Trust Association (the business arm of the Skull and Bones Society). The Southern New England Telephone Company (SNET) began operations in the city as the District Telephone Company of New Haven in 1878; the company remains headquartered in New Haven as a subsidiary of AT&T Inc., now doing business as AT&T Connecticut, and provides telephone service for all but two municipalities in Connecticut.","In what year did the Southern New England Telephone Company, formerly the District Telephone Company of New Haven, establish operations in the area? ","""factual"""
Temperatures exceeding 100 degrees are typically found only in the lower-elevation areas of the Piedmont and far-inland regions of the coastal plain.,factual,"The Atlantic Ocean has less influence on the climate of the Piedmont region, which has hotter summers and colder winters than in the coast. Daytime highs in the Piedmont often reach over 90 °F (32 °C) in the summer. While it is not common for the temperature to reach over 100 °F (38 °C) in the state, such temperatures, when they occur, typically are found only in the lower-elevation areas of the Piedmont and far-inland areas of the coastal plain. The weaker influence of the Atlantic Ocean also means that temperatures in the Piedmont often fluctuate more widely than in the coast.",Temperatures over 100 degrees will typically be found in what elevation of the Piedmont?,"""factual"""
Pembroke College,contradiction,"The Cambridge Rules, first drawn up at Cambridge University in 1848, were particularly influential in the development of subsequent codes, including association football. The Cambridge Rules were written at Trinity College, Cambridge, at a meeting attended by representatives from Eton, Harrow, Rugby, Winchester and Shrewsbury schools. They were not universally adopted. During the 1850s, many clubs unconnected to schools or universities were formed throughout the English-speaking world, to play various forms of football. Some came up with their own distinct codes of rules, most notably the Sheffield Football Club, formed by former public school pupils in 1857, which led to formation of a Sheffield FA in 1867. In 1862, John Charles Thring of Uppingham School also devised an influential set of rules.",Which college where the Cambridge Rules written at?,contradiction
"Inert gas reduces efficiency by conducting heat away from the filament, which results in cooling the filament.",factual,"While inert gas reduces filament evaporation, it also conducts heat from the filament, thereby cooling the filament and reducing efficiency. At constant pressure and temperature, the thermal conductivity of a gas depends upon the molecular weight of the gas and the cross sectional area of the gas molecules. Higher molecular weight gasses have lower thermal conductivity, because both the molecular weight is higher and also the cross sectional area is higher. Xenon gas improves efficiency because of its high molecular weight, but is also more expensive, so its use is limited to smaller lamps.",Why does inert gas reduce efficiency?,"""factual"""
The kits are changed regularly to appeal to the lucrative replica kit market.,factual,"When Nike took over from Adidas as Arsenal's kit provider in 1994, Arsenal's away colours were again changed to two-tone blue shirts and shorts. Since the advent of the lucrative replica kit market, the away kits have been changed regularly, with Arsenal usually releasing both away and third choice kits. During this period the designs have been either all blue designs, or variations on the traditional yellow and blue, such as the metallic gold and navy strip used in the 2001–02 season, the yellow and dark grey used from 2005 to 2007, and the yellow and maroon of 2010 to 2013. As of 2009, the away kit is changed every season, and the outgoing away kit becomes the third-choice kit if a new home kit is being introduced in the same year.",To appeal to what are the kits changed regularly?,"""factual"""
The official city TV station is broadcast from Bronx Community College.,factual,"The City of New York has an official television station run by the NYC Media Group and broadcasting from Bronx Community College, and Cablevision operates News 12 The Bronx, both of which feature programming based in the Bronx. Co-op City was the first area in the Bronx, and the first in New York beyond Manhattan, to have its own cable television provider. The local public-access television station BronxNet originates from Herbert H. Lehman College, the borough's only four year CUNY school, and provides government-access television (GATV) public affairs programming in addition to programming produced by Bronx residents.",Where is the official city TV station broadcast from?,"""factual"""
The part of the organ that is currently not connected or playable is the Celestial Organ.,factual,"In 1982 and 1987, Harrison and Harrison enlarged the organ under the direction of the then abbey organist Simon Preston to include an additional Lower Choir Organ and a Bombarde Organ: the current instrument now has five manuals and 109 speaking stops. In 2006, the console of the organ was refurbished by Harrison and Harrison, and space was prepared for two additional 16 ft stops on the Lower Choir Organ and the Bombarde Organ. One part of the instrument, the Celestial Organ, is currently not connected or playable.",What part of the organ is not connected or playable?,"""factual"""
"The name ""Seattle"" initially appeared on official Washington Territory papers on May 23, 1853.",factual,"The name ""Seattle"" appears on official Washington Territory papers dated May 23, 1853, when the first plats for the village were filed. In 1855, nominal land settlements were established. On January 14, 1865, the Legislature of Territorial Washington incorporated the Town of Seattle with a board of trustees managing the city. The town of Seattle was disincorporated January 18, 1867 and remained a mere precinct of King County until late 1869, when a new petition was filed and the city was re-incorporated December 2, 1869 with a Mayor-council government. The corporate seal of the City of Seattle carries the date ""1869"" and a likeness of Chief Sealth in left profile.",At what date did the name Seattle first appear on official papers?,"""factual"""
The Air New Zealand crash on Mount Erebus occurred in 1979.,factual,"There has been some concern over the potential adverse environmental and ecosystem effects caused by the influx of visitors. Some environmentalists and scientists have made a call for stricter regulations for ships and a tourism quota. The primary response by Antarctic Treaty Parties has been to develop, through their Committee for Environmental Protection and in partnership with IAATO, ""site use guidelines"" setting landing limits and closed or restricted zones on the more frequently visited sites. Antarctic sightseeing flights (which did not land) operated out of Australia and New Zealand until the fatal crash of Air New Zealand Flight 901 in 1979 on Mount Erebus, which killed all 257 aboard. Qantas resumed commercial overflights to Antarctica from Australia in the mid-1990s.",When did an Air New Zealand crash on Mount Erebus?,"""factual"""
The Siasat Daily is one of the major Urdu newspapers published in Hyderabad.,factual,"One of Hyderabad's earliest newspapers, The Deccan Times, was established in the 1780s. In modern times, the major Telugu dailies published in Hyderabad are Eenadu, Andhra Jyothy, Sakshi and Namaste Telangana, while the major English papers are The Times of India, The Hindu and The Deccan Chronicle. The major Urdu papers include The Siasat Daily, The Munsif Daily and Etemaad. Many coffee table magazines, professional magazines and research journals are also regularly published. The Secunderabad Cantonment Board established the first radio station in Hyderabad State around 1919. Deccan Radio was the first radio public broadcast station in the city starting on 3 February 1935, with FM broadcasting beginning in 2000. The available channels in Hyderabad include All India Radio, Radio Mirchi, Radio City, Red FM and Big FM.",What type of paper is The Siasat Daily?,"""factual"""
Urban anthropology is the division of anthropology that is concerned with issues such as poverty.,irrelevant,"In August 2007 Virgil Griffith, a Caltech computation and neural-systems graduate student, created a searchable database that linked changes made by anonymous Wikipedia editors to companies and organizations from which the changes were made. The database cross-referenced logs of Wikipedia edits with publicly available records pertaining to the internet IP addresses edits were made from. Griffith was motivated by the edits from the United States Congress, and wanted to see if others were similarly promoting themselves. The tool was designed to detect conflict of interest edits. Among his findings were that FBI computers were used to edit the FBI article in Wikipedia. Although the edits correlated with known FBI IP addresses, there was no proof that the changes actually came from a member or employee of the FBI, only that someone who had access to their network had edited the FBI article in Wikipedia. Wikipedia spokespersons received Griffith's ""WikiScanner"" positively, noting that it helped prevent conflicts of interest from influencing articles as well as increasing transparency and mitigating attempts to remove or distort relevant facts.",What did Griffith's tool help increase?,irrelevant
The Plymouth Brethren originated in the late 1820s.,irrelevant,"Throughout the 14th century, French kings sought to expand their influence at the expense of the territorial holdings of the nobility. They ran into difficulties when attempting to confiscate the holdings of the English kings in southern France, leading to the Hundred Years' War, waged from 1337 to 1453. Early in the war the English under Edward III (r. 1327–77) and his son Edward, the Black Prince (d. 1376),[AF] won the battles of Crécy and Poitiers, captured the city of Calais, and won control of much of France.[AG] The resulting stresses almost caused the disintegration of the French kingdom during the early years of the war. In the early 15th century, France again came close to dissolving, but in the late 1420s the military successes of Joan of Arc (d. 1431) led to the victory of the French and the capture of the last English possessions in southern France in 1453. The price was high, as the population of France at the end of the Wars was likely half what it had been at the start of the conflict. Conversely, the Wars had a positive effect on English national identity, doing much to fuse the various local identities into a national English ideal. The conflict with France also helped create a national culture in England separate from French culture, which had previously been the dominant influence. The dominance of the English longbow began during early stages of the Hundred Years' War, and cannon appeared on the battlefield at Crécy in 1346.",When did the reign of Edward III begin?,irrelevant
Ibn Sina lived from 980 to 1037.,factual,"One of the common definitions for ""Islamic philosophy"" is ""the style of philosophy produced within the framework of Islamic culture."" Islamic philosophy, in this definition is neither necessarily concerned with religious issues, nor is exclusively produced by Muslims. The Persian scholar Ibn Sina (Avicenna) (980–1037) had more than 450 books attributed to him. His writings were concerned with various subjects, most notably philosophy and medicine. His medical textbook The Canon of Medicine was used as the standard text in European universities for centuries. He also wrote The Book of Healing, an influential scientific and philosophical encyclopedia.",What was the life span of Ibn Sina?,"""factual"""
"By 1811, Napoleon's empire had a population of more than 70 million people.",factual,"Hoping to extend the Continental System, Napoleon invaded Iberia and declared his brother Joseph the King of Spain in 1808. The Spanish and the Portuguese revolted with British support. The Peninsular War lasted six years, noted for its brutal guerrilla warfare, and culminated in an Allied victory. Fighting also erupted in Central Europe, as the Austrians launched another attack against the French in 1809. Napoleon defeated them at the Battle of Wagram, dissolving the Fifth Coalition formed against France. By 1811, Napoleon ruled over 70 million people across an empire that had domination in Europe, which had not witnessed this level of political consolidation since the days of the Roman Empire. He maintained his strategic status through a series of alliances and family appointments. He created a new aristocracy in France while allowing the return of nobles who had been forced into exile by the Revolution.","By 1811, what was the population of Napoleon's Empire?","""factual"""
"Principia Mathematica spanned more than 2,000 pages in its final published form.",factual,"Whitehead and Russell had thought originally that Principia Mathematica would take a year to complete; it ended up taking them ten years. To add insult to injury, when it came time for publication, the three-volume work was so massive (more than 2,000 pages) and its audience so narrow (professional mathematicians) that it was initially published at a loss of 600 pounds, 300 of which was paid by Cambridge University Press, 200 by the Royal Society of London, and 50 apiece by Whitehead and Russell themselves. Despite the initial loss, today there is likely no major academic library in the world which does not hold a copy of Principia Mathematica.",How many pages was Principia Mathematica?,"""factual"""
The oxidation state for zinc is +2.,factual,"Zinc is a chemical element with symbol Zn and atomic number 30. It is the first element of group 12 of the periodic table. In some respects zinc is chemically similar to magnesium: its ion is of similar size and its only common oxidation state is +2. Zinc is the 24th most abundant element in Earth's crust and has five stable isotopes. The most common zinc ore is sphalerite (zinc blende), a zinc sulfide mineral. The largest mineable amounts are found in Australia, Asia, and the United States. Zinc production includes froth flotation of the ore, roasting, and final extraction using electricity (electrowinning).",What is the oxidation state for zinc?,"""factual"""
The military administration failed to utilize the oil revenues for investing in infrastructure.,factual,"During the oil boom of the 1970s, Nigeria joined OPEC and the huge revenue generated made the economy richer. Despite huge revenues from oil production and sale, the military administration did little to improve the standard of living of the population, help small and medium businesses, or invest in infrastructure. As oil revenues fuelled the rise of federal subventions to states, the federal government became the centre of political struggle and the threshold of power in the country. As oil production and revenue rose, the Nigerian government became increasingly dependent on oil revenues and the international commodity markets for budgetary and economic concerns. It did not develop other sources of the economy for economic stability. That spelled doom to federalism in Nigeria.",Who failed to use the oil revenues to invest in infrastructure?,"""factual"""
Insight Namibia is the most widely read current affairs magazine in Namibia.,factual,"Other mentionable newspapers are the tabloid Informanté owned by TrustCo, the weekly Windhoek Observer, the weekly Namibia Economist, as well as the regional Namib Times. Current affairs magazines include Insight Namibia, Vision2030 Focus magazine[citation needed] and Prime FOCUS. Sister Namibia Magazine stands out as the longest running NGO magazine in Namibia, while Namibia Sport is the only national sport magazine. Furthermore, the print market is complemented with party publications, student newspapers and PR publications.",What is the most popular current affairs magazine in Namibia?,contradiction
The Premier League made the decision to grant broadcasting rights to BSkyB in the year 1992.,factual,"Television has played a major role in the history of the Premier League. The League's decision to assign broadcasting rights to BSkyB in 1992 was at the time a radical decision, but one that has paid off. At the time pay television was an almost untested proposition in the UK market, as was charging fans to watch live televised football. However, a combination of Sky's strategy, the quality of Premier League football and the public's appetite for the game has seen the value of the Premier League's TV rights soar.",In which year did the Premier League decide to give BSkyB broadcasting rights?,"""factual"""
The Movement For Democracy in Liberia requested the extradition of Charles Taylor from Nigeria.,factual,"The subsequent 2005 elections were internationally regarded as the most free and fair in Liberian history. Ellen Johnson Sirleaf, a Harvard-trained economist and former Minister of Finance, was elected as the first female president in Africa. Upon her inauguration, Sirleaf requested the extradition of Taylor from Nigeria and transferred him to the SCSL for trial in The Hague. In 2006, the government established a Truth and Reconciliation Commission to address the causes and crimes of the civil war.","Movement For democracy in Liberia requested the extradition of whom""","""factual"""
Approximately 50% of Namibia's population relies on agriculture for their livelihood.,factual,"About half of the population depends on agriculture (largely subsistence agriculture) for its livelihood, but Namibia must still import some of its food. Although per capita GDP is five times the per capita GDP of Africa's poorest countries, the majority of Namibia's people live in rural areas and exist on a subsistence way of life. Namibia has one of the highest rates of income inequality in the world, due in part to the fact that there is an urban economy and a more rural cash-less economy. The inequality figures thus take into account people who do not actually rely on the formal economy for their survival. Although arable land accounts for only 1% of Namibia, nearly half of the population is employed in agriculture.",How much of the population depends on agriculture?,"""factual"""
The traditional building materials in Tuvalu were derived from plants and trees native to the region.,factual,"The traditional buildings of Tuvalu used plants and trees from the native broadleaf forest, including timber from: Pouka, (Hernandia peltata); Ngia or Ingia bush, (Pemphis acidula); Miro, (Thespesia populnea); Tonga, (Rhizophora mucronata); Fau or Fo fafini, or woman's fibre tree (Hibiscus tiliaceus). and fibre from: coconut; Ferra, native fig (Ficus aspem); Fala, screw pine or Pandanus. The buildings were constructed without nails and were lashed and tied together with a plaited sennit rope that was handmade from dried coconut fibre.",What were the traditional building materials on Tuvalu?,"""factual"""
The organic deposits were transformed into bitumen over millions of years at temperatures ranging from 50 to 150 °C (120 to 300 °F).,factual,"Asphalt/bitumen is similar to the organic matter in carbonaceous meteorites. However, detailed studies have shown these materials to be distinct. The vast Alberta bitumen resources are believed to have started out as living material from marine plants and animals, mainly algae, that died millions of years ago when an ancient ocean covered Alberta. They were covered by mud, buried deeply over the eons, and gently cooked into oil by geothermal heat at a temperature of 50 to 150 °C (120 to 300 °F). Due to pressure from the rising of the Rocky Mountains in southwestern Alberta, 80 to 55 million years ago, the oil was driven northeast hundreds of kilometres into underground sand deposits left behind by ancient river beds and ocean beaches, thus forming the oil sands.",What temperatures did the organic deposits need to form bitumen over the eons?,"""factual"""
"The DIN system was created by the Deutsches Institut für Normung (DIN), which was still known as Deutscher Normenausschuß (DNA) at the time of its publication in January 1934.",factual,"The DIN system, officially DIN standard 4512 by Deutsches Institut für Normung (but still named Deutscher Normenausschuß (DNA) at this time), was published in January 1934. It grew out of drafts for a standardized method of sensitometry put forward by Deutscher Normenausschuß für Phototechnik as proposed by the committee for sensitometry of the Deutsche Gesellschaft für photographische Forschung since 1930 and presented by Robert Luther (de) (1868–1945) and Emanuel Goldberg (1881–1970) at the influential VIII. International Congress of Photography (German: Internationaler Kongreß für wissenschaftliche und angewandte Photographie) held in Dresden from August 3 to 8, 1931.",Who created the DIN system?,contradiction
"In Estonian, the canonical word order is subject-verb-object (SVO).",factual,"Typologically, Estonian represents a transitional form from an agglutinating language to a fusional language. The canonical word order is SVO (subject–verb–object).",How are words ordered in Estonian canonically?,"""factual"""
"According to James, emotion is synonymous with the perception of bodily changes as they occur.",factual,"In his 1884 article William James argued that feelings and emotions were secondary to physiological phenomena. In his theory, James proposed that the perception of what he called an ""exciting fact"" directly led to a physiological response, known as ""emotion."" To account for different types of emotional experiences, James proposed that stimuli trigger activity in the autonomic nervous system, which in turn produces an emotional experience in the brain. The Danish psychologist Carl Lange also proposed a similar theory at around the same time, and therefore this theory became known as the James–Lange theory. As James wrote, ""the perception of bodily changes, as they occur, is the emotion."" James further claims that ""we feel sad because we cry, angry because we strike, afraid because we tremble, and neither we cry, strike, nor tremble because we are sorry, angry, or fearful, as the case may be.""",What did James believe emotion was synonymous with?,"""factual"""
The coastal artillery batteries that were set up shortly after 1852 were named Fort Rosecrans.,factual,"The southern portion of the Point Loma peninsula was set aside for military purposes as early as 1852. Over the next several decades the Army set up a series of coastal artillery batteries and named the area Fort Rosecrans. Significant U.S. Navy presence began in 1901 with the establishment of the Navy Coaling Station in Point Loma, and expanded greatly during the 1920s. By 1930, the city was host to Naval Base San Diego, Naval Training Center San Diego, San Diego Naval Hospital, Camp Matthews, and Camp Kearny (now Marine Corps Air Station Miramar). The city was also an early center for aviation: as early as World War I, San Diego was proclaiming itself ""The Air Capital of the West"". The city was home to important airplane developers and manufacturers like Ryan Airlines (later Ryan Aeronautical), founded in 1925, and Consolidated Aircraft (later Convair), founded in 1923. Charles A. Lindbergh's plane The Spirit of St. Louis was built in San Diego in 1927 by Ryan Airlines.",What names was given to coastal artillery batteries erected shortly after 1852?,"""factual"""
"Erichtho was accused of undermining the natural order of gods, mankind, and destiny.",factual,"Lucan depicts Sextus Pompeius, the doomed son of Pompey the Great, as convinced ""the gods of heaven knew too little"" and awaiting the Battle of Pharsalus by consulting with the Thessalian witch Erichtho, who practices necromancy and inhabits deserted graves, feeding on rotting corpses. Erichtho, it is said, can arrest ""the rotation of the heavens and the flow of rivers"" and make ""austere old men blaze with illicit passions"". She and her clients are portrayed as undermining the natural order of gods, mankind and destiny. A female foreigner from Thessaly, notorious for witchcraft, Erichtho is the stereotypical witch of Latin literature, along with Horace's Canidia.",What natural order was Erichtho accused of undermining?,"""factual"""
The United States had a significantly larger air force compared to the Soviet Union.,factual,"For its part, the Soviet Union harbored fears of invasion. Having suffered at least 27 million casualties during World War II after being invaded by Nazi Germany in 1941, the Soviet Union was wary of its former ally, the United States, which until late 1949 was the sole possessor of atomic weapons. The United States had used these weapons operationally during World War II, and it could use them again against the Soviet Union, laying waste its cities and military centers. Since the Americans had a much larger air force than the Soviet Union, and the United States maintained advance air bases near Soviet territory, in 1947 Stalin ordered the development of intercontinental ballistic missiles (ICBMs) in order to counter the perceived American threat.",What type of military force did the US possess a much larger fleet than the Soviet Union?,"""factual"""
The vehicle where the musicians play is called a Carrosa.,factual,"Comparsas are held throughout the week, consisting of large groups ""of dancers dancing and traveling on the streets, followed by a Carrosa (carriage) where the musicians play. The Comparsa is a development of African processions where groups of devotees follow a given saint or deity during a particular religious celebration"". One of the most popular comparsas of Fiesta de Carnaval is the male group comparsa, usually composed of notable men from the community who dress up in outlandish costumes or cross-dress and dance to compete for money and prizes. Other popular activities include body painting and flour fighting. ""On the last day of Carnival painters flood the street to paint each other. This simply means that a mixture of water paint and water or raw eggs is used to paint people on the streets, the goal being to paint as many people as you can"".",What's the name of the vehicle where the musicians play?,"""factual"""
9.9%,contradiction,"Hinduism is the religion of 79.8% of New Delhi's population. There are also communities of Muslims (12.9%), Sikhs (5.4%), Jains (1.1%) and Christians (0.9%) in Delhi. Other religious groups (2.5%) include Parsis, Buddhists and Jews.",What percentage of New Delhi's population is Christian?,"""factual"""
7.5%,contradiction,"Economic growth in Swaziland has lagged behind that of its neighbours. Real GDP growth since 2001 has averaged 2.8%, nearly 2 percentage points lower than growth in other Southern African Customs Union (SACU) member countries. Low agricultural productivity in the SNLs, repeated droughts, the devastating effect of HIV/AIDS and an overly large and inefficient government sector are likely contributing factors. Swaziland's public finances deteriorated in the late 1990s following sizeable surpluses a decade earlier. A combination of declining revenues and increased spending led to significant budget deficits.",What has the Real growth in GDP since 2001 in Swaziland in percentage?,contradiction
Jehovah's Witnesses estimate their global growth rate to be 1.5% annually.,factual,"As of August 2015, Jehovah's Witnesses report an average of 8.2 million publishers—the term they use for members actively involved in preaching—in 118,016 congregations. In 2015, these reports indicated over 1.93 billion hours spent in preaching and ""Bible study"" activity. Since the mid-1990s, the number of peak publishers has increased from 4.5 million to 8.2 million. In the same year, they conducted ""Bible studies"" with over 9.7 million individuals, including those conducted by Witness parents with their children. Jehovah's Witnesses estimate their current worldwide growth rate to be 1.5% per year.",What do Jehovah's Witnesses their worldwide growth rate to be?,"""factual"""
"In Oklahoma, 11,330 individuals speak Vietnamese as their language.",factual,"German is the fourth most commonly used language, with 13,444 speakers representing about 0.4% of the total state population. Fifth is Vietnamese, spoken by 11,330 people, or about 0.4% of the population, many of whom live in the Asia District of Oklahoma City. Other languages include French with 8,258 speakers (0.3%), Chinese with 6,413 (0.2%), Korean with 3,948 (0.1%), Arabic with 3,265 (0.1%), other Asian languages with 3,134 (0.1%), Tagalog with 2,888 (0.1%), Japanese with 2,546 (0.1%), and African languages with 2,546 (0.1%). In addition to Cherokee, more than 25 Native American languages are spoken in Oklahoma, second only to California (though, it should be noted that only Cherokee exhibits language vitality at present).",How many Oklahomans speak Vietnamese?,"""factual"""
Alexis Bouvard studied the orbit of Neptune's distant cousin Mars.,contradiction,"In 1821, Alexis Bouvard published astronomical tables of the orbit of Neptune's neighbour Uranus. Subsequent observations revealed substantial deviations from the tables, leading Bouvard to hypothesise that an unknown body was perturbing the orbit through gravitational interaction. In 1843, John Couch Adams began work on the orbit of Uranus using the data he had. Via Cambridge Observatory director James Challis, he requested extra data from Sir George Airy, the Astronomer Royal, who supplied it in February 1844. Adams continued to work in 1845–46 and produced several different estimates of a new planet.",What did Alexis Bouvard study? ,contradiction
"The ""cool communities"" program in Los Angeles estimates that by investing $1 billion, they could lower urban temperatures by around 3 degrees Celsius.",factual,"Urban heat islands (UHI) are metropolitan areas with higher temperatures than that of the surrounding environment. The higher temperatures are a result of increased absorption of the Solar light by urban materials such as asphalt and concrete, which have lower albedos and higher heat capacities than those in the natural environment. A straightforward method of counteracting the UHI effect is to paint buildings and roads white and plant trees. Using these methods, a hypothetical ""cool communities"" program in Los Angeles has projected that urban temperatures could be reduced by approximately 3 °C at an estimated cost of US$1 billion, giving estimated total annual benefits of US$530 million from reduced air-conditioning costs and healthcare savings.","A program in Los Angeles believes that with $1 billion, city temperatures could be reduced by approximately how many degrees in Celsius?","""factual"""
The earliest known chemical evidence of barley beer production dates back to approximately 3500-3100 BC.,factual,"The earliest known chemical evidence of barley beer dates to circa 3500–3100 BC from the site of Godin Tepe in the Zagros Mountains of western Iran. Some of the earliest Sumerian writings contain references to beer; examples include a prayer to the goddess Ninkasi, known as ""The Hymn to Ninkasi"", which served as both a prayer as well as a method of remembering the recipe for beer in a culture with few literate people, and the ancient advice (Fill your belly. Day and night make merry) to Gilgamesh, recorded in the Epic of Gilgamesh, by the ale-wife Siduri may, at least in part, have referred to the consumption of beer. The Ebla tablets, discovered in 1974 in Ebla, Syria, show that beer was produced in the city in 2500 BC. A fermented beverage using rice and fruit was made in China around 7000 BC. Unlike sake, mould was not used to saccharify the rice (amylolytic fermentation); the rice was probably prepared for fermentation by mastication or malting.",When does evidence show the earliest known barley beer was produced?,"""factual"""
"As of 2014, Christianity was the most widely practiced religion in New York.",factual,"Christianity (59%), particularly Catholicism (33%), was the most prevalently practiced religion in New York as of 2014, followed by Judaism, with approximately 1.1 million Jews in New York City, over half living in Brooklyn. Islam ranks third in New York City, with official estimates ranging between 600,000 and 1,000,000 observers and including 10% of the city's public schoolchildren, followed by Hinduism, Buddhism, and a variety of other religions, as well as atheism. In 2014, 24% self-identified with no organized religious affiliation.",What was the most prominent religion in New York as of 2014?,"""factual"""
The eastern and western churches split over the issue of papal supremacy.,factual,"Christianity was a major unifying factor between Eastern and Western Europe before the Arab conquests, but the conquest of North Africa sundered maritime connections between those areas. Increasingly the Byzantine Church differed in language, practices, and liturgy from the western Church. The eastern church used Greek instead of the western Latin. Theological and political differences emerged, and by the early and middle 8th century issues such as iconoclasm, clerical marriage, and state control of the church had widened to the extent that the cultural and religious differences were greater than the similarities. The formal break came in 1054, when the papacy and the patriarchy of Constantinople clashed over papal supremacy and excommunicated each other, which led to the division of Christianity into two churches—the western branch became the Roman Catholic Church and the eastern branch the Orthodox Church.",Over what issue did the eastern and western churches split?,"""factual"""
"Play is stopped when the ball goes out of bounds, in addition to when the referee intervenes for a rules violation.",factual,"In game play, players attempt to create goal-scoring opportunities through individual control of the ball, such as by dribbling, passing the ball to a team-mate, and by taking shots at the goal, which is guarded by the opposing goalkeeper. Opposing players may try to regain control of the ball by intercepting a pass or through tackling the opponent in possession of the ball; however, physical contact between opponents is restricted. Football is generally a free-flowing game, with play stopping only when the ball has left the field of play or when play is stopped by the referee for an infringement of the rules. After a stoppage, play recommences with a specified restart.","Besides a referee interfering, when else is play stopped?","""factual"""
The first 128 symbols in both ASCII and Unicode are identical.,factual,"ASCII was incorporated into the Unicode character set as the first 128 symbols, so the 7-bit ASCII characters have the same numeric codes in both sets. This allows UTF-8 to be backward compatible with 7-bit ASCII, as a UTF-8 file containing only ASCII characters is identical to an ASCII file containing the same sequence of characters. Even more importantly, forward compatibility is ensured as software that recognizes only 7-bit ASCII characters as special and does not alter bytes with the highest bit set (as is often done to support 8-bit ASCII extensions such as ISO-8859-1) will preserve UTF-8 data unchanged.",How many of the symbols are the same in the beginning of the ASCII and Unicode?,"""factual"""
"In Culture and Anarchy, Hebraism is contrasted with Hellenism.",factual,"""Hellenistic"" is a modern word and a 19th-century concept; the idea of a Hellenistic period did not exist in Ancient Greece. Although words related in form or meaning, e.g. Hellenist (Ancient Greek: Ἑλληνιστής, Hellēnistēs), have been attested since ancient times, it was J. G. Droysen in the mid-19th century, who in his classic work Geschichte des Hellenismus, i.e. History of Hellenism, coined the term Hellenistic to refer to and define the period when Greek culture spread in the non-Greek world after Alexander’s conquest. Following Droysen, Hellenistic and related terms, e.g. Hellenism, have been widely used in various contexts; a notable such use is in Culture and Anarchy by Matthew Arnold, where Hellenism is used in contrast with Hebraism.","In Culture and Anarchy, Hebraism is contrasted with what?","""factual"""
"Switzerland's notable variety of grapes is attributed to the distinct combinations of soil, air, altitude, and light found in the country's terroirs.",factual,"The most popular alcoholic drink in Switzerland is wine. Switzerland is notable for the variety of grapes grown because of the large variations in terroirs, with their specific mixes of soil, air, altitude and light. Swiss wine is produced mainly in Valais, Vaud (Lavaux), Geneva and Ticino, with a small majority of white wines. Vineyards have been cultivated in Switzerland since the Roman era, even though certain traces can be found of a more ancient origin. The most widespread varieties are the Chasselas (called Fendant in Valais) and Pinot noir. The Merlot is the main variety produced in Ticino.",What 4 terrain variations are credited for Switzerland's notable variety of grapes grown?,"""factual"""
"In Devon, the name Jan is a local variation of the common English name John.",factual,"People from Plymouth are known as Plymothians or less formally as Janners. Its meaning is described as a person from Devon, deriving from Cousin Jan (the Devon form of John), but more particularly in naval circles anyone from the Plymouth area.","In Devon, Jan is another way of saying what common English name?","""factual"""
The Ming dynasty appointed titles to princes from eastern Tibetan principalities.,irrelevant,"Pascal Boyer argues that while there is a wide array of supernatural concepts found around the world, in general, supernatural beings tend to behave much like people. The construction of gods and spirits like persons is one of the best known traits of religion. He cites examples from Greek mythology, which is, in his opinion, more like a modern soap opera than other religious systems. Bertrand du Castel and Timothy Jurgensen demonstrate through formalization that Boyer's explanatory model matches physics' epistemology in positing not directly observable entities as intermediaries. Anthropologist Stewart Guthrie contends that people project human features onto non-human aspects of the world because it makes those aspects more familiar. Sigmund Freud also suggested that god concepts are projections of one's father.",Why does Stewart Guthrie believe that people project their human features onto non human things?,irrelevant
"In 2012, researcher Andrew Millar demonstrated that the gene feedback loop acts as a repressor.",factual,"The central oscillator generates a self-sustaining rhythm and is driven by two interacting feedback loops that are active at different times of day. The morning loop consists of CCA1 (Circadian and Clock-Associated 1) and LHY (Late Elongated Hypocotyl), which encode closely related MYB transcription factors that regulate circadian rhythms in Arabidopsis, as well as PRR 7 and 9 (Pseudo-Response Regulators.) The evening loop consists of GI (Gigantea) and ELF4, both involved in regulation of flowering time genes. When CCA1 and LHY are overexpressed (under constant light or dark conditions), plants become arrhythmic, and mRNA signals reduce, contributing to a negative feedback loop. Gene expression of CCA1 and LHY oscillates and peaks in the early morning, whereas TOC1 gene expression oscillates and peaks in the early evening. While it was previously hypothesised that these three genes model a negative feedback loop in which over-expressed CCA1 and LHY repress TOC1 and over-expressed TOC1 is a positive regulator of CCA1 and LHY, it was shown in 2012 by Andrew Millar and others that TOC1 in fact serves as a repressor not only of CCA1, LHY, and PRR7 and 9 in the morning loop but also of GI and ELF4 in the evening loop. This finding and further computational modeling of TOC1 gene functions and interactions suggest a reframing of the plant circadian clock as a triple negative-component repressilator model rather than the positive/negative-element feedback loop characterizing the clock in mammals.",What researcher showed that the gene  feedback loop serves as a repressor?,"""factual"""
The Hora circle dance became a symbol of the Zionist reconstruction.,factual,"The nation's canonical folk songs, known as ""Songs of the Land of Israel,"" deal with the experiences of the pioneers in building the Jewish homeland. The Hora circle dance introduced by early Jewish settlers was originally popular in the Kibbutzim and outlying communities. It became a symbol of the Zionist reconstruction and of the ability to experience joy amidst austerity. It now plays a significant role in modern Israeli folk dancing and is regularly performed at weddings and other celebrations, and in group dances throughout Israel.[citation needed] Modern dance in Israel is a flourishing field, and several Israeli choreographers such as Ohad Naharin, Rami Beer, Barak Marshall and many others, are considered[by whom?] to be among the most versatile and original international creators working today. Famous Israeli companies include the Batsheva Dance Company and the Kibbutz Contemporary Dance Company.[citation needed]",What became a symbol of the Zionist reconstruction?,"""factual"""
"In English, the Greek word ἰδεῖν translates to ""to see.""",factual,"Idealism is a term with several related meanings. It comes via idea from the Greek idein (ἰδεῖν), meaning ""to see"". The term entered the English language by 1743. In ordinary use, as when speaking of Woodrow Wilson's political idealism, it generally suggests the priority of ideals, principles, values, and goals over concrete realities. Idealists are understood to represent the world as it might or should be, unlike pragmatists, who focus on the world as it presently is. In the arts, similarly, idealism affirms imagination and attempts to realize a mental conception of beauty, a standard of perfection, juxtaposed to aesthetic naturalism and realism.",What does ἰδεῖν mean in English?,"""factual"""
"The term commonly used to describe such a decline, after the dereliction of Yesler Way, is Skid Row.",factual,"The first such boom, covering the early years of the city, rode on the lumber industry. (During this period the road now known as Yesler Way won the nickname ""Skid Road"", supposedly after the timber skidding down the hill to Henry Yesler's sawmill. The later dereliction of the area may be a possible origin for the term which later entered the wider American lexicon as Skid Row.) Like much of the American West, Seattle saw numerous conflicts between labor and management, as well as ethnic tensions that culminated in the anti-Chinese riots of 1885–1886. This violence originated with unemployed whites who were determined to drive the Chinese from Seattle (anti-Chinese riots also occurred in Tacoma). In 1900, Asians were 4.2% of the population. Authorities declared martial law and federal troops arrived to put down the disorder.","After Yesler Way fell into ill refute, what was the term generally used for this type of decline?","""factual"""
Kangra and Dharamshala are well-known for their distinctive Kangra miniature paintings.,factual,"The state is well known for its handicrafts. The carpets, leather works, shawls, metalware, woodwork and paintings are worth appreciating. Pashmina shawls are a product that is highly in demand in Himachal and all over the country. Himachali caps are famous art work of the people. Extreme cold winters of Himachal necessitated wool weaving. Nearly every household in Himachal owns a pit-loom. Wool is considered as pure and is used as a ritual cloth. The well-known woven object is the shawl, ranging from fine pashmina to the coarse desar. Kullu is famous for its shawls with striking patterns and vibrant colours. Kangra and Dharamshala are famous for Kangra miniature paintings.",What are Kangra and Dharamshala famous for?,"""factual"""
"Wotje was the other part of the Marshall Islands that was not occupied by the Americans in the first three months of their campaign, in addition to Mili, Maloelap, and Jaluit.",factual,"In World War II, the United States, during the Gilbert and Marshall Islands campaign, invaded and occupied the islands in 1944, destroying or isolating the Japanese garrisons. In just one month in 1944, Americans captured Kwajalein Atoll, Majuro and Enewetak, and, in the next two months, the rest of the Marshall Islands, except for Wotje, Mili, Maloelap and Jaluit.","Along with Mili, Maloelap and Jaluit, what parts of the Marshall Islands were not occupied in the first three months of the American campaign?","""factual"""
The population increases in Oklahoma City began in the late 1990s.,factual,"Oklahoma City has experienced significant population increases since the late 1990s. In May 2014, the U.S. Census announced Oklahoma City had an estimated population of 620,602 in 2014 and that it had grown 5.3 percent between April 2010 and June 2013. Since the official Census in 2000, Oklahoma City had grown 21 percent (a 114,470 raw increase) according to the Bureau estimates. The 2014 estimate of 620,602 is the largest population Oklahoma City has ever recorded. It is the first city in the state to record a population greater than 600,000 residents and the largest municipal population of the Great Plains region (OK, KS, NE, SD, ND).",When did the population increases begin in Oklahoma city?,"""factual"""
"The Trooping of the Colour, held every June, is a formal military pageant that celebrates the Queen's Official Birthday.",irrelevant,"Mechanical pulping yields almost a tonne of pulp per tonne of dry wood used, which is why mechanical pulps are sometimes referred to as ""high yield"" pulps. With almost twice the yield as chemical pulping, mechanical pulps is often cheaper. Mass-market paperback books and newspapers tend to use mechanical papers. Book publishers tend to use acid-free paper, made from fully bleached chemical pulps for hardback and trade paperback books.",What type of process is used to produce most paper used in paperback books?,irrelevant
Bell began to focus on his research into sound in the year 1873.,irrelevant,"Resonant antennas are expected to be used around a particular resonant frequency; an antenna must therefore be built or ordered to match the frequency range of the intended application. A particular antenna design will present a particular feedpoint impedance. While this may affect the choice of an antenna, an antenna's impedance can also be adapted to the desired impedance level of a system using a matching network while maintaining the other characteristics (except for a possible loss of efficiency).",Which antenna type would be best for a project requiring a specific frequency?,irrelevant
Ma Yuan passed away in the year AD 49.,factual,"The Eastern Han, also known as the Later Han, formally began on 5 August 25, when Liu Xiu became Emperor Guangwu of Han. During the widespread rebellion against Wang Mang, the state of Goguryeo was free to raid Han's Korean commanderies; Han did not reaffirm its control over the region until AD 30. The Trưng Sisters of Vietnam rebelled against Han in AD 40. Their rebellion was crushed by Han general Ma Yuan (d. AD 49) in a campaign from AD 42–43. Wang Mang renewed hostilities against the Xiongnu, who were estranged from Han until their leader Bi (比), a rival claimant to the throne against his cousin Punu (蒲奴), submitted to Han as a tributary vassal in AD 50. This created two rival Xiongnu states: the Southern Xiongnu led by Bi, an ally of Han, and the Northern Xiongnu led by Punu, an enemy of Han.",In what year did Ma Yuan die?,"""factual"""
"The majority of Portuguese industries, businesses, and financial institutions are concentrated in the metropolitan areas of Lisbon and Porto.",factual,"The Portuguese currency is the euro (€), which replaced the Portuguese Escudo, and the country was one of the original member states of the eurozone. Portugal's central bank is the Banco de Portugal, an integral part of the European System of Central Banks. Most industries, businesses and financial institutions are concentrated in the Lisbon and Porto metropolitan areas—the Setúbal, Aveiro, Braga, Coimbra and Leiria districts are the biggest economic centres outside these two main areas.[citation needed] According to World Travel Awards, Portugal is the Europe's Leading Golf Destination 2012 and 2013.","In what two areas are most Portuguese industries, businesses, and financial institutions concentrated?","""factual"""
"In the early 20th century, Philadelphia was controlled by the Republican political party.",factual,"By the 20th century, Philadelphia had become known as ""corrupt and contented"", with a complacent population and an entrenched Republican political machine. The first major reform came in 1917 when outrage over the election-year murder of a police officer led to the shrinking of the Philadelphia City Council from two houses to just one. In July 1919, Philadelphia was one of more than 36 industrial cities nationally to suffer a race riot of ethnic whites against blacks during Red Summer, in post-World War I unrest, as recent immigrants competed with blacks for jobs. In the 1920s, the public flouting of Prohibition laws, mob violence, and police involvement in illegal activities led to the appointment of Brigadier General Smedley Butler of the U.S. Marine Corps as director of public safety, but political pressure prevented any long-term success in fighting crime and corruption.",Which political party controlled Philadelphia in the early 20th century?,"""factual"""
Johan Cruyff chose to play for Barcelona over Real Madrid due to the association of the latter club with the dictator Francisco Franco.,factual,"The 1973–74 season saw the arrival of Johan Cruyff, who was bought for a world record £920,000 from Ajax. Already an established player with Ajax, Cruyff quickly won over the Barcelona fans when he told the European press that he chose Barcelona over Real Madrid because he could not play for a club associated with Francisco Franco. He further endeared himself when he named his son Jordi, after the local Catalan Saint George. Next to champions like Juan Manuel Asensi, Carles Rexach and Hugo Sotil, he helped the club win the 1973–74 season for the first time since 1960, defeating Real Madrid 5–0 at the Bernabéu along the way. He was crowned European Footballer of the Year in 1973 during his first season with Barcelona (his second Ballon d'Or win; he won his first while playing for Ajax in 1971). Cruyff received this prestigious award a third time (the first player to do so) in 1974, while he was still with Barcelona.",What dictator's rule was Cruyff's reason for avoiding Real Madrid?,"""factual"""
"At the end of World War II, it was the Germans who occupied Yugoslavia.",factual,"Tito has also been named as responsible for systematic eradication of the ethnic German (Danube Swabian) population in Vojvodina by expulsions and mass executions following the collapse of the German occupation of Yugoslavia at the end of World War II, in contrast to his inclusive attitude towards other Yugoslav nationalities.",Which group of people occupied Yugoslavia at the end of World War II?,"""factual"""
The new iMac G4 was significantly more expensive than the G3 primarily due to the higher cost of the LCD technology used in its flat-panel monitor at the time.,factual,"Starting in 2002, Apple moved to eliminate CRT displays from its product line as part of aesthetic design and space-saving measures with the iMac G4. However, the new iMac with its flexible LCD flat-panel monitor was considerably more expensive on its debut than the preceding iMac G3, largely due to the higher cost of the LCD technology at the time. In order to keep the Macintosh affordable for the education market and due to obsolescence of the iMac G3, Apple created the eMac in April 2002 as the intended successor; however the eMac's CRT made it relatively bulky and somewhat outdated, while its all-in-one construction meant it could not be expanded to meet consumer demand for larger monitors. The iMac G4's relatively high prices were approaching that of laptops which were portable and had higher resolution LCD screens. Meanwhile, Windows PC manufacturers could offer desktop configurations with LCD flat panel monitors at prices comparable to the eMac and at much lower cost than the iMac G4. The flop of the Power Mac G4 Cube, along with the more expensive iMac G4 and heavy eMac, meant that Macintosh desktop sales never reached the market share attained by the previous iMac G3. For the next half-decade while Macintosh sales held steady, it would instead be the iPod portable music player and iTunes music download service that would drive Apple's sales growth.",Why was the new iMac G4 considerably more expensive than the G3?,"""factual"""
"Common less-lethal weapons include batons, tear gas, riot control agents, rubber bullets, riot shields, water cannons, and electroshock weapons.",factual,"They can also be armed with non-lethal (more accurately known as ""less than lethal"" or ""less-lethal"") weaponry, particularly for riot control. Non-lethal weapons include batons, tear gas, riot control agents, rubber bullets, riot shields, water cannons and electroshock weapons. Police officers often carry handcuffs to restrain suspects. The use of firearms or deadly force is typically a last resort only to be used when necessary to save human life, although some jurisdictions (such as Brazil) allow its use against fleeing felons and escaped convicts. A ""shoot-to-kill"" policy was recently introduced in South Africa, which allows police to use deadly force against any person who poses a significant threat to them or civilians. With the country having one of the highest rates of violent crime, president Jacob Zuma states that South Africa needs to handle crime differently from other countries.",What are common less-lethal weapons?,"""factual"""
The United States' National Cybersecurity Strategy,contradiction,"Public Safety Canada’s Canadian Cyber Incident Response Centre (CCIRC) is responsible for mitigating and responding to threats to Canada’s critical infrastructure and cyber systems. The CCIRC provides support to mitigate cyber threats, technical support to respond and recover from targeted cyber attacks, and provides online tools for members of Canada’s critical infrastructure sectors. The CCIRC posts regular cyber security bulletins on the Public Safety Canada website. The CCIRC also operates an online reporting tool where individuals and organizations can report a cyber incident. Canada's Cyber Security Strategy is part of a larger, integrated approach to critical infrastructure protection, and functions as a counterpart document to the National Strategy and Action Plan for Critical Infrastructure.",What functions as a counterpart document to the National Strategy and Action Plan for Critical Infrastructure?,contradiction
Sonora,contradiction,The desert zone also accounts for about a third of the state's surface area. The Chihuahuan Desert is an international biome that also extends into the neighboring Mexican state of Coahuila and into the U.S. states of Texas and New Mexico. The desert zone is mainly of flat topography with some small mountain ranges that run north to south. The desert in the state varies slightly with a small variant in climate. The lower elevations of the desert zone are found in the north along the Rio Grande which experience hotter temperatures in the summer and winter while the southern portion of the desert zone experiences cooler temperatures due to its higher elevation. The Samalayuca dunes cover an area of about 150 km2; it is an impressive site of the Chihuahuan Desert and is a protected area by the state due to unique species of plants and animals.,The Chihuahuan Desert also extends into which neighboring Mexican state?,contradiction
The University of Washington operates Harborview.,irrelevant,"As it has on every aspect of Charleston culture, the Gullah community has had a tremendous influence on music in Charleston, especially when it comes to the early development of jazz music. In turn, the music of Charleston has had an influence on that of the rest of the country. The geechee dances that accompanied the music of the dock workers in Charleston followed a rhythm that inspired Eubie Blake's ""Charleston Rag"" and later James P. Johnson's ""The Charleston"", as well as the dance craze that defined a nation in the 1920s. ""Ballin' the Jack"", which was a popular dance in the years before ""The Charleston"", was written by native Charlestonian Chris Smith.",Geechee dances are associated with the music of what type of worker?,irrelevant
The root cause of hardware failures with the Xbox 360 was overheating.,factual,"Since these problems surfaced, Microsoft has attempted to modify the console to improve its reliability. Modifications include a reduction in the number, size, and placement of components, the addition of dabs of epoxy on the corners and edges of the CPU and GPU as glue to prevent movement relative to the board during heat expansion, and a second GPU heatsink to dissipate more heat. With the release of the redesigned Xbox 360 S, the warranty for the newer models does not include the three-year extended coverage for ""General Hardware Failures"". The newer Xbox 360 S model indicates system overheating when the console's power button begins to flash red, unlike previous models where the first and third quadrant of the ring would light up red around the power button if overheating occurred. The system will then warn the user of imminent system shutdown until the system has cooled, whereas a flashing power button that alternates between green and red is an indication of a ""General Hardware Failure"" unlike older models where three of the quadrants would light up red.",What was the root cause of hardware failures with the 360?,"""factual"""
The Christmas season occurs during the months of November and December.,factual,"In recent years it has become common for many AC stations, particularly soft AC stations, to play primarily or exclusively Christmas music during the Christmas season in November and December. While these tend mostly to be contemporary seasonal recordings by the same few artists featured under the normal format, most stations will also air some vintage holiday tunes from older pop, MOR, and adult standards artists – such as Nat King Cole, Bing Crosby, Dean Martin, The Carpenters, Percy Faith, Johnny Mathis and Andy Williams – many of whom would never be played on these stations during the rest of the year.",During what two months does the Christmas season take place?,"""factual"""
"In 1949, the Arsenal club crest was enhanced by being rendered in color for the first time.",factual,"In 1949, the club unveiled a modernised crest featuring the same style of cannon below the club's name, set in blackletter, and above the coat of arms of the Metropolitan Borough of Islington and a scroll inscribed with the club's newly adopted Latin motto, Victoria Concordia Crescit ""victory comes from harmony"", coined by the club's programme editor Harry Homer. For the first time, the crest was rendered in colour, which varied slightly over the crest's lifespan, finally becoming red, gold and green. Because of the numerous revisions of the crest, Arsenal were unable to copyright it. Although the club had managed to register the crest as a trademark, and had fought (and eventually won) a long legal battle with a local street trader who sold ""unofficial"" Arsenal merchandise, Arsenal eventually sought a more comprehensive legal protection. Therefore, in 2002 they introduced a new crest featuring more modern curved lines and a simplified style, which was copyrightable. The cannon once again faces east and the club's name is written in a sans-serif typeface above the cannon. Green was replaced by dark blue. The new crest was criticised by some supporters; the Arsenal Independent Supporters' Association claimed that the club had ignored much of Arsenal's history and tradition with such a radical modern design, and that fans had not been properly consulted on the issue.",In 1949 what new addition was done to enhance the Arsenal club crest?,"""factual"""
"Today, services make up 56% of New Haven's economy, with a particular focus on education and health care.",factual,"New Haven's economy originally was based in manufacturing, but the postwar period brought rapid industrial decline; the entire Northeast was affected, and medium-sized cities with large working-class populations, like New Haven, were hit particularly hard. Simultaneously, the growth and expansion of Yale University further affected the economic shift. Today, over half (56%) of the city's economy is now made up of services, in particular education and health care; Yale is the city's largest employer, followed by Yale – New Haven Hospital. Other large employers include St. Raphael Hospital, Smilow Cancer Hospital, Southern Connecticut State University, Assa Abloy Manufacturing, the Knights of Columbus headquarters, Higher One, Alexion Pharmaceuticals, Covidien and United Illuminating. Yale and Yale-New Haven are also among the largest employers in the state, and provide more $100,000+-salaried positions than any other employer in Connecticut.[citation needed]",What percentage of New Haven's economy is based in services grounded in health care and education?,"""factual"""
One possible recipient of funds generated by the KU Bookstore and KU Dining Services is Student Union Activities.,factual,"The first union was built on campus in 1926 as a campus community center. The unions are still the ""living rooms"" of campus today and include three locations – the Kansas Union and Burge Union at the Lawrence Campus and Jayhawk Central at the Edwards Campus. The KU Memorial Unions Corporation manages the KU Bookstore (with seven locations). The KU Bookstore is the official bookstore of KU. The Corporation also includes KU Dining Services, with more than 20 campus locations, including The Market (inside the Kansas Union) and The Underground (located in Wescoe Hall). The KU Bookstore and KU Dining Services are not-for-profit, with proceeds going back to support student programs, such as Student Union Activities.",What is the name of a potential recipient of funds from enterprises like the bookstore and dining centers at KU?,"""factual"""
The priests' grammar book was published in the year 1637.,factual,"The first extant Estonian book is a bilingual German-Estonian translation of the Lutheran catechism by S. Wanradt and J. Koell dating to 1535, during the Protestant Reformation period. An Estonian grammar book to be used by priests was printed in German in 1637. The New Testament was translated into southern Estonian in 1686 (northern Estonian, 1715). The two languages were united based on northern Estonian by Anton thor Helle.",What year was the priests' grammar book put into print?,"""factual"""
The sea level reports and records of Tuvalu are assumed to have a degree of uncertainty.,factual,"Whether there are measurable changes in the sea level relative to the islands of Tuvalu is a contentious issue. There were problems associated with the pre-1993 sea level records from Funafuti which resulted in improvements in the recording technology to provide more reliable data for analysis. The degree of uncertainty as to estimates of sea level change relative to the islands of Tuvalu was reflected in the conclusions made in 2002 from the available data. The 2011 report of the Pacific Climate Change Science Program published by the Australian Government, concludes: ""The sea-level rise near Tuvalu measured by satellite altimeters since 1993 is about 5 mm (0.2 in) per year.""",What is assumed about the sea level reports and records of Tuvalu?,"""factual"""
Larger Surface-to-Air Missiles (SAMs) can be deployed in fixed launchers but have the capability to be towed and re-deployed as needed.,factual,"Larger SAMs may be deployed in fixed launchers, but can be towed/re-deployed at will. The SAMs launched by individuals are known in the United States as the Man-Portable Air Defence Systems (MANPADS). MANPADS of the former Soviet Union have been exported around the World, and can be found in use by many armed forces. Targets for non-ManPAD SAMs will usually be acquired by air-search radar, then tracked before/while a SAM is ""locked-on"" and then fired. Potential targets, if they are military aircraft, will be identified as friend or foe before being engaged. The developments in the latest and relatively cheap short-range missiles have begun to replace autocannons in this role.",What can be deployed in fixed launchers but re-deploy at will?,"""factual"""
116th Street,contradiction,"112th Street starts in Morningside Heights and runs from Riverside Drive to Amsterdam Avenue, where it meets the steps of the Cathedral of Saint John the Divine. The street resumes at the eastern edge of Morningside Park and extends through Harlem before ending at First Avenue adjacent Thomas Jefferson Park in East Harlem. Notable locations include:",Which street runs from Riverside Drive to Amsterdam Avenue?,contradiction
Apple projected that its entire music catalog would be free of DRM by April 2009.,factual,"At the time the store was introduced, purchased audio files used the AAC format with added encryption, based on the FairPlay DRM system. Up to five authorized computers and an unlimited number of iPods could play the files. Burning the files with iTunes as an audio CD, then re-importing would create music files without the DRM. The DRM could also be removed using third-party software. However, in a deal with Apple, EMI began selling DRM-free, higher-quality songs on the iTunes Stores, in a category called ""iTunes Plus."" While individual songs were made available at a cost of US$1.29, 30¢ more than the cost of a regular DRM song, entire albums were available for the same price, US$9.99, as DRM encoded albums. On October 17, 2007, Apple lowered the cost of individual iTunes Plus songs to US$0.99 per song, the same as DRM encoded tracks. On January 6, 2009, Apple announced that DRM has been removed from 80% of the music catalog, and that it would be removed from all music by April 2009.",By what time did Apple project its entire catalog would be free of DRM?,"""factual"""
the London Tramlink system,contradiction,"Transport is one of the four main areas of policy administered by the Mayor of London, however the mayor's financial control does not extend to the longer distance rail network that enters London. In 2007 he assumed responsibility for some local lines, which now form the London Overground network, adding to the existing responsibility for the London Underground, trams and buses. The public transport network is administered by Transport for London (TfL) and is one of the most extensive in the world.","Along with the London Underground, buses and trans, what form of public rail transport was added in 2007 to the Mayor's responsibilities?","""factual"""
"Currently, the use of lasers in anti-aircraft warfare is considered to be at the stage of experimental usefulness.",irrelevant,"Perhaps due to the many modern negative connotations associated with the term heretic, such as the Spanish inquisition, the term is used less often today. The subject of Christian heresy opens up broader questions as to who has a monopoly on spiritual truth, as explored by Jorge Luis Borges in the short story ""The Theologians"" within the compilation Labyrinths.","Who was the author of the short story ""The Theologians""?",irrelevant
The Gemini project was designed to carry a crew of two people.,factual,"Focused by the commitment to a Moon landing, in January 1962 the US announced Project Gemini, a two-man spacecraft that would support the later three-man Apollo by developing the key spaceflight technologies of space rendezvous and docking of two craft, flight durations of sufficient length to simulate going to the Moon and back, and extra-vehicular activity to accomplish useful work outside the spacecraft.",How many people could the Gemini project carry?,"""factual"""
"In 2013, Beyoncé instructed H&M to use only natural, unretouched pictures of her.",factual,"Beyoncé's lighter skin color and costuming has drawn criticism from some in the African-American community. Emmett Price, a professor of music at Northeastern University, wrote in 2007, that he thinks race plays a role in many of these criticisms, saying white celebrities who dress similarly do not attract as many comments. In 2008, L'Oréal was accused of whitening her skin in their Feria hair color advertisements, responding that ""it is categorically untrue"", and in 2013, Beyoncé herself criticized H&M for their proposed ""retouching"" of promotional images of her, and according to Vogue requested that only ""natural pictures be used"".",Who did Beyoncé tell in 2013 to only use natural pictures of her rather than retouched images?,contradiction
"In response to general hardware error problems, Microsoft took action by extending the manufacturer's warranty for the Xbox 360 to a period of three years.",factual,"To aid customers with defective consoles, Microsoft extended the Xbox 360's manufacturer's warranty to three years for hardware failure problems that generate a ""General Hardware Failure"" error report. A ""General Hardware Failure"" is recognized on all models released before the Xbox 360 S by three quadrants of the ring around the power button flashing red. This error is often known as the ""Red Ring of Death"". In April 2009 the warranty was extended to also cover failures related to the E74 error code. The warranty extension is not granted for any other types of failures that do not generate these specific error codes.",How did Microsoft react to general hardware error problems?,"""factual"""
"Microlight aircraft were used to teach migration routes to birds, such as reintroduced whooping cranes in the US.",factual,"It has been possible to teach a migration route to a flock of birds, for example in re-introduction schemes. After a trial with Canada geese Branta canadensis, microlight aircraft were used in the US to teach safe migration routes to reintroduced whooping cranes Grus americana.",What did they use to teach birds a migration route?,"""factual"""
The Marquis of the lovely breast.,factual,"In Catalonia people dress in masks and costume (often in themed groups) and organize a week-long series of parties, pranks, outlandish activities such as bed races, street dramas satirizing public figures and raucous processions to welcome the arrival of Sa Majestat el Rei Carnestoltes (His Majesty King Carnival), known by various titles, including el Rei dels poca-soltes (King of the Crackpots), Princep etern de Cornudella (Eternal Prince of Cuckoldry), Duc de ximples i corrumputs (Duke of Fools and the Corrupt), Marquès de la bona mamella (Marquis of the lovely breast), Comte de tots els barruts (Count of the Insolent), Baró de les Calaverades (Baron of Nocturnal Debaucheries), and Senyor de l'alt Plàtan florit, dels barraquers i gamberrades i artista d'honor dalt del llit (Lord of the Tall Banana in Bloom, of the Voyeurs and Punks and the Artist of Honor upon the Bed).",Who has a lovely breast?,"""factual"""
"Another term for Dukkha is ""suffering"".",factual,"The first truth explains the nature of dukkha. Dukkha is commonly translated as ""suffering"", ""anxiety"", ""unsatisfactoriness"", ""unease"", etc., and it is said to have the following three aspects:",What is another word for Dukkha?,"""factual"""
The medical staff training college named in Avicenna's honor is located 16 miles away from his birthplace.,factual,"In 1980, the Soviet Union, which then ruled his birthplace Bukhara, celebrated the thousandth anniversary of Avicenna's birth by circulating various commemorative stamps with artistic illustrations, and by erecting a bust of Avicenna based on anthropological research by Soviet scholars.[citation needed] Near his birthplace in Qishlak Afshona, some 25 km (16 mi) north of Bukhara, a training college for medical staff has been named for him.[year needed] On the grounds is a museum dedicated to his life, times and work.[citation needed]",A medical staff training college named in his honor is how many miles away from his birthplace?,"""factual"""
"Galle discovered Neptune on the evening of September 23, 1846.",factual,"Meanwhile, Le Verrier by letter urged Berlin Observatory astronomer Johann Gottfried Galle to search with the observatory's refractor. Heinrich d'Arrest, a student at the observatory, suggested to Galle that they could compare a recently drawn chart of the sky in the region of Le Verrier's predicted location with the current sky to seek the displacement characteristic of a planet, as opposed to a fixed star. On the evening of 23 September 1846, the day Galle received the letter, he discovered Neptune within 1° of where Le Verrier had predicted it to be, about 12° from Adams' prediction. Challis later realised that he had observed the planet twice, on 4 and 12 August, but did not recognise it as a planet because he lacked an up-to-date star map and was distracted by his concurrent work on comet observations.",When did Galle discover Neptune? ,"""factual"""
The child workers did not receive any religious education from the Christian mission schools.,contradiction,"In southeast Asian colonies, such as Hong Kong, child labour such as the Mui Tsai (妹仔), was rationalised as a cultural tradition and ignored by British authorities. The Dutch East India Company officials rationalised their child labour abuses with, ""it is a way to save these children from a worse fate."" Christian mission schools in regions stretching from Zambia to Nigeria too required work from children, and in exchange provided religious education, not secular education. Elsewhere, the Canadian Dominion Statutes in form of so-called Breaches of Contract Act, stipulated jail terms for uncooperative child workers.",Did the child workers receive anything from the christian mission schools?,"""factual"""
Most decoders are not bitstream compliant.,contradiction,"Decoding, on the other hand, is carefully defined in the standard. Most decoders are ""bitstream compliant"", which means that the decompressed output that they produce from a given MP3 file will be the same, within a specified degree of rounding tolerance, as the output specified mathematically in the ISO/IEC high standard document (ISO/IEC 11172-3). Therefore, comparison of decoders is usually based on how computationally efficient they are (i.e., how much memory or CPU time they use in the decoding process).",What are most decoders?,contradiction
The Conservative Party was the party that faced criticism for being less focused on the connection between liberty and democracy.,factual,"In 1978, Hayek came into conflict with the Liberal Party leader, David Steel, who claimed that liberty was possible only with ""social justice and an equitable distribution of wealth and power, which in turn require a degree of active government intervention"" and that the Conservative Party were more concerned with the connection between liberty and private enterprise than between liberty and democracy. Hayek claimed that a limited democracy might be better than other forms of limited government at protecting liberty but that an unlimited democracy was worse than other forms of unlimited government because ""its government loses the power even to do what it thinks right if any group on which its majority depends thinks otherwise"".",Which party was criticized for being less concerned about liberty and democracy?,"""factual"""
"Nanjing was ranked as ""severely polluted"" for five consecutive days during this smog wave.",factual,"A dense wave of smog began in the Central and Eastern part of China on 2 December 2013 across a distance of around 1,200 kilometres (750 mi), including Tianjin, Hebei, Shandong, Jiangsu, Anhui, Shanghai and Zhejiang. A lack of cold air flow, combined with slow-moving air masses carrying industrial emissions, collected airborne pollutants to form a thick layer of smog over the region. The heavy smog heavily polluted central and southern Jiangsu Province, especially in and around Nanjing, with its AQI pollution Index at ""severely polluted"" for five straight days and ""heavily polluted"" for nine. On 3 December 2013, levels of PM2.5 particulate matter average over 943 micrograms per cubic metre, falling to over 338 micrograms per cubic metre on 4 December 2013. Between 3:00 pm, 3 December and 2:00pm, 4 December local time, several expressways from Nanjing to other Jiangsu cities were closed, stranding dozens of passenger buses in Zhongyangmen bus station. From 5 to 6 December, Nanjing issued a red alert for air pollution and closed down all kindergarten through middle schools. Children's Hospital outpatient services increased by 33 percent; general incidence of bronchitis, pneumonia, upper respiratory tract infections significantly increased. The smog dissipated 12 December. Officials blamed the dense pollution on lack of wind, automobile exhaust emissions under low air pressure, and coal-powered district heating system in North China region. Prevailing winds blew low-hanging air masses of factory emissions (mostly SO2) towards China's east coast.","How long was Nanjing ranked as ""severely polluted"" during this wave?","""factual"""
"In 2014, Notre Dame had a total student body of 12,179 students.",factual,"In 2014 the Notre Dame student body consisted of 12,179 students, with 8,448 undergraduates, 2,138 graduate and professional and 1,593 professional (Law, M.Div., Business, M.Ed.) students. Around 21–24% of students are children of alumni, and although 37% of students come from the Midwestern United States, the student body represents all 50 states and 100 countries. As of March 2007[update] The Princeton Review ranked the school as the fifth highest 'dream school' for parents to send their children. As of March 2015[update] The Princeton Review ranked Notre Dame as the ninth highest. The school has been previously criticized for its lack of diversity, and The Princeton Review ranks the university highly among schools at which ""Alternative Lifestyles [are] Not an Alternative."" It has also been commended by some diversity oriented publications; Hispanic Magazine in 2004 ranked the university ninth on its list of the top–25 colleges for Latinos, and The Journal of Blacks in Higher Education recognized the university in 2006 for raising enrollment of African-American students. With 6,000 participants, the university's intramural sports program was named in 2004 by Sports Illustrated as the best program in the country, while in 2007 The Princeton Review named it as the top school where ""Everyone Plays Intramural Sports."" The annual Bookstore Basketball tournament is the largest outdoor five-on-five tournament in the world with over 700 teams participating each year, while the Notre Dame Men's Boxing Club hosts the annual Bengal Bouts tournament that raises money for the Holy Cross Missions in Bangladesh.",How many students in total were at Notre Dame in 2014?,"""factual"""
"Telescopes that are located in space, known as space telescopes, are able to completely avoid the water vapor in Earth's atmosphere.",factual,"The sensitivity of Earth-based infrared telescopes is significantly limited by water vapor in the atmosphere, which absorbs a portion of the infrared radiation arriving from space outside of selected atmospheric windows. This limitation can be partially alleviated by placing the telescope observatory at a high altitude, or by carrying the telescope aloft with a balloon or an aircraft. Space telescopes do not suffer from this handicap, and so outer space is considered the ideal location for infrared astronomy.",What sorts of telescopes completely avoid water vapor in Earth's atmosphere?,"""factual"""
Timothy Rowe was the one who defined Mammalia as the crown group mammals in his influential 1988 paper.,factual,"In an influential 1988 paper, Timothy Rowe defined Mammalia phylogenetically as the crown group mammals, the clade consisting of the most recent common ancestor of living monotremes (echidnas and platypuses) and therian mammals (marsupials and placentals) and all descendants of that ancestor. Since this ancestor lived in the Jurassic period, Rowe's definition excludes all animals from the earlier Triassic, despite the fact that Triassic fossils in the Haramiyida have been referred to the Mammalia since the mid-19th century.",Who defined mammalian as the crown group mammals?,"""factual"""
The Marshall Islands is governed as a presidential republic.,factual,"Politically, the Marshall Islands is a presidential republic in free association with the United States, with the US providing defense, subsidies, and access to U.S. based agencies such as the FCC and the USPS. With few natural resources, the islands' wealth is based on a service economy, as well as some fishing and agriculture; aid from the United States represents a large percentage of the islands' gross domestic product. The country uses the United States dollar as its currency.",What term describes the type of government of the Marshall Islands?,"""factual"""
Child safety and public library software are used to filter websites.,factual,"Title I of the U.S. DMCA, the WIPO Copyright and Performances and Phonograms Treaties Implementation Act has provisions that prevent persons from ""circumvent[ing] a technological measure that effectively controls access to a work"". Thus if a distributor of copyrighted works has some kind of software, dongle or password access device installed in instances of the work, any attempt to bypass such a copy protection scheme may be actionable – though the US Copyright Office is currently reviewing anticircumvention rulemaking under DMCA – anticircumvention exemptions that have been in place under the DMCA include those in software designed to filter websites that are generally seen to be inefficient (child safety and public library website filtering software) and the circumvention of copy protection mechanisms that have malfunctioned, have caused the instance of the work to become inoperable or which are no longer supported by their manufacturers.",What are child safety and public library software used to filter?,"""factual"""
"The invention of the cotton gin has significantly reduced the cost of production, making cotton more easily and widely used in fabric and clothing.",factual,"The fiber is most often spun into yarn or thread and used to make a soft, breathable textile. The use of cotton for fabric is known to date to prehistoric times; fragments of cotton fabric dated from 5000 BC have been excavated in Mexico and the Indus Valley Civilization in Ancient India (modern-day Pakistan and some parts of India). Although cultivated since antiquity, it was the invention of the cotton gin that lowered the cost of production that led to its widespread use, and it is the most widely used natural fiber cloth in clothing today.",What machinery has lead to the  easily made and widespread use of cotton?,"""factual"""
Chola navy attacked the Pandyan kingdom during the 11th century.,contradiction,"In the 11th century, a turbulent period occurred in the history of Maritime Southeast Asia. The Indian Chola navy crossed the ocean and attacked the Srivijaya kingdom of Sangrama Vijayatungavarman in Kadaram (Kedah), the capital of the powerful maritime kingdom was sacked and the king was taken captive. Along with Kadaram, Pannai in present-day Sumatra and Malaiyur and the Malayan peninsula were attacked too. Soon after that, the king of Kedah Phra Ong Mahawangsa became the first ruler to abandon the traditional Hindu faith, and converted to Islam with the Sultanate of Kedah established in year 1136. Samudera Pasai converted to Islam in the year 1267, the King of Malacca Parameswara married the princess of Pasai, and the son became the first sultan of Malacca. Soon, Malacca became the center of Islamic study and maritime trade, and other rulers followed suit. Indonesian religious leader and Islamic scholar Hamka (1908–1981) wrote in 1961: ""The development of Islam in Indonesia and Malaya is intimately related to a Chinese Muslim, Admiral Zheng He.""",Which kingdom did the Chola navy attack during the 11th century?,contradiction
The Greek society has historically been centered around the Aegean and Ionian seas.,factual,"Greek colonies and communities have been historically established on the shores of the Mediterranean Sea and Black Sea, but the Greek people have always been centered around the Aegean and Ionian seas, where the Greek language has been spoken since the Bronze Age. Until the early 20th century, Greeks were distributed between the Greek peninsula, the western coast of Asia Minor, the Black Sea coast, Cappadocia in central Anatolia, Egypt, the Balkans, Cyprus, and Constantinople. Many of these regions coincided to a large extent with the borders of the Byzantine Empire of the late 11th century and the Eastern Mediterranean areas of ancient Greek colonization. The cultural centers of the Greeks have included Athens, Thessalonica, Alexandria, Smyrna, and Constantinople at various periods.",Which two bodies of water are believed to be central to the establishment of the Greek society ?,"""factual"""
"Another term for ""sputum"" is phlegm.",factual,"Using histological stains on expectorated samples from phlegm (also called ""sputum""), scientists can identify MTB under a microscope. Since MTB retains certain stains even after being treated with acidic solution, it is classified as an acid-fast bacillus. The most common acid-fast staining techniques are the Ziehl–Neelsen stain and the Kinyoun stain, which dye acid-fast bacilli a bright red that stands out against a blue background. Auramine-rhodamine staining and fluorescence microscopy are also used.","What's another word for ""sputum""?","""factual"""
These chemicals either stimulate or suppress the firing of neurons in the brain.,factual,"Psychoactive drugs can impair the judgment of time. Stimulants can lead both humans and rats to overestimate time intervals, while depressants can have the opposite effect. The level of activity in the brain of neurotransmitters such as dopamine and norepinephrine may be the reason for this. Such chemicals will either excite or inhibit the firing of neurons in the brain, with a greater firing rate allowing the brain to register the occurrence of more events within a given interval (speed up time) and a decreased firing rate reducing the brain's capacity to distinguish events occurring within a given interval (slow down time).",Such chemicals do what to the firing of the brain's neurons?,"""factual"""
Henry Hudson referred to the river now known as the Hudson River as the North River.,factual,"In 1609, English explorer Henry Hudson re-discovered the region when he sailed his ship the Halve Maen (""Half Moon"" in Dutch) into New York Harbor while searching for the Northwest Passage to the Orient for his employer, the Dutch East India Company. He proceeded to sail up what he named the North River, also called the Mauritis River, and now known as the Hudson River, to the site of the present-day New York State capital of Albany in the belief that it might represent an oceanic tributary. When the river narrowed and was no longer saline, he realized it was not a maritime passage and sailed back downriver. He made a ten-day exploration of the area and claimed the region for his employer. In 1614, the area between Cape Cod and Delaware Bay would be claimed by the Netherlands and called Nieuw-Nederland (New Netherland).",What did Henry Hudson call the river that is now called the Hudson River?,"""factual"""
The Conservative Party was £12 million in debt during this period.,factual,"Finance proved a major problem for the Labour Party during this period; a ""cash for peerages"" scandal under Blair resulted in the drying up of many major sources of donations. Declining party membership, partially due to the reduction of activists' influence upon policy-making under the reforms of Neil Kinnock and Blair, also contributed to financial problems. Between January and March 2008, the Labour Party received just over £3 million in donations and were £17 million in debt; compared to the Conservatives' £6 million in donations and £12 million in debt.",How far was the Conservative party in debt?,"""factual"""
Kerry considered running for president in the 1978 election if Droney decided to drop out.,factual,"Droney's health was poor and Kerry had decided to run for his position in the 1978 election should Droney drop out. However, Droney was re-elected and his health improved; he went on to re-assume many of the duties that he had delegated to Kerry. Kerry thus decided to leave, departing in 1979 with assistant DA Roanne Sragow to set up their own law firm. Kerry also worked as a commentator for WCVB-TV and co-founded a bakery, Kilvert & Forbes Ltd., with businessman and former Kennedy aide K. Dun Gifford.",When did Kerry consider running for president if Droney didn't?,contradiction
A coreless rotor offers the advantage of being able to accelerate much more quickly compared to traditional rotors.,factual,"Because the rotor is much lighter in weight (mass) than a conventional rotor formed from copper windings on steel laminations, the rotor can accelerate much more rapidly, often achieving a mechanical time constant under one ms. This is especially true if the windings use aluminum rather than the heavier copper. But because there is no metal mass in the rotor to act as a heat sink, even small coreless motors must often be cooled by forced air. Overheating might be an issue for coreless DC motor designs.",What advantage does a coreless rotor have over traditional variants?,"""factual"""
The Sumerian Renaissance in the 21st century BC was cut short by invasions from the Semitic Amorite people.,factual,"The Sumerian city-states rose to power during the prehistoric Ubaid and Uruk periods. Sumerian written history reaches back to the 27th century BC and before, but the historical record remains obscure until the Early Dynastic III period, c. the 23rd century BC, when a now deciphered syllabary writing system was developed, which has allowed archaeologists to read contemporary records and inscriptions. Classical Sumer ends with the rise of the Akkadian Empire in the 23rd century BC. Following the Gutian period, there is a brief Sumerian Renaissance in the 21st century BC, cut short in the 20th century BC by Semitic Amorite invasions. The Amorite ""dynasty of Isin"" persisted until c. 1700 BC, when Mesopotamia was united under Babylonian rule. The Sumerians were eventually absorbed into the Akkadian (Assyro-Babylonian) population.",What cut short the Sumerian Renaissance in the 21st century BC?,"""factual"""
"The 1803 Act of Parliament established the East India Dock Company, which was responsible for creating the East India Docks.",factual,"In 1803, an Act of Parliament, promoted by the East India Company, established the East India Dock Company, with the aim of establishing a new set of docks (the East India Docks) primarily for the use of ships trading with India. The existing Brunswick Dock, part of the Blackwall Yard site, became the Export Dock; while a new Import Dock was built to the north. In 1838 the East India Dock Company merged with the West India Dock Company. The docks were taken over by the Port of London Authority in 1909, and closed in 1967.",the 1803 act created what dock program?,"""factual"""
The relational model solved the problem of databases with missing information.,factual,"In this paper, he described a new system for storing and working with large databases. Instead of records being stored in some sort of linked list of free-form records as in CODASYL, Codd's idea was to use a ""table"" of fixed-length records, with each table used for a different type of entity. A linked-list system would be very inefficient when storing ""sparse"" databases where some of the data for any one record could be left empty. The relational model solved this by splitting the data into a series of normalized tables (or relations), with optional elements being moved out of the main table to where they would take up room only if needed. Data may be freely inserted, deleted and edited in these tables, with the DBMS doing whatever maintenance needed to present a table view to the application/user.",What model solved the problem of databases where information was missing?,"""factual"""
The average maximum temperature during the day in August in Valencia typically ranges from 28 to 34 degrees Celsius.,factual,"Its average annual temperature is 18.4 °C (65.1 °F). 22.8 °C (73.0 °F) during the day and 13.8 °C (56.8 °F) at night. In the coldest month – January, the maximum temperature typically during the day ranges from 13 to 21 °C (55 to 70 °F), the minimum temperature typically at night ranges from 4 to 12 °C (39 to 54 °F). In the warmest month – August, the maximum temperature during the day typically ranges from 28–34 °C (82–93 °F), about 23 °C (73 °F) at night. Generally, temperatures similar to those experienced in the northern part of Europe in summer last about 8 months, from April to November. March is transitional, the temperature often exceeds 20 °C (68 °F), with an average temperature of 19.0 °C (66 °F) during the day and 10.0 °C (50 °F) at night. December, January and February are the coldest months, with average temperatures around 17 °C (63 °F) during the day and 7 °C (45 °F) at night. Valencia has one of the mildest winters in Europe, owing to its southern location on the Mediterranean Sea and the Foehn phenomenon. The January average is comparable to temperatures expected for May and September in the major cities of northern Europe.",What is the average maximum daytime temperature in August in Valencia?,"""factual"""
The ideas discussed can be found in Federalist No. 43 of The Federalist Papers.,factual,"Washington, D.C. is often mentioned as a candidate for statehood. In Federalist No. 43 of The Federalist Papers, James Madison considered the implications of the definition of the ""seat of government"" found in the United States Constitution. Although he noted potential conflicts of interest, and the need for a ""municipal legislature for local purposes,"" Madison did not address the district's role in national voting. Legal scholars disagree on whether a simple act of Congress can admit the District as a state, due to its status as the seat of government of the United States, which Article I, Section 8 of the Constitution requires to be under the exclusive jurisdiction of Congress; depending on the interpretation of this text, admission of the full District as a state may require a Constitutional amendment, which is much more difficult to enact. However, the Constitution does not set a minimum size for the District. Its size has already changed once before, when Virginia reclaimed the portion of the District south of the Potomac. So the constitutional requirement for a federal district can be satisfied by reducing its size to the small central core of government buildings and monuments, giving the rest of the territory to the new state.",Where are these ideas located in the Federalist Papers?,"""factual"""
"It is better to view parasite classification as existing along a continuum rather than being divided into four distinct, isolated forms.",factual,"Parasites can at times be difficult to distinguish from grazers. Their feeding behavior is similar in many ways, however they are noted for their close association with their host species. While a grazing species such as an elephant may travel many kilometers in a single day, grazing on many plants in the process, parasites form very close associations with their hosts, usually having only one or at most a few in their lifetime. This close living arrangement may be described by the term symbiosis, ""living together"", but unlike mutualism the association significantly reduces the fitness of the host. Parasitic organisms range from the macroscopic mistletoe, a parasitic plant, to microscopic internal parasites such as cholera. Some species however have more loose associations with their hosts. Lepidoptera (butterfly and moth) larvae may feed parasitically on only a single plant, or they may graze on several nearby plants. It is therefore wise to treat this classification system as a continuum rather than four isolated forms.",How should parasite classification be viewed instead of as four isolated forms?,"""factual"""
The company that developed the first electronic circuit capable of being mass produced and durable enough to withstand being fired from a gun was Globe Union.,factual,"During World War II, the development of the anti-aircraft proximity fuse required an electronic circuit that could withstand being fired from a gun, and could be produced in quantity. The Centralab Division of Globe Union submitted a proposal which met the requirements: a ceramic plate would be screenprinted with metallic paint for conductors and carbon material for resistors, with ceramic disc capacitors and subminiature vacuum tubes soldered in place. The technique proved viable, and the resulting patent on the process, which was classified by the U.S. Army, was assigned to Globe Union. It was not until 1984 that the Institute of Electrical and Electronics Engineers (IEEE) awarded Mr. Harry W. Rubinstein, the former head of Globe Union's Centralab Division, its coveted Cledo Brunetti Award for early key contributions to the development of printed components and conductors on a common insulating substrate. As well, Mr. Rubinstein was honored in 1984 by his alma mater, the University of Wisconsin-Madison, for his innovations in the technology of printed electronic circuits and the fabrication of capacitors.",What company developed the first electronic circuit that could be mass produced and was durable enough to be fired from a gun?,"""factual"""
"The funding to cover the shortfall was provided by Cambridge University Press, the Royal Society of London, and Whitehead and Russell themselves. Specifically, Cambridge University Press contributed 300 pounds, the Royal Society of London gave 200 pounds, and both Whitehead and Russell each paid 50 pounds.",factual,"Whitehead and Russell had thought originally that Principia Mathematica would take a year to complete; it ended up taking them ten years. To add insult to injury, when it came time for publication, the three-volume work was so massive (more than 2,000 pages) and its audience so narrow (professional mathematicians) that it was initially published at a loss of 600 pounds, 300 of which was paid by Cambridge University Press, 200 by the Royal Society of London, and 50 apiece by Whitehead and Russell themselves. Despite the initial loss, today there is likely no major academic library in the world which does not hold a copy of Principia Mathematica.",Who supplied the funding to cover the shortfall?,"""factual"""
"The offices of regional energy suppliers Fesco, Gepco, and Mepco were attacked by the rioters.",factual,"As of June 2012[update], Pakistan's electricity problems were so severe that violent riots were taking place across Punjab. According to protesters, load shedding was depriving the cities of electricity 20–22 hours a day, causing businesses to go bust and making living extremely hard. Gujranwala, Toba Tek Singh, Faisalabad, Sialkot, Bahawalnagar and communities across Khanewal District saw widespread rioting and violence on Sunday 17 June 2012, with the houses of several members of parliament being attacked as well as the offices of regional energy suppliers Fesco, Gepco and Mepco being ransacked or attacked.",Which energy companies' offices were attacked by rioters?,"""factual"""
"The term for when dialect A is mutually intelligible with dialect B, and dialect B is mutually intelligible with dialect C, but dialects A and C are not mutually intelligible with each other is called a dialect continuum.",factual,"The most common, and most purely linguistic, criterion is that of mutual intelligibility: two varieties are said to be dialects of the same language if being a speaker of one variety confers sufficient knowledge to understand and be understood by a speaker of the other; otherwise, they are said to be different languages. However, this definition becomes problematic in the case of dialect continua, in which it may be the case that dialect B is mutually intelligible with both dialect A and dialect C but dialects A and C are not mutually intelligible with each other. In this case the criterion of mutual intelligibility makes it impossible to decide whether A and C are dialects of the same language or not. Cases may also arise in which a speaker of dialect X can understand a speaker of dialect Y, but not vice versa; the mutual intelligibility criterion flounders here as well.","What is the term for when dialects A and B are mutually intelligible, dialect B and C are mutually intelligible, but dialects A and C are not mutually intelligible?","""factual"""
1986,contradiction,"The growth in women's football has seen major competitions being launched at both national and international level mirroring the male competitions. Women's football has faced many struggles. It had a ""golden age"" in the United Kingdom in the early 1920s when crowds reached 50,000 at some matches; this was stopped on 5 December 1921 when England's Football Association voted to ban the game from grounds used by its member clubs. The FA's ban was rescinded in December 1969 with UEFA voting to officially recognise women's football in 1971. The FIFA Women's World Cup was inaugurated in 1991 and has been held every four years since, while women's football has been an Olympic event since 1996.",What year was the FIFA Women's first World cup?,contradiction
Uric acid is combined with undigested food particles in the hindgut to form fecal pellets.,factual,"In the hindgut (element 16 in numbered diagram), or proctodaeum, undigested food particles are joined by uric acid to form fecal pellets. The rectum absorbs 90% of the water in these fecal pellets, and the dry pellet is then eliminated through the anus (element 17), completing the process of digestion. The uric acid is formed using hemolymph waste products diffused from the Malpighian tubules (element 20). It is then emptied directly into the alimentary canal, at the junction between the midgut and hindgut. The number of Malpighian tubules possessed by a given insect varies between species, ranging from only two tubules in some insects to over 100 tubules in others.:71–72, 78–80",What kind of food particles have uric acid?,"""factual"""
Portuguese is spoken as a native language on five different continents.,factual,"The Portuguese language is derived from the Latin spoken by the romanized Pre-Roman peoples of the Iberian Peninsula around 2000 years ago—particularly the Celts, Tartessians, Lusitanians and Iberians. In the 15th and 16th centuries, the language spread worldwide as Portugal established a colonial and commercial empire between 1415 and 1999. Portuguese is now spoken as a native language in five different continents, with Brazil accounting for the largest number of native Portuguese speakers of any country (200 million speakers in 2012).",In how many continents is Portuguese spoken as a native language?,"""factual"""
The Rotavirus vaccine was first used in trials back in 1985.,factual,"Immunization against the pathogens that cause diarrheal disease is a viable prevention strategy, however it does require targeting certain pathogens for vaccination. In the case of Rotavirus, which was responsible for around 6% of diarrheal episodes and 20% of diarrheal disease deaths in the children of developing countries, use of a Rotavirus vaccine in trials in 1985 yielded a slight (2-3%) decrease in total diarrheal disease incidence, while reducing overall mortality by 6-10%. Similarly, a Cholera vaccine showed a strong reduction in morbidity and mortality, though the overall impact of vaccination was minimal as Cholera is not one of the major causative pathogens of diarrheal disease. Since this time, more effective vaccines have been developed that have the potential to save many thousands of lives in developing nations, while reducing the overall cost of treatment, and the costs to society.",What year was the Rotovirus vaccine used?,"""factual"""
"Adam Smith proposed the concept of an ""invisible hand"" that regulates economic systems, where actors are guided solely by self-interest.",factual,"The basis for classical economics forms Adam Smith's An Inquiry into the Nature and Causes of the Wealth of Nations, published in 1776. Smith criticized mercantilism, advocating a system of free trade with division of labour. He postulated an ""invisible hand"" that regulated economic systems made up of actors guided only by self-interest. Karl Marx developed an alternative economic theory, called Marxian economics. Marxian economics is based on the labor theory of value and assumes the value of good to be based on the amount of labor required to produce it. Under this assumption, capitalism was based on employers not paying the full value of workers labor to create profit. The Austrian school responded to Marxian economics by viewing entrepreneurship as driving force of economic development. This replaced the labor theory of value by a system of supply and demand.",What idea did Adam Smith propose?,"""factual"""
"In the 2012 U.S. presidential election, The Times supported Barack Obama for a second term in office.",factual,"The Times occasionally makes endorsements for foreign elections. In November 2012, it endorsed a second term for Barack Obama although it also expressed reservations about his foreign policy.",Who did The Times support in 2012 for the election of the U.S. president?,"""factual"""
Kanye aimed for his upcoming tracks to excel in the setting of large arenas.,factual,"Fresh off spending the previous year touring the world with U2 on their Vertigo Tour, West felt inspired to compose anthemic rap songs that could operate more efficiently in large arenas. To this end, West incorporated the synthesizer into his hip-hop production, utilized slower tempos, and experimented with electronic music and influenced by music of the 1980s. In addition to U2, West drew musical inspiration from arena rock bands such as The Rolling Stones and Led Zeppelin in terms of melody and chord progression. To make his next effort, the third in a planned tetralogy of education-themed studio albums, more introspective and personal in lyricism, West listened to folk and country singer-songwriters Bob Dylan and Johnny Cash in hopes of developing methods to augment his wordplay and storytelling ability.",What setting did Kanye want his next tracks to perform well in?,irrelevant
"Among the Cushitic languages, Somali is the most well-documented.",factual,"The Somali language is a member of the Cushitic branch of the Afro-Asiatic family. Its nearest relatives are the Afar and Saho languages. Somali is the best documented of the Cushitic languages, with academic studies of it dating from before 1900.","Among the Cushitic languages, which is the most well-documented?","""factual"""
Portugal joined the war on the side of Britain.,factual,"1762 brought two new countries into the war. Britain declared war against Spain on 4 January 1762; Spain reacted by issuing their own declaration of war against Britain on 18 January. Portugal followed by joining the war on Britain's side. Spain, aided by the French, launched an invasion of Portugal and succeeded in capturing Almeida. The arrival of British reinforcements stalled a further Spanish advance, and the Battle of Valencia de Alcántara saw British-Portuguese forces overrun a major Spanish supply base. The invaders were stopped on the heights in front of Abrantes (called the pass to Lisbon) where the Anglo-Portuguese were entrenched. Eventually the Anglo-Portuguese army, aided by guerrillas and practicing a scorched earth strategy, chased the greatly reduced Franco-Spanish army back to Spain, recovering almost all the lost towns, among them the Spanish headquarters in Castelo Branco full of wounded and sick that had been left behind.",Was Portugal on the side of France or Britain?,"""factual"""
"The ""one-drop"" rule was officially implemented into law in the early 20th century.",factual,"From the late 19th century, the South used a colloquial term, the one-drop rule, to classify as black a person of any known African ancestry. This practice of hypodescent was not put into law until the early 20th century. Legally the definition varied from state to state. Racial definition was more flexible in the 18th and 19th centuries before the American Civil War. For instance, President Thomas Jefferson held persons who were legally white (less than 25% black) according to Virginia law at the time, but, because they were born to slave mothers, they were born into slavery, according to the principle of partus sequitur ventrem, which Virginia adopted into law in 1662.","When was the ""one-drop"" rule put into place?","""factual"""
"India hosted the ""Reinvent the Toilet Fair"" in Delhi in March 2014, which highlighted the country's focus on improving sanitation activities.",factual,"Improved sanitation in the developing world is a global need, but a neglected priority as shown by the data collected by the Joint Monitoring Programme for Water Supply and Sanitation (JMP) of UNICEF and WHO. This program is tasked to monitor progress towards the Millennium Development Goal (MDG) relating to drinking water and sanitation. About one billion people have no sanitation facility whatsoever and continue to defecate in gutters, behind bushes or in open water bodies, with no dignity or privacy - which is called open defecation and which poses significant health risks. India is the country with the highest number of people practicing open defecation: around 600 million people. India has also become a focus country for the foundation's sanitation activities which has become evident since the ""Reinvent the Toilet Fair"" in Delhi, India in March 2014.",India is host to what activity,"""factual"""
The UNFPA is a member of the United Nations Development Group.,factual,"The UNFPA supports programs in more than 150 countries, territories and areas spread across four geographic regions: Arab States and Europe, Asia and the Pacific, Latin America and the Caribbean, and sub-Saharan Africa. Around three quarters of the staff work in the field. It is a member of the United Nations Development Group and part of its Executive Committee.",UNFPA is part of what larger U.N. group?,"""factual"""
The New York Mets were Comcast's partner in their New York sports network.,factual,"Comcast also owns many local channels. Comcast also has a variety network known as Comcast Network, available exclusively to Comcast and Cablevision subscribers. The channel shows news, sports, and entertainment and places emphasis in Philadelphia and the Baltimore/Washington, D.C. areas, though the channel is also available in New York, Pittsburgh, and Richmond. In August 2004, Comcast started a channel called Comcast Entertainment Television, for Colorado Comcast subscribers, and focusing on life in Colorado. It also carries some National Hockey League and National Basketball Association games when Altitude Sports & Entertainment is carrying the NHL or NBA. In January 2006, CET became the primary channel for Colorado's Emergency Alert System in the Denver Metro Area. In 2006, Comcast helped found the channel SportsNet New York, acquiring a minority stake. The other partners in the project were New York Mets and Time Warner Cable.",What baseball team was Comcast's partner in their New York sports network?,"""factual"""
The problems caused by AC distribution include inductive reactance and eddy current losses.,irrelevant,"West's fourth studio album, 808s & Heartbreak (2008), marked an even more radical departure from his previous releases, largely abandoning rap and hip hop stylings in favor of a stark electropop sound composed of virtual synthesis, the Roland TR-808 drum machine, and explicitly auto-tuned vocal tracks. Drawing inspiration from artists such as Gary Numan, TJ Swan and Boy George, and maintaining a ""minimal but functional"" approach towards the album's studio production, West explored the electronic feel produced by Auto-Tune and utilized the sounds created by the 808, manipulating its pitch to produce a distorted, electronic sound; he then sought to juxtapose mechanical sounds with the traditional sounds of taiko drums and choir monks. The album's music features austere production and elements such as dense drums, lengthy strings, droning synthesizers, and somber piano, and drew comparisons to the work of 1980s post-punk and new wave groups, with West himself later confessing an affinity with British post-punk group Joy Division. Rolling Stone journalist Matthew Trammell asserted that the record was ahead of its time and wrote in a 2012 article, ""Now that popular music has finally caught up to it, 808s & Heartbreak has revealed itself to be Kanye’s most vulnerable work, and perhaps his most brilliant.""",The article about Kanye's fourth album written by Matthew Trammell was published in what magazine?,irrelevant
Bob Ewell was the one who attacked Scout and Jem.,factual,"Despite Tom's conviction, Bob Ewell is humiliated by the events of the trial, Atticus explaining that he ""destroyed [Ewell's] last shred of credibility at that trial."" Ewell vows revenge, spitting in Atticus' face, trying to break into the judge's house, and menacing Tom Robinson's widow. Finally, he attacks the defenseless Jem and Scout while they walk home on a dark night after the school Halloween pageant. One of Jem's arms is broken in the struggle, but amid the confusion someone comes to the children's rescue. The mysterious man carries Jem home, where Scout realizes that he is Boo Radley.",Who attacked Scout and Jem?,"""factual"""
The downtown area accounts for approximately 50% of the city's employment opportunities.,factual,"Downtown New Haven, occupied by nearly 7,000 residents, has a more residential character than most downtowns. The downtown area provides about half of the city's jobs and half of its tax base and in recent years has become filled with dozens of new upscale restaurants, several of which have garnered national praise (such as Ibiza, recognized by Esquire and Wine Spectator magazines as well as the New York Times as the best Spanish food in the country), in addition to shops and thousands of apartments and condominium units which subsequently help overall growth of the city.",In terms of economy the downtown portion is responsible for what?,"""factual"""
"The suicide bomber attacked the Marine barracks in Lebanon on October 23, 1983.",factual,"In 1983 fighting between Palestinian refugees and Lebanese factions reignited that nation's long-running civil war. A UN agreement brought an international force of peacekeepers to occupy Beirut and guarantee security. US Marines landed in August 1982 along with Italian and French forces. On October 23, 1983, a suicide bomber driving a truck filled with 6 tons of TNT crashed through a fence and destroyed the Marine barracks, killing 241 Marines; seconds later, a second bomber leveled a French barracks, killing 58. Subsequently the US Navy engaged in bombing of militia positions inside Lebanon. While US President Ronald Reagan was initially defiant, political pressure at home eventually forced the withdrawal of the Marines in February 1984.",When did a suicide bomber successfully attack the marine barracks in Lebanon?,"""factual"""
"Conventional aircraft are unable to decelerate by themselves, which is why almost all carriers that utilize them must be equipped with arrested-recovery systems.",factual,"On the recovery side of the flight deck, the adaptation to the aircraft loadout is mirrored. Non-VTOL or conventional aircraft cannot decelerate on their own, and almost all carriers using them must have arrested-recovery systems (-BAR, e.g. CATOBAR or STOBAR) to recover their aircraft. Aircraft that are landing extend a tailhook that catches on arrestor wires stretched across the deck to bring themselves to a stop in a short distance. Post-WWII Royal Navy research on safer CATOBAR recovery eventually led to universal adoption of a landing area angled off axis to allow aircraft who missed the arresting wires to ""bolt"" and safely return to flight for another landing attempt rather than crashing into aircraft on the forward deck.",Why do almost all carriers using conventional aircraft have arrested-recovery systems?,"""factual"""
"The Federal Constitution was signed on October 4th, 1824.",factual,"The Acta Constitutiva de la Federación of January 31, 1824, and the Federal Constitution of October 4, 1824, fixed the political and administrative organization of the United Mexican States after the Mexican War of Independence. In addition, Section XXVIII of Article 50 gave the new Congress the right to choose where the federal government would be located. This location would then be appropriated as federal land, with the federal government acting as the local authority. The two main candidates to become the capital were Mexico City and Querétaro.",When was the federal constitution signed? ,"""factual"""
The earliest LaserDiscs introduced in 1978 were entirely analog in format.,factual,"The standard home video LaserDisc was 30 cm (12 in) in diameter and made up of two single-sided aluminum discs layered in plastic. Although appearing similar to compact discs or DVDs, LaserDiscs used analog video stored in the composite domain (having a video bandwidth approximately equivalent to the 1-inch (25 mm) C-Type VTR format) with analog FM stereo sound and PCM digital audio. The LaserDisc at its most fundamental level was still recorded as a series of pits and lands much like CDs, DVDs, and even Blu-ray Discs are today. However, while the encoding is of a binary nature, the information is encoded as analog pulse width modulation with a 50% duty cycle, where the information is contained in the lengths and spacing of the pits. In true digital media the pits, or their edges, directly represent 1s and 0s of a binary digital information stream. Early LaserDiscs featured in 1978 were entirely analog but the format evolved to incorporate digital stereo sound in CD format (sometimes with a TOSlink or coax output to feed an external DAC), and later multi-channel formats such as Dolby Digital and DTS.",Were the ealiest LaserDiscs in 1978 analog or digitally formatted?,"""factual"""
"As of mid-2014, Accelerator had raised over $30 million in capital.",factual,"The biotechnology sector is also growing in New York City, based upon the city's strength in academic scientific research and public and commercial financial support. On December 19, 2011, then Mayor Michael R. Bloomberg announced his choice of Cornell University and Technion-Israel Institute of Technology to build a US$2 billion graduate school of applied sciences called Cornell Tech on Roosevelt Island with the goal of transforming New York City into the world's premier technology capital. By mid-2014, Accelerator, a biotech investment firm, had raised more than US$30 million from investors, including Eli Lilly and Company, Pfizer, and Johnson & Johnson, for initial funding to create biotechnology startups at the Alexandria Center for Life Science, which encompasses more than 700,000 square feet (65,000 m2) on East 29th Street and promotes collaboration among scientists and entrepreneurs at the center and with nearby academic, medical, and research institutions. The New York City Economic Development Corporation's Early Stage Life Sciences Funding Initiative and venture capital partners, including Celgene, General Electric Ventures, and Eli Lilly, committed a minimum of US$100 million to help launch 15 to 20 ventures in life sciences and biotechnology.",About how much capital did Accelerator raise as of the middle of 2014?,"""factual"""
Greece attracts over 16 million tourists annually.,factual,"Greece attracts more than 16 million tourists each year, thus contributing 18.2% to the nation's GDP in 2008 according to an OECD report. The same survey showed that the average tourist expenditure while in Greece was $1,073, ranking Greece 10th in the world. The number of jobs directly or indirectly related to the tourism sector were 840,000 in 2008 and represented 19% of the country's total labor force. In 2009, Greece welcomed over 19.3 million tourists, a major increase from the 17.7 million tourists the country welcomed in 2008.",How many millions of tourists does Greece attract each year?,"""factual"""
One of the Ten Meritorious Deeds in Buddhism is the cultivation of greater wisdom and discernment.,factual,"Buddhist schools vary on the exact nature of the path to liberation, the importance and canonicity of various teachings and scriptures, and especially their respective practices. Buddhism denies a creator deity and posits that mundane deities such as Mahabrahma are misperceived to be a creator. The foundations of Buddhist tradition and practice are the Three Jewels: the Buddha, the Dharma (the teachings), and the Sangha (the community). Taking ""refuge in the triple gem"" has traditionally been a declaration and commitment to being on the Buddhist path, and in general distinguishes a Buddhist from a non-Buddhist. Other practices are Ten Meritorious Deeds including, giving charity to reduce the greediness; following ethical precepts; renouncing conventional living and becoming a monastic; the development of mindfulness and practice of meditation; cultivation of higher wisdom and discernment; study of scriptures; devotional practices; ceremonies; and in the Mahayana tradition, invocation of buddhas and bodhisattvas.",What is one of the Ten Meritorious Deeds of Buddhism?,"""factual"""
Comcast purchased the naming rights for the University of Maryland's basketball arena.,factual,"In 1996, Comcast bought a controlling stake in Spectacor from the company's founder, Ed Snider. Comcast-Spectacor holdings now include the Philadelphia Flyers NHL hockey team, the Philadelphia 76ers National Basketball Association basketball team and two large multipurpose arenas in Philadelphia. Over a number of years, Comcast became majority owner of Comcast SportsNet, as well as Golf Channel and NBCSN (formerly the Outdoor Life Network, then Versus). In 2002, Comcast paid the University of Maryland $25 million for naming rights to the new basketball arena built on the College Park campus, the XFINITY Center. Before it was renamed for Comcast's cable subsidiary, XFINITY Center was called Comcast Center from its opening in 2002 through July 2014.",Comcast bought naming rights for what college's basketball arena?,"""factual"""
"English Freemasonry nearly came to a halt in 1799 due to a Parliamentary proclamation, specifically the Unlawful Societies Act 1799, which banned meetings of groups requiring oaths or obligations from their members in the aftermath of the French Revolution.",irrelevant,"On September 11, 2001, 53 Army civilians (47 employees and six contractors) and 22 soldiers were among the 125 victims killed in the Pentagon in a terrorist attack when American Airlines Flight 77 commandeered by five Al-Qaeda hijackers slammed into the western side of the building, as part of the September 11 attacks. Lieutenant General Timothy Maude was the highest-ranking military official killed at the Pentagon, and the most senior U.S. Army officer killed by foreign action since the death of Lieutenant General Simon B. Buckner, Jr. on June 18, 1945, in the Battle of Okinawa during World War II.",Who was the highest ranking official killed in the attack?,irrelevant
The Ferro Factory is known for producing 45% of the global supply of Tic Tac sweets.,factual,"The city is also home to the Heineken Brewery that brews Murphy's Irish Stout and the nearby Beamish and Crawford brewery (taken over by Heineken in 2008) which have been in the city for generations. 45% of the world's Tic Tac sweets are manufactured at the city's Ferrero factory. For many years, Cork was the home to Ford Motor Company, which manufactured cars in the docklands area before the plant was closed in 1984. Henry Ford's grandfather was from West Cork, which was one of the main reasons for opening up the manufacturing facility in Cork. But technology has replaced the old manufacturing businesses of the 1970s and 1980s, with people now working in the many I.T. centres of the city – such as Amazon.com, the online retailer, which has set up in Cork Airport Business Park.",What is the Ferro Factory known for producing?,"""factual"""
The service sector accounted for the largest portion of Chihuahua's economy.,irrelevant,"Focused by the commitment to a Moon landing, in January 1962 the US announced Project Gemini, a two-man spacecraft that would support the later three-man Apollo by developing the key spaceflight technologies of space rendezvous and docking of two craft, flight durations of sufficient length to simulate going to the Moon and back, and extra-vehicular activity to accomplish useful work outside the spacecraft.",What year was the Gemini project confirmed?,irrelevant
The underlying set of the group is often used as a short name for the group.,factual,"The set G is called the underlying set of the group (G, •). Often the group's underlying set G is used as a short name for the group (G, •). Along the same lines, shorthand expressions such as ""a subset of the group G"" or ""an element of group G"" are used when what is actually meant is ""a subset of the underlying set G of the group (G, •)"" or ""an element of the underlying set G of the group (G, •)"". Usually, it is clear from the context whether a symbol like G refers to a group or to an underlying set.",What is often utilized as a short name for the group?,"""factual"""
"Ibn Sina is most well-known in European universities for his medical textbook, The Canon of Medicine.",factual,"One of the common definitions for ""Islamic philosophy"" is ""the style of philosophy produced within the framework of Islamic culture."" Islamic philosophy, in this definition is neither necessarily concerned with religious issues, nor is exclusively produced by Muslims. The Persian scholar Ibn Sina (Avicenna) (980–1037) had more than 450 books attributed to him. His writings were concerned with various subjects, most notably philosophy and medicine. His medical textbook The Canon of Medicine was used as the standard text in European universities for centuries. He also wrote The Book of Healing, an influential scientific and philosophical encyclopedia.",What medical book is Ibn Sina most noted for in European universities?,"""factual"""
One of the strongest traditions in Alpine culture is carpentry.,factual,"Much of the Alpine culture is unchanged since the medieval period when skills that guaranteed survival in the mountain valleys and in the highest villages became mainstays, leading to strong traditions of carpentry, woodcarving, baking and pastry-making, and cheesemaking.",What is one of the strongest traditions in Alpine culture?,factual
Beyoncé sold 60 million records during her time with Destiny's Child.,factual,"A self-described ""modern-day feminist"", Beyoncé creates songs that are often characterized by themes of love, relationships, and monogamy, as well as female sexuality and empowerment. On stage, her dynamic, highly choreographed performances have led to critics hailing her as one of the best entertainers in contemporary popular music. Throughout a career spanning 19 years, she has sold over 118 million records as a solo artist, and a further 60 million with Destiny's Child, making her one of the best-selling music artists of all time. She has won 20 Grammy Awards and is the most nominated woman in the award's history. The Recording Industry Association of America recognized her as the Top Certified Artist in America during the 2000s decade. In 2009, Billboard named her the Top Radio Songs Artist of the Decade, the Top Female Artist of the 2000s and their Artist of the Millennium in 2011. Time listed her among the 100 most influential people in the world in 2013 and 2014. Forbes magazine also listed her as the most powerful female musician of 2015.",How many records did Beyoncé sell as part of Destiny's Child?,"""factual"""
Aristotle,contradiction,"Expansive interior light has been a feature of Gothic cathedrals since the first structure was opened. The metaphysics of light in the Middle Ages led to clerical belief in its divinity and the importance of its display in holy settings. Much of this belief was based on the writings of Pseudo-Dionysius, a sixth-century mystic whose book, The Celestial Hierarchy, was popular among monks in France. Pseudo-Dionysius held that all light, even light reflected from metals or streamed through windows, was divine. To promote such faith, the abbot in charge of the Saint-Denis church on the north edge of Paris, the Abbot Suger, encouraged architects remodeling the building to make the interior as bright as possible.",Whose writings led to the clerical belief in the divinity of light?,contradiction
"In a Presbyterian church, a decorated cross with a circle around the center is known as a Celtic cross.",factual,"Usually a Presbyterian church will not have statues of saints, nor the ornate altar more typical of a Roman Catholic church. Instead, one will find a ""communion table,"" usually on the same level as the congregation. There may be a rail between the communion table and the ""Chancel"" behind it, which may contain a more decorative altar-type table, choir loft, or choir stalls, lectern and clergy area. The altar is called the communion table and the altar area is called the Chancel by Presbyterians. In a Presbyterian (Reformed Church) there may be an altar cross, either on the communion table or on a table in the chancel. By using the ""empty"" cross, or cross of the resurrection, Presbyterians emphasize the resurrection and that Christ is not continually dying, but died once and is alive for all eternity. Some Presbyterian church buildings are often decorated with a cross that has a circle around the center, or Celtic cross. This not only emphasized the resurrection, but also acknowledges historical aspects of Presbyterianism. A baptismal font will be located either at the entrance or near the chancel area. Presbyterian architecture generally makes significant use of symbolism. You may also find decorative and ornate stained glass windows depicting scenes from the bible. Some Presbyterian churches will also have ornate statues of Christ or Graven Scenes from the Last Supper located behind the Chancel. St. Giles Cathedral ( Church Of Scotland- The Mother Church of Presbyterians) does have a Crucifix next to one of the Pulpits that hangs alongside. The image of Christ is more of faint image and more modern design.",What is a decorated cross called in a Presbyterian church?,"""factual"""
"Article 28, paragraph 2 of the Basic Law grants municipalities the right to self-govern and regulate all matters pertaining to the local community, as long as they operate within the bounds of the law.",factual,"The municipalities have two major policy responsibilities. First, they administer programs authorized by the federal or state government. Such programs typically relate to youth, schools, public health, and social assistance. Second, Article 28(2) of the Basic Law guarantees the municipalities ""the right to regulate on their own responsibility all the affairs of the local community within the limits set by law."" Under this broad statement of competence, local governments can justify a wide range of activities. For instance, many municipalities develop and expand the economic infrastructure of their communities through the development of industrial trading estates.","What article grants the municipalities ""the right to regulate on their own responsibility all the affairs of the local community within the limits set by law.","""factual"""
Bell made the first ceremonial transcontinental telephone call in January 1915.,factual,"In January 1915, Bell made the first ceremonial transcontinental telephone call. Calling from the AT&T head office at 15 Dey Street in New York City, Bell was heard by Thomas Watson at 333 Grant Avenue in San Francisco. The New York Times reported:",In what month and year did Bell telephone across the country?,"""factual"""
"In China, Super Sports holds the broadcast rights for the Premier League's games, as part of a six-year agreement that started during the 2013-14 season.",factual,"The Premier League is particularly popular in Asia, where it is the most widely distributed sports programme. In Australia, Fox Sports broadcasts almost all of the season's 380 matches live, and Foxtel gives subscribers the option of selecting which Saturday 3pm match to watch. In India, the matches are broadcast live on STAR Sports. In China, the broadcast rights were awarded to Super Sports in a six-year agreement that began in the 2013–14 season. As of the 2013–14 season, Canadian broadcast rights to the Premier League are jointly owned by Sportsnet and TSN, with both rival networks holding rights to 190 matches per season.",Who broadcasts the Premier League's games in China?,"""factual"""
The renovation that left the abbey without towers was carried out by Yevele.,factual,"A narthex (a portico or entrance hall) for the west front was designed by Sir Edwin Lutyens in the mid-20th century but was not built. Images of the abbey prior to the construction of the towers are scarce, though the abbey's official website states that the building was without towers following Yevele's renovation, with just the lower segments beneath the roof level of the Nave completed.",The abbey was without towers following the renovation by whom?,"""factual"""
Victoria was informed of her uncle's passing and her ascension to the throne by the Archbishop of Canterbury and Lord Conyngham.,irrelevant,"Until the 19th century, Westminster was the third seat of learning in England, after Oxford and Cambridge. It was here that the first third of the King James Bible Old Testament and the last half of the New Testament were translated. The New English Bible was also put together here in the 20th century. Westminster suffered minor damage during the Blitz on 15 November 1940.",Westminster Abbey suffered damage during what on 15 November 1940?,irrelevant
"The Carolingian minuscule script, developed by Alcuin for Charlemagne's court, rapidly spread throughout Europe.",factual,"Originally alphabets were written entirely in majuscule letters, spaced between well-defined upper and lower bounds. When written quickly with a pen, these tended to turn into rounder and much simpler forms. It is from these that the first minuscule hands developed, the half-uncials and cursive minuscule, which no longer stayed bound between a pair of lines. These in turn formed the foundations for the Carolingian minuscule script, developed by Alcuin for use in the court of Charlemagne, which quickly spread across Europe. The advantage of the minuscule over majuscule was improved, faster readability.[citation needed]",Carolingian minuscule script quickly spread across which continent?,"""factual"""
"The African Party for the Independence of Guinea and Cape Verde, or PAIGC, was the group that initiated an armed rebellion in Guinea-Bissau.",factual,"An armed rebellion beginning in 1956 by the African Party for the Independence of Guinea and Cape Verde (PAIGC) under the leadership of Amílcar Cabral gradually consolidated its hold on then Portuguese Guinea. Unlike guerrilla movements in other Portuguese colonies, the PAIGC rapidly extended its military control over large portions of the territory, aided by the jungle-like terrain, its easily reached borderlines with neighbouring allies, and large quantities of arms from Cuba, China, the Soviet Union, and left-leaning African countries. Cuba also agreed to supply artillery experts, doctors, and technicians. The PAIGC even managed to acquire a significant anti-aircraft capability in order to defend itself against aerial attack. By 1973, the PAIGC was in control of many parts of Guinea, although the movement suffered a setback in January 1973 when Cabral was assassinated.",What group started an armed rebellion in Guinea-Bissau?,"""factual"""
The creator of the encyclopedia that The Times was known for selling to America was Horace Everett Hooper.,irrelevant,"On December 25, 1991, following the collapse of the Soviet Union, the republic was renamed the Russian Federation, which it remains to this day. This name and ""Russia"" were specified as the official state names in the April 21, 1992 amendment to the existing constitution and were retained as such in the 1993 Constitution of Russia.",When was Russia made an official state name of the Russian Federation?,irrelevant
"The Lincoln Tunnel is the tunnel that 120,000 vehicles travel through each day in NYC.",factual,"Manhattan Island is linked to New York City's outer boroughs and New Jersey by several tunnels as well. The Lincoln Tunnel, which carries 120,000 vehicles a day under the Hudson River between New Jersey and Midtown Manhattan, is the busiest vehicular tunnel in the world. The tunnel was built instead of a bridge to allow unfettered passage of large passenger and cargo ships that sailed through New York Harbor and up the Hudson River to Manhattan's piers. The Holland Tunnel, connecting Lower Manhattan to Jersey City, New Jersey, was the world's first mechanically ventilated vehicular tunnel when it opened in 1927. The Queens-Midtown Tunnel, built to relieve congestion on the bridges connecting Manhattan with Queens and Brooklyn, was the largest non-federal project in its time when it was completed in 1940. President Franklin D. Roosevelt was the first person to drive through it. The Hugh L. Carey Tunnel runs underneath Battery Park and connects the Financial District at the southern tip of Manhattan to Red Hook in Brooklyn.","Which tunnel do 120,000 vehicles travel through a day in NYC?","""factual"""
"When the accused person denies wrongdoing in cases of alleged sexual abuse, the elders are instructed to leave the matter in Jehovah's hands.",factual,"Jehovah's Witnesses have been accused of having policies and culture that help to conceal cases of sexual abuse within the organization. The religion has been criticized for its ""two witness rule"" for church discipline, based on its application of scriptures at Deuteronomy 19:15 and Matthew 18:15-17, which requires sexual abuse to be substantiated by secondary evidence if the accused person denies any wrongdoing. In cases where corroboration is lacking, the Watch Tower Society's instruction is that ""the elders will leave the matter in Jehovah's hands"". A former member of the church’s headquarters staff, Barbara Anderson, says the policy effectively requires that there be another witness to an act of molestation, ""which is an impossibility"". Anderson says the policies ""protect pedophiles rather than protect the children."" Jehovah's Witnesses maintain that they have a strong policy to protect children, adding that the best way to protect children is by educating parents; they also state that they do not sponsor activities that separate children from parents.",Whose hands should elders leave allegations of sexual abuse in when the accused person denies wrongdoing?,"""factual"""
"The CD size ""single""-style discs that were compatible with LaserDisc players were known as CD Video (CD-V) discs and Video Single Discs (VSD).",factual,"There were also 12 cm (4.7 in) (CD size) ""single""-style discs produced that were playable on LaserDisc players. These were referred to as CD Video (CD-V) discs, and Video Single Discs (VSD). A CD-V carried up to five minutes of analog LaserDisc-type video content (usually a music video), as well as up to 20 minutes of digital audio CD tracks. The original 1989 release of David Bowie's retrospective Sound + Vision CD box set prominently featured a CD-V video of Ashes to Ashes, and standalone promo CD-Vs featured the video, plus three audio tracks: ""John, I'm Only Dancing"", ""Changes"", and ""The Supermen"".","What were CD size ""single""-style discs called that were compatible with LaserDisc players?","""factual"""
"On average, students at Washington University School of Law score in the 96th percentile among test takers.",factual,"In the 2015 US News & World Report America's Best Graduate Schools, the law school is ranked 18th nationally, out of over 180 law schools. In particular, its Clinical Education Program is currently ranked 4th in the nation. This year, the median score placed the average student in the 96th percentile of test takers. The law school offers a full-time day program, beginning in August, for the J.D. degree. The law school is located in a state-of-the-art building, Anheuser-Busch Hall (opened in 1997). The building combines traditional architecture, a five-story open-stacks library, an integration of indoor and outdoor spaces, and the latest wireless and other technologies. National Jurist ranked Washington University 4th among the ""25 Most Wired Law Schools.""",Where do students in the Washington University School of Law place among test takers on average?,"""factual"""
"The CAP, or Central Arizona Project Aqueduct, is a water supply system that stretches over 300 miles across the desert from the Colorado River, providing Tucson with more than 20 million gallons of ""recharged"" water annually to replenish the groundwater that has been pumped out.",factual,"To prevent further loss of groundwater, Tucson has been involved in water conservation and groundwater preservation efforts, shifting away from its reliance on a series of Tucson area wells in favor of conservation, consumption-based pricing for residential and commercial water use, and new wells in the more sustainable Avra Valley aquifer, northwest of the city. An allocation from the Central Arizona Project Aqueduct (CAP), which passes more than 300 mi (480 km) across the desert from the Colorado River, has been incorporated into the city's water supply, annually providing over 20 million gallons of ""recharged"" water which is pumped into the ground to replenish water pumped out. Since 2001, CAP water has allowed the city to remove or turn off over 80 wells.",What is the CAP?,"""factual"""
Greater London is divided into two main groups of boroughs: Inner London and Outer London.,factual,"Outward urban expansion is now prevented by the Metropolitan Green Belt, although the built-up area extends beyond the boundary in places, resulting in a separately defined Greater London Urban Area. Beyond this is the vast London commuter belt. Greater London is split for some purposes into Inner London and Outer London. The city is split by the River Thames into North and South, with an informal central London area in its interior. The coordinates of the nominal centre of London, traditionally considered to be the original Eleanor Cross at Charing Cross near the junction of Trafalgar Square and Whitehall, are approximately 51°30′26″N 00°07′39″W﻿ / ﻿51.50722°N 0.12750°W﻿ / 51.50722; -0.12750.",Greater London is divided into what two groups of boroughs?,"""factual"""
"After the test scores revealed that no black firefighters scored high enough to qualify for consideration for promotion, the city announced that no one would be promoted.",factual,"In April 2009, the United States Supreme Court agreed to hear a suit over reverse discrimination brought by 18 white firefighters against the city. The suit involved the 2003 promotion test for the New Haven Fire Department. After the tests were scored, no black firefighters scored high enough to qualify for consideration for promotion, so the city announced that no one would be promoted. In the subsequent Ricci v. DeStefano decision the court found 5-4 that New Haven's decision to ignore the test results violated Title VII of the Civil Rights Act of 1964. As a result, a district court subsequently ordered the city to promote 14 of the white firefighters.",What did the city do after the fail test scores for promotions?,"""factual"""
The Austro-Turkish War occurred between the years 1716 and 1718.,factual,"After the Austro-Turkish War of 1716–1718 the Treaty of Passarowitz confirmed the loss of the Banat, Serbia and ""Little Walachia"" (Oltenia) to Austria. The Treaty also revealed that the Ottoman Empire was on the defensive and unlikely to present any further aggression in Europe. The Austro-Russian–Turkish War, which was ended by the Treaty of Belgrade in 1739, resulted in the recovery of Serbia and Oltenia, but the Empire lost the port of Azov, north of the Crimean Peninsula, to the Russians. After this treaty the Ottoman Empire was able to enjoy a generation of peace, as Austria and Russia were forced to deal with the rise of Prussia.",The Austro-Turkish war took place over what years?,"""factual"""
Managers can sometimes evolve into prominent figures in the wrestling world.,factual,"In some cases a wrestler may possess admirable physical traits but perceived mediocre public speaking abilities (such as Brock Lesnar), or their gimmick may be that of a ""wild savage"" needing a handler (such as Kamala). Such performers have historically employed a manager, who speaks on their behalf and adds to the performance. Managers have sometimes become major personalities, including Bobby Heenan, Paul Heyman, Ernie Roth, and Paul Bearer. A manager role may also be filled by a ""valet"", typically an appealing female who may participate in love triangle storylines, ""damsel in distress"" situations, and scripted fights with female wrestlers. Some of these have also gone on to become recognized stars, such as Tammy Lynn Sytch, Stacy Keibler, and Miss Elizabeth.",What sometimes happens with managers?,"""factual"""
"The Southwest is not Spanish-speaking because a large number of English-speaking American settlers entered the region and established their language, culture, and laws as dominant, fully displacing Spanish in the public sphere.",factual,"Through the force of sheer numbers, the English-speaking American settlers entering the Southwest established their language, culture, and law as dominant, to the extent it fully displaced Spanish in the public sphere; this is why the United States never developed bilingualism as Canada did. For example, the California constitutional convention of 1849 had eight Californio participants; the resulting state constitution was produced in English and Spanish, and it contained a clause requiring all published laws and regulations to be published in both languages. The constitutional convention of 1872 had no Spanish-speaking participants; the convention's English-speaking participants felt that the state's remaining minority of Spanish-speakers should simply learn English; and the convention ultimately voted 46-39 to revise the earlier clause so that all official proceedings would henceforth be published only in English.",Why isn't the southwest Spanish speaking?,"""factual"""
Another term for Iranian languages is Iranic languages.,factual,"The Iranian languages or Iranic languages form a branch of the Indo-Iranian languages, which in turn are a branch of the Indo-European language family. The speakers of Iranian languages are known as Iranian peoples. Historical Iranian languages are grouped in three stages: Old Iranian (until 400 BCE), Middle Iranian (400 BCE – 900 CE), and New Iranian (since 900 CE). Of the Old Iranian languages, the better understood and recorded ones are Old Persian (a language of Achaemenid Iran) and Avestan (the language of the Avesta). Middle Iranian languages included Middle Persian (a language of Sassanid Iran), Parthian, and Bactrian.",What is another term meaning Iranian languages?,"""factual"""
"Frederick was able to successfully retreat because his troops maintained good order and the dense woods provided cover, allowing them to withdraw without suffering heavy losses.",factual,"The war was continuing indecisively when on 14 October Marshal Daun's Austrians surprised the main Prussian army at the Battle of Hochkirch in Saxony. Frederick lost much of his artillery but retreated in good order, helped by dense woods. The Austrians had ultimately made little progress in the campaign in Saxony despite Hochkirch and had failed to achieve a decisive breakthrough. After a thwarted attempt to take Dresden, Daun's troops were forced to withdraw to Austrian territory for the winter, so that Saxony remained under Prussian occupation. At the same time, the Russians failed in an attempt to take Kolberg in Pomerania (now Kołobrzeg, Poland) from the Prussians.",Why was Frederick able to retreat successfully?,"""factual"""
Polybius was from Rome.,contradiction,"While a few fragments exist, there is no surviving historical work which dates to the hundred years following Alexander's death. The works of the major Hellenistic historians Hieronymus of Cardia (who worked under Alexander, Antigonus I and other successors), Duris of Samos and Phylarchus which were used by surviving sources are all lost. The earliest and most credible surviving source for the Hellenistic period is Polybius of Megalopolis (c. 200-118), a statesman of the Achaean League until 168 BCE when he was forced to go to Rome as a hostage. His Histories eventually grew to a length of forty books, covering the years 220 to 167 BCE.",Where was Polybius from?,contradiction
The property of wood that varies depending on the species is its density.,irrelevant,"In 334 BC, Alexander the Great invaded the Achaemenid Empire, defeating the last Achaemenid emperor, Darius III, at the Battle of Issus. Following the premature death of Alexander, Iran came under the control of the Hellenistic Seleucid Empire. In the middle of the 2nd century BC, the Parthian Empire rose to become the main power in Iran, and the century-long geopolitical arch-rivalry between Romans and Parthians began, culminating in the Roman–Parthian Wars. The Parthian Empire continued as a feudal monarchy for nearly five centuries, until 224 CE, when it was succeeded by the Sassanid Empire. Together with their neighboring arch-rival, the Roman-Byzantines, they made up the world's two most dominant powers at the time, for over four centuries.",Who was the last Archaemenid Emperor at the time of its defeat by Alexander the Great?,irrelevant
Steve Jobs instructed that the OS version 7.7 be rebranded as Mac OS 8.,factual,"When Steve Jobs returned to Apple in 1997 following the company's purchase of NeXT, he ordered that the OS that had been previewed as version 7.7 be branded Mac OS 8 (in place of the never-to-appear Copland OS). Since Apple had licensed only System 7 to third parties, this move effectively ended the clone line. The decision caused significant financial losses for companies like Motorola, who produced the StarMax; Umax, who produced the SuperMac; and Power Computing, who offered several lines of Mac clones, including the PowerWave, PowerTower, and PowerTower Pro. These companies had invested substantial resources in creating their own Mac-compatible hardware. Apple bought out Power Computing's license, but allowed Umax to continue selling Mac clones until their license expired, as they had a sizeable presence in the lower-end segment that Apple did not. In September 1997 Apple extended Umax' license allowing them to sell clones with Mac OS 8, the only clone maker to do so, but with the restriction that they only sell low-end systems. Without the higher profit margins of high-end systems, however, Umax judged this would not be profitable and exited the Mac clone market in May 1998, having lost USD$36 million on the program.",What did Steve Jobs order the OS version 7.7 to be branded as?,"""factual"""
The Nauru Agreement focuses on the management of tuna purse seine fishing in the tropical western Pacific region.,irrelevant,"Lack of meaningful alternatives, such as affordable schools and quality education, according to ILO, is another major factor driving children to harmful labour. Children work because they have nothing better to do. Many communities, particularly rural areas where between 60–70% of child labour is prevalent, do not possess adequate school facilities. Even when schools are sometimes available, they are too far away, difficult to reach, unaffordable or the quality of education is so poor that parents wonder if going to school is really worth it.",What is the main reason for children today to be in the work force?,contradiction
The University of Paris is credited with initiating the faculty governance model.,factual,"The propagation of universities was not necessarily a steady progression, as the 17th century was rife with events that adversely affected university expansion. Many wars, and especially the Thirty Years' War, disrupted the university landscape throughout Europe at different times. War, plague, famine, regicide, and changes in religious power and structure often adversely affected the societies that provided support for universities. Internal strife within the universities themselves, such as student brawling and absentee professors, acted to destabilize these institutions as well. Universities were also reluctant to give up older curricula, and the continued reliance on the works of Aristotle defied contemporary advancements in science and the arts. This era was also affected by the rise of the nation-state. As universities increasingly came under state control, or formed under the auspices of the state, the faculty governance model (begun by the University of Paris) became more and more prominent. Although the older student-controlled universities still existed, they slowly started to move toward this structural organization. Control of universities still tended to be independent, although university leadership was increasingly appointed by the state.",Which university is said to have started faculty governance?,"""factual"""
"The 419th and 601st Antiaircraft Gun Battalions of the US Army relocated to Belgium as part of the ""Antwerp X"" project.",factual,"The allies' most advanced technologies were showcased by the anti-aircraft defence against the German V-1 cruise missiles (V stands for Vergeltungswaffe, ""retaliation weapon""). The 419th and 601st Antiaircraft Gun Battalions of the US Army were first allocated to the Folkestone-Dover coast to defend London, and then moved to Belgium to become part of the ""Antwerp X"" project. With the liberation of Antwerp, the port city immediately became the highest priority target, and received the largest number of V-1 and V-2 missiles of any city. The smallest tactical unit of the operation was a gun battery consisting of four 90 mm guns firing shells equipped with a radio proximity fuse. Incoming targets were acquired and automatically tracked by SCR-584 radar, developed at the MIT Rad Lab. Output from the gun-laying radar was fed to the M-9 director, an electronic analog computer developed at Bell Laboratories to calculate the lead and elevation corrections for the guns. With the help of these three technologies, close to 90% of the V-1 missiles, on track to the defence zone around the port, were destroyed.",Where did the US Army 419th and 601st relocate to as part of the Antwerp X project?,"""factual"""
"In 2005, Advanced Audio Devices filed a lawsuit against Apple, alleging that the iPod line infringed on their patent for a ""music jukebox"".",factual,"In 2005, Apple faced two lawsuits claiming patent infringement by the iPod line and its associated technologies: Advanced Audio Devices claimed the iPod line breached its patent on a ""music jukebox"", while a Hong Kong-based IP portfolio company called Pat-rights filed a suit claiming that Apple's FairPlay technology breached a patent issued to inventor Ho Keung Tse. The latter case also includes the online music stores of Sony, RealNetworks, Napster, and Musicmatch as defendants.","Which company sued Apple for breach of a ""music jukebox"" patent in 2005?","""factual"""
"The Israelis did not want to divert the Jordan River. Instead, they sought to redirect the waters of the Yarmouk River.",contradiction,"In January 1964, Nasser called for an Arab League summit in Cairo to establish a unified Arab response against Israel's plans to divert the Jordan River's waters for economic purposes, which Syria and Jordan deemed an act of war. Nasser blamed Arab divisions for what he deemed ""the disastrous situation"". He discouraged Syria and Palestinian guerrillas from provoking the Israelis, conceding that he had no plans for war with Israel. During the summit, Nasser developed cordial relations with King Hussein, and ties were mended with the rulers of Saudi Arabia, Syria, and Morocco. In May, Nasser moved to formally share his leadership position over the Palestine issue by initiating the creation of the Palestine Liberation Organization (PLO). In practice, Nasser used the PLO to wield control over the Palestinian fedayeen. Its head was to be Ahmad Shukeiri, Nasser's personal nominee.",What river did the Israelis want to divert?,contradiction
The most popular and prominent church in Armenia is the Armenian Apostolic Church.,factual,"While the Armenian Apostolic Church remains the most prominent church in the Armenian community throughout the world, Armenians (especially in the diaspora) subscribe to any number of other Christian denominations. These include the Armenian Catholic Church (which follows its own liturgy but recognizes the Roman Catholic Pope), the Armenian Evangelical Church, which started as a reformation in the Mother church but later broke away, and the Armenian Brotherhood Church, which was born in the Armenian Evangelical Church, but later broke apart from it. There are other numerous Armenian churches belonging to Protestant denominations of all kinds.",Which Armenian church is the most popular in Armenia?,"""factual"""
One example of a free software license is the GNU General Public License (GPL).,factual,"Some copyright owners voluntarily reduce the scope of what is considered infringement by employing relatively permissive, ""open"" licensing strategies: rather than privately negotiating license terms with individual users who must first seek out the copyright owner and ask for permission, the copyright owner publishes and distributes the work with a prepared license that anyone can use, as long as they adhere to certain conditions. This has the effect of reducing infringement – and the burden on courts – by simply permitting certain types of uses under terms that the copyright owner considers reasonable. Examples include free software licenses, like the GNU General Public License (GPL), and the Creative Commons licenses, which are predominantly applied to visual and literary works.",What is an example of a free software license?,"""factual"""
"According to Robert T. Bakker, the paleontologist community has not sufficiently challenged the prevailing orthodox views on dinosaurs in the last fifty years.",factual,"The revisionist paleontologist Robert T. Bakker, who published his findings as The Dinosaur Heresies, treated the mainstream view of dinosaurs as dogma. ""I have enormous respect for dinosaur paleontologists past and present. But on average, for the last fifty years, the field hasn't tested dinosaur orthodoxy severely enough."" page 27 ""Most taxonomists, however, have viewed such new terminology as dangerously destabilizing to the traditional and well-known scheme..."" page 462. This book apparently influenced Jurassic Park. The illustrations by the author show dinosaurs in very active poses, in contrast to the traditional perception of lethargy. He is an example of a recent scientific endoheretic.",What criticism did Robert T. Bakker share about the paleontologist community regarding the last fifty years?,"""factual"""
Winston Churchill was the one who informed Parliament that prolonged attacks would likely cause three to four million people to flee London for the surrounding countryside.,factual,"In addition to the dead and wounded, government leaders feared mass psychological trauma from aerial attack and a resulting collapse of civil society. A committee of psychiatrists reported to the government in 1938 that there would be three times as many mental as physical casualties from aerial bombing, implying three to four million psychiatric patients. Winston Churchill told Parliament in 1934, ""We must expect that, under the pressure of continuous attack upon London, at least three or four million people would be driven out into the open country around the metropolis."" Panicked reactions during the Munich crisis, such as the migration by 150,000 to Wales, contributed to fear of societal chaos.",Who told Parliament that after long periods of attacks people would leave the cities for the country? ,"""factual"""
Metternich was the one who informed Napoleon that the Frankfurt proposals were likely the most favorable terms the Allies would offer.,factual,"The Allies offered peace terms in the Frankfurt proposals in November 1813. Napoleon would remain as Emperor of France, but it would be reduced to its ""natural frontiers."" That meant that France could retain control of Belgium, Savoy and the Rhineland (the west bank of the Rhine River), while giving up control of all the rest, including all of Spain and the Netherlands, and most of Italy and Germany. Metternich told Napoleon these were the best terms the Allies were likely to offer; after further victories, the terms would be harsher and harsher. Metternich's motivation was to maintain France as a balance against Russian threats, while ending the highly destabilizing series of wars.", Who told Napoleon that the Frankfurt proposals were probably the best terms the Allies would offer?,"""factual"""
Steven Spielberg won the Academy Award for Best Director for his film Schindler's List.,factual,"Spielberg won the Academy Award for Best Director for Schindler's List (1993) and Saving Private Ryan (1998). Three of Spielberg's films—Jaws (1975), E.T. the Extra-Terrestrial (1982), and Jurassic Park (1993)—achieved box office records, originated and came to epitomize the blockbuster film. The unadjusted gross of all Spielberg-directed films exceeds $9 billion worldwide, making him the highest-grossing director in history. His personal net worth is estimated to be more than $3 billion. He has been associated with composer John Williams since 1974, who composed music for all save five of Spielberg's feature films.",What did Spielberg win for Schindler's List?,"""factual"""
"The DualShock 3 was released in Australia on April 24th, 2008.",factual,"At its press conference at the 2007 Tokyo Game Show, Sony announced DualShock 3 (trademarked DUALSHOCK 3), a PlayStation 3 controller with the same function and design as Sixaxis, but with vibration capability included. Hands-on accounts describe the controller as being noticeably heavier than the standard Sixaxis controller and capable of vibration forces comparable to DualShock 2. It was released in Japan on November 11, 2007; in North America on April 5, 2008; in Australia on April 24, 2008; in New Zealand on May 9, 2008; in mainland Europe on July 2, 2008, and in the United Kingdom and Ireland on July 4, 2008.",On what date was the DualShock three released in Australia?,"""factual"""
"The USB specification limits the inrush current, which is the current used to charge decoupling and filter capacitors when a device is first connected.",factual,"In addition to limiting the total average power used by the device, the USB specification limits the inrush current (i.e., that used to charge decoupling and filter capacitors) when the device is first connected. Otherwise, connecting a device could cause problems with the host's internal power. USB devices are also required to automatically enter ultra low-power suspend mode when the USB host is suspended. Nevertheless, many USB host interfaces do not cut off the power supply to USB devices when they are suspended.",What does the USB specification limit?,"""factual"""
"Gulag Camp No. 36 was situated in Perm, which is located in the Ural Mountains.",factual,"In mid-November The Shevchenko Ukrainian Language Society was officially registered. On November 19, 1989, a public gathering in Kiev attracted thousands of mourners, friends and family to the reburial in Ukraine of three inmates of the infamous Gulag Camp No. 36 in Perm in the Ural Mountains: human-rights activists Vasyl Stus, Oleksiy Tykhy, and Yuriy Lytvyn. Their remains were reinterred in Baikove Cemetery. On November 26, 1989, a day of prayer and fasting was proclaimed by Cardinal Myroslav Lubachivsky, thousands of faithful in western Ukraine participated in religious services on the eve of a meeting between Pope John Paul II and Soviet President Gorbachev. On November 28, 1989, the Ukrainian SSR's Council for Religious Affairs issued a decree allowing Ukrainian Catholic congregations to register as legal organizations. The decree was proclaimed on December 1, coinciding with a meeting at the Vatican between the pope and the Soviet president.",Where was Gulag Camp No. 36 located?,irrelevant
"In 2012, Dell was behind Apple Inc. in terms of profits.",factual,"In the shrinking PC industry, Dell continued to lose market share, as it dropped below Lenovo in 2011 to fall to number three in the world. Dell and fellow American contemporary Hewlett Packard came under pressure from Asian PC manufacturers Lenovo, Asus, and Acer, all of which had lower production costs and willing to accept lower profit margins. In addition, while the Asian PC vendors had been improving their quality and design, for instance Lenovo's ThinkPad series was winning corporate customers away from Dell's laptops, Dell's customer service and reputation had been slipping. Dell remained the second-most profitable PC vendor, as it took 13 percent of operating profits in the PC industry during Q4 2012, behind Apple Inc.'s Macintosh that took 45 percent, seven percent at Hewlett Packard, six percent at Lenovo and Asus, and one percent for Acer.",What company was Dell behind in profits in 2012?,"""factual"""
Tamar Park in Central,contradiction," Hong Kong: The event was held in Hong Kong on May 2. In the ceremony held at the Hong Kong Cultural Centre in Tsim Sha Tsui, Chief Executive Donald Tsang handed the torch to the first torchbearer, Olympic medalist Lee Lai Shan. The torch relay then traveled through Nathan Road, Lantau Link, Sha Tin (crossed Shing Mun River via a dragon boat, which had been never used before in the history of Olympic torch relays), Victoria Harbour (crossed by Tin Hau, a VIP vessel managed by the Marine Department) before ending in Golden Bauhinia Square in Wan Chai. A total of 120 torchbearers were selected to participate in the event consisting of celebrities, athletes and pro-Beijing camp politicians. No politicians from the pro-democracy camp were selected as torchbearers. One torchbearer could not participate due to flight delay. It was estimated that more than 200,000 spectators came out and watched the relay. Many enthusiastic supporters wore red shirts and waved large Chinese flags. According to Hong Kong Chief Secretary for Administration Henry Tang, 3,000 police were deployed to ensure order.",Where did the torch relay end in Hong Kong?,contradiction
"In its first year, Tribeca featured a showcase of producers who work exclusively online.",factual,"Cara Cusumano, director of the Tribeca Film Festival, stated in April 2014: ""Piracy is less about people not wanting to pay and more about just wanting the immediacy – people saying, 'I want to watch Spiderman right now' and downloading it"". The statement occurred during the third year that the festival used the Internet to present its content, while it was the first year that it featured a showcase of content producers who work exclusively online. Cusumano further explained that downloading behavior is not merely conducted by people who merely want to obtain content for free:",It was the first year of Tribeca featuring a showcase of producers who do what?,"""factual"""
Armando Dias tragically passed away due to an electric shock.,factual,"Child labour has been a consistent struggle for children in Brazil ever since the country was colonized on April 22, 1550 by Pedro Álvares Cabral. Work that many children took part in was not always visible, legal, or paid. Free or slave labour was a common occurrence for many youths and was a part of their everyday lives as they grew into adulthood. Yet due to there being no clear definition of how to classify what a child or youth is, there has been little historical documentation of child labour during the colonial period. Due to this lack of documentation, it is hard to determine just how many children were used for what kinds of work before the nineteenth century. The first documentation of child labour in Brazil occurred during the time of indigenous societies and slave labour where it was found that children were forcibly working on tasks that exceeded their emotional and physical limits. Armando Dias, for example, died in November 1913 whilst still very young, a victim of an electric shock when entering the textile industry where he worked. Boys and girls were victims of industrial accidents on a daily basis.",How did Armando Dias die?,"""factual"""
"PPE stands for ""Power Processing Element"".",factual,"PlayStation 3 uses the Cell microprocessor, designed by Sony, Toshiba and IBM, as its CPU, which is made up of one 3.2 GHz PowerPC-based ""Power Processing Element"" (PPE) and eight Synergistic Processing Elements (SPEs). The eighth SPE is disabled to improve chip yields. Only six of the seven SPEs are accessible to developers as the seventh SPE is reserved by the console's operating system. Graphics processing is handled by the NVIDIA RSX 'Reality Synthesizer', which can produce resolutions from 480i/576i SD up to 1080p HD. PlayStation 3 has 256 MB of XDR DRAM main memory and 256 MB of GDDR3 video memory for the RSX.",What does PPE stand for?,"""factual"""
"The Old Forge pub is located in Scotland, which is a country within the United Kingdom.",factual,"The highest pub in the United Kingdom is the Tan Hill Inn, Yorkshire, at 1,732 feet (528 m) above sea level. The remotest pub on the British mainland is The Old Forge in the village of Inverie, Lochaber, Scotland. There is no road access and it may only be reached by an 18-mile (29 km) walk over mountains, or a 7-mile (11 km) sea crossing. Likewise, The Berney Arms in Norfolk has no road access. It may be reached by foot or by boat, and by train as it is served by the nearby Berney Arms railway station, which likewise has no road access and serves no other settlement.",In what country of the United Kingdom is the Old Forge pub located?,"""factual"""
The Ottoman Empire first established an air-based military unit in June 1909.,factual,"The establishment of Ottoman military aviation dates back to between June 1909 and July 1911. The Ottoman Empire started preparing its first pilots and planes, and with the founding of the Aviation School (Tayyare Mektebi) in Yeşilköy on 3 July 1912, the Empire began to tutor its own flight officers. The founding of the Aviation School quickened advancement in the military aviation program, increased the number of enlisted persons within it, and gave the new pilots an active role in the Ottoman Army and Navy. In May 1913 the world's first specialized Reconnaissance Training Program was started by the Aviation School and the first separate reconnaissance division was established.[citation needed] In June 1914 a new military academy, the Naval Aviation School (Bahriye Tayyare Mektebi) was founded. With the outbreak of World War I, the modernization process stopped abruptly. The Ottoman aviation squadrons fought on many fronts during World War I, from Galicia in the west to the Caucasus in the east and Yemen in the south.",What was the first date that the Ottoman empire had an air-based military unit?,"""factual"""
Children under the age of six are considered too young for spirometry to be used in determining asthma.,factual,"There is currently no precise test with the diagnosis typically based on the pattern of symptoms and response to therapy over time. A diagnosis of asthma should be suspected if there is a history of: recurrent wheezing, coughing or difficulty breathing and these symptoms occur or worsen due to exercise, viral infections, allergens or air pollution. Spirometry is then used to confirm the diagnosis. In children under the age of six the diagnosis is more difficult as they are too young for spirometry.",What age is too young to use spirometry to determine asthma?,"""factual"""
"Samuel Pepys was associated with the Cock Tavern, in addition to the Prospect of Whitby.",irrelevant,"When Empress Dowager Deng died, Emperor An (r. 106–125 AD) was convinced by the accusations of the eunuchs Li Run (李閏) and Jiang Jing (江京) that Deng and her family had planned to depose him. An dismissed Deng's clan members from office, exiled them and forced many to commit suicide. After An's death, his wife, Empress Dowager Yan (d. 126 AD) placed the child Marquess of Beixiang on the throne in an attempt to retain power within her family. However, palace eunuch Sun Cheng (d. 132 AD) masterminded a successful overthrow of her regime to enthrone Emperor Shun of Han (r. 125–144 AD). Yan was placed under house arrest, her relatives were either killed or exiled, and her eunuch allies were slaughtered. The regent Liang Ji (d. 159 AD), brother of Empress Liang Na (d. 150 AD), had the brother-in-law of Consort Deng Mengnü (later empress) (d. 165 AD) killed after Deng Mengnü resisted Liang Ji's attempts to control her. Afterward, Emperor Huan employed eunuchs to depose Liang Ji, who was then forced to commit suicide.",Who did Emperor Huan hire to depose Liang Ji?,irrelevant
"In addition to farmers, postal workers also opposed the implementation of SDST.",factual,"In the UK the Royal Society for the Prevention of Accidents supports a proposal to observe SDST's additional hour year-round, but is opposed in some industries, such as postal workers and farmers, and particularly by those living in the northern regions of the UK.","Joining farmers, what other kind of workers opposed SDST?","""factual"""
The perpetrator's intent to destroy will always be limited by the opportunities available to them.,factual,"In paragraph 13 the judges raise the issue of the perpetrators' access to the victims: ""The historical examples of genocide also suggest that the area of the perpetrators’ activity and control, as well as the possible extent of their reach, should be considered. ... The intent to destroy formed by a perpetrator of genocide will always be limited by the opportunity presented to him. While this factor alone will not indicate whether the targeted group is substantial, it can—in combination with other factors—inform the analysis.""",What will always be restricted in terms of a perpetrator's intent to destroy?,"""factual"""
"The origin of the word ""Yiddish"" can be traced back to the German adjective ""jüdisch,"" which means ""Jewish.""",factual,"The etymological equivalent is in use in other languages, e.g., يَهُودِيّ yahūdī (sg.), al-yahūd (pl.), and بَنُو اِسرَائِيل banū isrāʼīl in Arabic, ""Jude"" in German, ""judeu"" in Portuguese, ""juif"" in French, ""jøde"" in Danish and Norwegian, ""judío"" in Spanish, ""jood"" in Dutch, etc., but derivations of the word ""Hebrew"" are also in use to describe a Jew, e.g., in Italian (Ebreo), in Persian (""Ebri/Ebrani"" (Persian: عبری/عبرانی‎‎)) and Russian (Еврей, Yevrey). The German word ""Jude"" is pronounced [ˈjuːdə], the corresponding adjective ""jüdisch"" [ˈjyːdɪʃ] (Jewish) is the origin of the word ""Yiddish"". (See Jewish ethnonyms for a full overview.)",What is the origin of the word Yiddish?,"""factual"""
"The 1972 attack on Israeli athletes took place in Munich, Germany.",factual,"His relationship with Palestinian leader Yasser Arafat of Fatah was strained, with Gaddafi considering him too moderate and calling for more violent action. Instead he supported militia like the Popular Front for the Liberation of Palestine, Popular Front for the Liberation of Palestine – General Command, the Democratic Front for the Liberation of Palestine, As-Sa'iqa, the Palestinian Popular Struggle Front, and the Abu Nidal Organization. He funded the Black September Organization who perpetrated the 1972 Munich massacre of Israeli athletes in West Germany, and had the killed militants' bodies flown to Libya for a hero's funeral. Gaddafi also welcomed the three surviving attackers in Tripoli following their release in exchange for the hostages of hijacked Lufthansa Flight 615 a few weeks later and allowed them to go into hiding.",In what city did the 1972 attack on Israeli athletes occur?,"""factual"""
"As of 2007, the term ""Alsatia"" referring to a ramshackle marketplace is still used by both English and Australian judiciaries.",factual,"""Alsatia"", the Latin form of Alsace's name, has long ago entered the English language with the specialized meaning of ""a lawless place"" or ""a place under no jurisdiction"" - since Alsace was conceived by English people to be such. It was used into the 20th century as a term for a ramshackle marketplace, ""protected by ancient custom and the independence of their patrons"". As of 2007, the word is still in use among the English and Australian judiciaries with the meaning of a place where the law cannot reach: ""In setting up the Serious Organised Crime Agency, the state has set out to create an Alsatia - a region of executive action free of judicial oversight,"" Lord Justice Sedley in UMBS v SOCA 2007.","Which nationalities still refer it to Alslace ""ramshackle marketplace"" as of 2007?","""factual"""
"In this type of profit-driven economy, the food processing industry's main priority is typically the efficient production of inexpensive foods that have a lengthy shelf life.",factual,"As mentioned, lifestyle- and obesity-related diseases are becoming increasingly prevalent all around the world. There is little doubt that the increasingly widespread application of some modern food processing technologies has contributed to this development. The food processing industry is a major part of modern economy, and as such it is influential in political decisions (e.g., nutritional recommendations, agricultural subsidising). In any known profit-driven economy, health considerations are hardly a priority; effective production of cheap foods with a long shelf-life is more the trend. In general, whole, fresh foods have a relatively short shelf-life and are less profitable to produce and sell than are more processed foods. Thus, the consumer is left with the choice between more expensive, but nutritionally superior, whole, fresh foods, and cheap, usually nutritionally inferior, processed foods. Because processed foods are often cheaper, more convenient (in both purchasing, storage, and preparation), and more available, the consumption of nutritionally inferior foods has been increasing throughout the world along with many nutrition-related health complications.",What is perceived as the general priority of the food processing industry in this sort of economy?,"""factual"""
The genotypic identification of HIV later enabled the determination of the geographical origins of the virus.,factual,"There is usually an indication for a specific identification of an infectious agent only when such identification can aid in the treatment or prevention of the disease, or to advance knowledge of the course of an illness prior to the development of effective therapeutic or preventative measures. For example, in the early 1980s, prior to the appearance of AZT for the treatment of AIDS, the course of the disease was closely followed by monitoring the composition of patient blood samples, even though the outcome would not offer the patient any further treatment options. In part, these studies on the appearance of HIV in specific communities permitted the advancement of hypotheses as to the route of transmission of the virus. By understanding how the disease was transmitted, resources could be targeted to the communities at greatest risk in campaigns aimed at reducing the number of new infections. The specific serological diagnostic identification, and later genotypic or molecular identification, of HIV also enabled the development of hypotheses as to the temporal and geographical origins of the virus, as well as a myriad of other hypothesis. The development of molecular diagnostic tools have enabled physicians and researchers to monitor the efficacy of treatment with anti-retroviral drugs. Molecular diagnostics are now commonly used to identify HIV in healthy people long before the onset of illness and have been used to demonstrate the existence of people who are genetically resistant to HIV infection. Thus, while there still is no cure for AIDS, there is great therapeutic and predictive benefit to identifying the virus and monitoring the virus levels within the blood of infected individuals, both for the patient and for the community at large.",What did the genotypic identification of HIV later enable?,"""factual"""
Agriculture became more important in Armenia's economy after it gained independence from the Soviet Union.,factual,"Agriculture accounted for less than 20% of both net material product and total employment before the dissolution of the Soviet Union in 1991. After independence, the importance of agriculture in the economy increased markedly, its share at the end of the 1990s rising to more than 30% of GDP and more than 40% of total employment. This increase in the importance of agriculture was attributable to food security needs of the population in the face of uncertainty during the first phases of transition and the collapse of the non-agricultural sectors of the economy in the early 1990s. As the economic situation stabilized and growth resumed, the share of agriculture in GDP dropped to slightly over 20% (2006 data), although the share of agriculture in employment remained more than 40%.",Was agriculture more important before or after Armenia left the Soviet Union?,"""factual"""
"Yes, the study found that women became aroused by both heterosexual and homosexual human sexual stimuli, as well as non-human primate sexual stimuli.",factual,"Another study on men and women's patterns of sexual arousal confirmed that men and women have different patterns of arousal, independent of their sexual orientations. The study found that women's genitals become aroused to both human and nonhuman stimuli from movies showing humans of both genders having sex (heterosexual and homosexual) and from videos showing non-human primates (bonobos) having sex. Men did not show any sexual arousal to non-human visual stimuli, their arousal patterns being in line with their specific sexual interest (women for heterosexual men and men for homosexual men).",Did women in the studys become aroused to heterosexual stimulation?,"""factual"""
"Unlike Catalan, French does not have many suppletive couplets.",irrelevant,"As a relatively small and isolated oceanic island, Norfolk has few land birds but a high degree of endemicity among them. Many of the endemic species and subspecies have become extinct as a result of massive clearance of the island's native vegetation of subtropical rainforest for agriculture, hunting and persecution as agricultural pests. The birds have also suffered from the introduction of mammals such as rats, cats, pigs and goats, as well as from introduced competitors such as common blackbirds and crimson rosellas.",What type of bird does Norfolk Island have few of?,irrelevant
"The RSFSR was established following the October Revolution, which took place on November 7, 1917.",factual,"The RSFSR was established on November 7, 1917 (October Revolution) as a sovereign state. The first Constitution was adopted in 1918. In 1922 the Russian SFSR signed the Treaty on the Creation of the USSR.",What event led to the establishment of the RSFSR?,"""factual"""
"In Christian symbolism, peacocks represent paradise and resurrection.",factual,"The abundant variety of natural life depicted in the Butrint mosaics celebrates the richness of God’s creation; some elements also have specific connotations. The kantharos vase and vine refer to the eucharist, the symbol of the sacrifice of Christ leading to salvation. Peacocks are symbols of paradise and resurrection; shown eating or drinking from the vase they indicate the route to eternal life. Deer or stags were commonly used as images of the faithful aspiring to Christ: ""As a heart desireth the water brook, so my souls longs for thee, O God."" Water-birds and fish and other sea-creatures can indicate baptism as well as the members of the Church who are christened.",What do peacocks represent in Christian symbolism?,"""factual"""
"Bishops were appointed by feudal lords, such as kings, dukes, and other landowners.",irrelevant,"Seattle has been a regional center for the performing arts for many years. The century-old Seattle Symphony Orchestra is among the world's most recorded and performs primarily at Benaroya Hall. The Seattle Opera and Pacific Northwest Ballet, which perform at McCaw Hall (opened 2003 on the site of the former Seattle Opera House at Seattle Center), are comparably distinguished, with the Opera being particularly known for its performances of the works of Richard Wagner and the PNB School (founded in 1974) ranking as one of the top three ballet training institutions in the United States. The Seattle Youth Symphony Orchestras (SYSO) is the largest symphonic youth organization in the United States. The city also boasts lauded summer and winter chamber music festivals organized by the Seattle Chamber Music Society.",What Seattle organization is one of the top ballet schools in the US?,irrelevant
"Sassou's private militia is called the ""Cobras"".",factual,"Congo's democratic progress was derailed in 1997 when Lissouba and Sassou started to fight for power in the civil war. As presidential elections scheduled for July 1997 approached, tensions between the Lissouba and Sassou camps mounted. On June 5, President Lissouba's government forces surrounded Sassou's compound in Brazzaville and Sassou ordered members of his private militia (known as ""Cobras"") to resist. Thus began a four-month conflict that destroyed or damaged much of Brazzaville and caused tens of thousands of civilian deaths. In early October, the Angolan socialist régime began an invasion of Congo to install Sassou in power. In mid-October, the Lissouba government fell. Soon thereafter, Sassou declared himself president.",What is the name of Sassou's personal army?,"""factual"""
"St. Augustine of Hippo starts defining time by focusing on what it is not, rather than providing a positive definition of what time actually is.",factual,"In Book 11 of his Confessions, St. Augustine of Hippo ruminates on the nature of time, asking, ""What then is time? If no one asks me, I know: if I wish to explain it to one that asketh, I know not."" He begins to define time by what it is not rather than what it is, an approach similar to that taken in other negative definitions. However, Augustine ends up calling time a “distention” of the mind (Confessions 11.26) by which we simultaneously grasp the past in memory, the present by attention, and the future by expectation.",By what does St. Augustine of Hippo begin to define time?,"""factual"""
"Contemporary sources viewed scientific societies as serving the purpose of creating knowledge, in contrast to universities, which they saw as primarily transmitting existing knowledge.",irrelevant,"Wood to be used for construction work is commonly known as lumber in North America. Elsewhere, lumber usually refers to felled trees, and the word for sawn planks ready for use is timber. In Medieval Europe oak was the wood of choice for all wood construction, including beams, walls, doors, and floors. Today a wider variety of woods is used: solid wood doors are often made from poplar, small-knotted pine, and Douglas fir.","Outside of North America, if someone said ""lumber,"" to what would they be referring?",irrelevant
"In 1979, power was transferred to Shehu Shagari, a civilian leader in Nigeria.",factual,"Beginning in 1979, Nigerians participated in a brief return to democracy when Olusegun Obasanjo transferred power to the civilian regime of Shehu Shagari. The Shagari government became viewed as corrupt and incompetent by virtually all sectors of Nigerian society. The military coup of Muhammadu Buhari shortly after the regime's fraudulent re-election in 1984 was generally viewed as a positive development. Buhari promised major reforms, but his government fared little better than its predecessor. His regime was overthrown by another military coup in 1985.",Which Nigerian leader received power in 1979?,"""factual"""
"The Rogers Plan, sponsored by the United States, aimed to end the conflict with Israel by calling for a cessation of hostilities and an Israeli withdrawal from Egyptian territory.",factual,"In June 1970, Nasser accepted the US-sponsored Rogers Plan, which called for an end to hostilities and an Israeli withdrawal from Egyptian territory, but it was rejected by Israel, the PLO, and most Arab states except Jordan. Nasser had initially rejected the plan, but conceded under pressure from the Soviet Union, which feared that escalating regional conflict could drag it into a war with the US. He also determined that a ceasefire could serve as a tactical step toward the strategic goal of recapturing the Suez Canal. Nasser forestalled any movement toward direct negotiations with Israel. In dozens of speeches and statements, Nasser posited the equation that any direct peace talks with Israel were tantamount to surrender. Following Nasser's acceptance, Israel agreed to a ceasefire and Nasser used the lull in fighting to move SAM missiles towards the canal zone.",What was the American plan to end conflict with Israel?,"""factual"""
"In addition to a license to sell spirits, tavern owners were required to have a separate license to sell ale.",factual,"There was already regulation on public drinking spaces in the 17th and 18th centuries,[citation needed] and the income earned from licences was beneficial to the crown. Tavern owners were required to possess a licence to sell ale, and a separate licence for distilled spirits.","In addition to a license to sell spirits, what did tavern owners require a license to sell?","""factual"""
France,contradiction,"In 1885, British claims to a West African sphere of influence received recognition from other European nations at the Berlin Conference. The following year, it chartered the Royal Niger Company under the leadership of Sir George Taubman Goldie. In 1900 the company's territory came under the control of the British government, which moved to consolidate its hold over the area of modern Nigeria. On 1 January 1901, Nigeria became a British protectorate, and part of the British Empire, the foremost world power at the time. In the late 19th and early 20th centuries the independent kingdoms of what would become Nigeria fought a number of conflicts against the British Empire's efforts to expand its territory. By war, the British conquered Benin in 1897, and, in the Anglo-Aro War (1901–1902), defeated other opponents. The restraint or conquest of these states opened up the Niger area to British rule.",Which country did Britain conquer in 1897?,contradiction
A new boathouse and dock are being planned for the area of New Haven Harbor.,factual,"Major projects include the current construction of a new campus for Gateway Community College downtown, and also a 32-story, 500-unit apartment/retail building called 360 State Street. The 360 State Street project is now occupied and is the largest residential building in Connecticut. A new boathouse and dock is planned for New Haven Harbor, and the linear park Farmington Canal Trail is set to extend into downtown New Haven within the coming year. Additionally, foundation and ramp work to widen I-95 to create a new harbor crossing for New Haven, with an extradosed bridge to replace the 1950s-era Q Bridge, has begun. The city still hopes to redevelop the site of the New Haven Coliseum, which was demolished in 2007.",For what area are a new boathouse and dock being planned?,"""factual"""
"James W. Rodgers was the individual executed on March 30, 1960.",factual,"The last use of the firing squad between 1608 and the moratorium on judicial executions between 1967 and 1977 was when Utah shot James W. Rodgers on March 30, 1960. The last use of the gallows between 1608 and the moratorium was when Kansas hanged George York on June 22, 1965. The last use of the electric chair between the first electrocution on August 6, 1890 and the moratorium was when Oklahoma electrocuted James French on August 10, 1966. The last use of the gas chamber between the first gassing on February 8, 1924 and the moratorium was when Colorado gassed Luis Monge on June 2, 1967.","Who was executed on March 30, 1960?","""factual"""
Fighting broke out in the Central African Republic between rebel and government forces in the years 2002 to 2003.,factual,"There are many missionary groups operating in the country, including Lutherans, Baptists, Catholics, Grace Brethren, and Jehovah's Witnesses. While these missionaries are predominantly from the United States, France, Italy, and Spain, many are also from Nigeria, the Democratic Republic of the Congo, and other African countries. Large numbers of missionaries left the country when fighting broke out between rebel and government forces in 2002–3, but many of them have now returned to continue their work.",When did fighting break out in CAR?,"""factual"""
A Republican presidential candidate ridiculed the city for its liberalism.,factual,"When one Republican presidential candidate for the 2016 election ridiculed the liberalism of ""New York values"" in January 2016, Donald Trump, leading in the polls, vigorously defended his city. The National Review, a conservative magazine published in the city since its founding by William F. Buckley, Jr. in 1955, commented, ""By hearkening back to New York's heart after 9/11, for a moment Trump transcended politics. How easily we forget, but for weeks after the terror attacks, New York was America.""",A presidential candidate from what party derided the city for its liberalism?,"""factual"""
Ferdinand and Isabella were the monarchs who established Spain's first national police force.,factual,"As one of their first acts after end of the War of the Castilian Succession in 1479, Ferdinand and Isabella established the centrally organized and efficient Holy Brotherhood (Santa Hermandad) as a national police force. They adapted an existing brotherhood to the purpose of a general police acting under officials appointed by themselves, and endowed with great powers of summary jurisdiction even in capital cases. The original brotherhoods continued to serve as modest local police-units until their final suppression in 1835.",Who formed Spain's first national police force?,"""factual"""
Mestizos are a large population of Hispanics who identify as having mixed ancestry.,irrelevant,"Crevasses can form in several different ways. Transverse crevasses are transverse to flow and form where steeper slopes cause a glacier to accelerate. Longitudinal crevasses form semi-parallel to flow where a glacier expands laterally. Marginal crevasses form from the edge of the glacier, due to the reduction in speed caused by friction of the valley walls. Marginal crevasses are usually largely transverse to flow. Moving glacier ice can sometimes separate from stagnant ice above, forming a bergschrund. Bergschrunds resemble crevasses but are singular features at a glacier's margins.",Why do marginal crevasses form on the edge of a glacier?,irrelevant
Higher education is the educational level that follows the completion of a school such as a high school or secondary school.,factual,"Higher education, also called tertiary, third stage, or postsecondary education, is the non-compulsory educational level that follows the completion of a school such as a high school or secondary school. Tertiary education is normally taken to include undergraduate and postgraduate education, as well as vocational education and training. Colleges and universities mainly provide tertiary education. Collectively, these are sometimes known as tertiary institutions. Individuals who complete tertiary education generally receive certificates, diplomas, or academic degrees.",What is High Education?,"""factual"""
Charleston Harbor is located on the Atlantic Ocean.,factual,"Charleston is the oldest and second-largest city in the U.S. state of South Carolina, the county seat of Charleston County, and the principal city in the Charleston–North Charleston–Summerville Metropolitan Statistical Area. The city lies just south of the geographical midpoint of South Carolina's coastline and is located on Charleston Harbor, an inlet of the Atlantic Ocean formed by the confluence of the Ashley and Cooper Rivers, or, as is locally expressed, ""where the Cooper and Ashley Rivers come together to form the Atlantic Ocean.""",Charleston Harbor is formed on what ocean?,"""factual"""
"The principle that Yoga incorporates from Samkhya is jñāna, which means knowledge.",irrelevant,"The IJM used the grant money to found ""Project Lantern"" and established an office in the Philippines city of Cebu. In 2010 the results of the project were published, in which the IJM stated that Project Lantern had led to ""an increase in law enforcement activity in sex trafficking cases, an increase in commitment to resolving sex trafficking cases among law enforcement officers trained through the project, and an increase in services – like shelter, counseling and career training – provided to trafficking survivors"". At the time that the results were released, the IJM was exploring opportunities to replicate the model in other regions.",What was project Lantern exploring ,irrelevant
"Abdelbaset al-Megrahi was the other individual, along with Lamin Khalifah Fhimah, who was suspected of being involved in the attack on Pan Am Flight 103.",factual,"In 1989, Gaddafi was overjoyed by the foundation of the Arab Maghreb Union, uniting Libya in an economic pact with Mauritania, Morocco, Tunisia and Algeria, viewing it as beginnings of a new Pan-Arab union. Meanwhile, Libya stepped up its support for anti-western militants such as the Provisional IRA, and in 1988, Pan Am Flight 103 was blown up over Lockerbie in Scotland, killing 243 passengers and 16 crew members, plus 11 people on the ground. British police investigations identified two Libyans – Abdelbaset al-Megrahi and Lamin Khalifah Fhimah – as the chief suspects, and in November 1991 issued a declaration demanding that Libya hand them over. When Gaddafi refused, citing the Montreal Convention, the United Nations (UN) imposed Resolution 748 in March 1992, initiating economic sanctions against Libya which had deep repercussions for the country's economy. The country suffered an estimated $900 million financial loss as a result. Further problems arose with the west when in January 1989, two Libyan warplanes were shot down by the U.S. off the Libyan coast. Many African states opposed the UN sanctions, with Mandela criticising them on a visit to Gaddafi in October 1997, when he praised Libya for its work in fighting apartheid and awarded Gaddafi the Order of Good Hope. They would only be suspended in 1998 when Libya agreed to allow the extradition of the suspects to the Scottish Court in the Netherlands, in a process overseen by Mandela.","Along with Lamin Khalifah Fhimah, who was suspected of the attack on Pan Am Flight 103?","""factual"""
The treaties of Gulistan and Turkmenchay confirmed that Iran had permanently lost control over its integral territories in the Caucasus region.,factual,"As a result of the 19th century Russo-Persian wars, the Russians took over the Caucasus, and Iran irrevocably lost control over its integral territories in the region (comprising modern-day Dagestan, Georgia, Armenia, and Azerbaijan), which got confirmed per the treaties of Gulistan and Turkmenchay. The area to the north of the river Aras, among which the contemporary Republic of Azerbaijan, eastern Georgia, Dagestan, and Armenia, were Iranian territory until they were occupied by Russia in the course of the 19th century.",The Gulistan and Turkmenchay treaties between Iran and Russia confirmed what?,"""factual"""
"The four main language families in Myanmar are Sino-Tibetan, Tai-Kadai, Austro-Asiatic, and Indo-European.",factual,"Myanmar is home to four major language families: Sino-Tibetan, Tai–Kadai, Austro-Asiatic, and Indo-European. Sino-Tibetan languages are most widely spoken. They include Burmese, Karen, Kachin, Chin, and Chinese (mainly Hokkien). The primary Tai–Kadai language is Shan. Mon, Palaung, and Wa are the major Austroasiatic languages spoken in Myanmar. The two major Indo-European languages are Pali, the liturgical language of Theravada Buddhism, and English. Little known fact about Myanmar is there are more than 130 languages spoken by people in Myanmar. Since many of them are known only within small tribes around the country, they may have been lost (many if not all) after a few generations.",What are the four categories for the most prolific dialects used in Burma ?,"""factual"""
"In Latin, Paris was referred to as Parisius.",factual,"By the end of the Western Roman Empire, the town was known simply as Parisius in Latin and Paris in French. Christianity was introduced in the middle of the 3rd century AD. According to tradition, it was brought by Saint Denis, the first Bishop of Paris. When he refused to renounce his faith, he was beheaded on the hill which became known as the ""Mountain of Martyrs"" (Mons Martyrum), eventually ""Montmartre"". His burial place became an important religious shrine; the Basilica of Saint-Denis was built there and became the burial place of the French Kings.",What was Paris known as in Latin?,"""factual"""
"Alfred Whitehead, Whitehead's father, was both a minister and the schoolmaster of Chatham House Academy.",factual,"Alfred North Whitehead was born in Ramsgate, Kent, England, in 1861. His father, Alfred Whitehead, was a minister and schoolmaster of Chatham House Academy, a successful school for boys established by Thomas Whitehead, Alfred North's grandfather. Whitehead himself recalled both of them as being very successful schoolmasters, but that his grandfather was the more extraordinary man. Whitehead's mother was Maria Sarah Whitehead, formerly Maria Sarah Buckmaster. Whitehead was apparently not particularly close with his mother, as he never mentioned her in any of his writings, and there is evidence that Whitehead's wife, Evelyn, had a low opinion of her.",What was Whitehead's father's profession?,"""factual"""
The circular imperfection in a piece of wood is called a knot.,factual,"A knot is a particular type of imperfection in a piece of wood; it will affect the technical properties of the wood, usually reducing the local strength and increasing the tendency for splitting along the wood grain, but may be exploited for visual effect. In a longitudinally sawn plank, a knot will appear as a roughly circular ""solid"" (usually darker) piece of wood around which the grain of the rest of the wood ""flows"" (parts and rejoins). Within a knot, the direction of the wood (grain direction) is up to 90 degrees different from the grain direction of the regular wood.",What is the sort of circular imperfection in a piece of wood called?,"""factual"""
Training areas and ranges constitute 84.0% of the defence estate.,factual,"The defence estate is divided as training areas & ranges (84.0%), research & development (5.4%), airfields (3.4%), barracks & camps (2.5%), storage & supply depots (1.6%), and other (3.0%). These are largely managed by the Defence Infrastructure Organisation.",What percentage of the defence estate makes up training areas and ranges?,"""factual"""
"A single drop of water, when dispersed among 500,000 lamps, is sufficient to cause a significant increase in lamp darkening.",factual,"A very small amount of water vapor inside a light bulb can significantly affect lamp darkening. Water vapor dissociates into hydrogen and oxygen at the hot filament. The oxygen attacks the tungsten metal, and the resulting tungsten oxide particles travel to cooler parts of the lamp. Hydrogen from water vapor reduces the oxide, reforming water vapor and continuing this water cycle. The equivalent of a drop of water distributed over 500,000 lamps will significantly increase darkening. Small amounts of substances such as zirconium are placed within the lamp as a getter to react with any oxygen that may bake out of the lamp components during operation.",How much water is necessary to result in this darkening affect?,"""factual"""
cellulose,contradiction,"Paper made from mechanical pulp contains significant amounts of lignin, a major component in wood. In the presence of light and oxygen, lignin reacts to give yellow materials, which is why newsprint and other mechanical paper yellows with age. Paper made from bleached kraft or sulfite pulps does not contain significant amounts of lignin and is therefore better suited for books, documents and other applications where whiteness of the paper is essential.",A book is likely made with paper that has low amounts of what component of wood?,"""factual"""
"As of 2010, those of African ancestry accounted for 35.2% of Florida's population.",contradiction,"As of 2010, those of African ancestry accounted for 16.0% of Florida's population, which includes African Americans. Out of the 16.0%, 4.0% (741,879) were West Indian or Afro-Caribbean American. During the early 1900s, black people made up nearly half of the state's population. In response to segregation, disfranchisement and agricultural depression, many African Americans migrated from Florida to northern cities in the Great Migration, in waves from 1910 to 1940, and again starting in the later 1940s. They moved for jobs, better education for their children and the chance to vote and participate in society. By 1960 the proportion of African Americans in the state had declined to 18%. Conversely large numbers of northern whites moved to the state.[citation needed] Today, large concentrations of black residents can be found in northern and central Florida. Aside from blacks descended from African slaves brought to the US south, there are also large numbers of blacks of West Indian, recent African, and Afro-Latino immigrant origins, especially in the Miami/South Florida area. In 2010, Florida had the highest percentage of West Indians in the United States, with 2.0% (378,926) from Haitian ancestry, and 1.3% (236,950) Jamaican. All other (non-Hispanic) Caribbean nations were well below 0.1% of Florida residents.",What percentage of Florida was African american in 2010 ,contradiction
"The first Latin phrase used by the Royal Institute was ""Usui civium decori urbium.""",factual,"The design of the Institute's Mycenean lions medal and the motto ‘Usui civium, decori urbium' has been attributed to Thomas Leverton Donaldson, who had been honorary secretary until 1839. The RIBA Guide to its Archive and History (Angela Mace,1986) records that the first official version of this badge was used as a bookplate for the Institute's library and publications from 1835 to 1891, when it was redesigned by J.H.Metcalfe. It was again redesigned in 1931 by Eric Gill and in 1960 by Joan Hassall. The description in the 1837 by-laws was: ""gules, two lions rampant guardant or, supporting a column marked with lines chevron, proper, all standing on a base of the same; a garter surrounding the whole with the inscription Institute of British Architects, anno salutis MDCCCXXXIV; above a mural crown proper, and beneath the motto Usui civium decori urbium "".",What was the first Latin phrase used by the Royal Institute?,"""factual"""
The charge on the electrodes of a capacitor is directly proportional to the voltage across the capacitor.,irrelevant,"In 1827, soon after the death of Chopin's youngest sister Emilia, the family moved from the Warsaw University building, adjacent to the Kazimierz Palace, to lodgings just across the street from the university, in the south annex of the Krasiński Palace on Krakowskie Przedmieście,[n 5] where Chopin lived until he left Warsaw in 1830.[n 6] Here his parents continued running their boarding house for male students; the Chopin Family Parlour (Salonik Chopinów) became a museum in the 20th century. In 1829 the artist Ambroży Mieroszewski executed a set of portraits of Chopin family members, including the first known portrait of the composer.[n 7]",What year did Chopin leave Warsaw?,"""factual"""
Other Europeans residing in the United Kingdom or Ireland are permitted to vote in local and European Parliament elections.,factual,"Reciprocal arrangements allow British and Irish citizens to full voting rights in the two states. Exceptions to this are presidential elections and constitutional referendums in the Republic of Ireland, for which there is no comparable franchise in the other states. In the United Kingdom, these pre-date European Union law, and in both jurisdictions go further than that required by European Union law. Other EU nationals may only vote in local and European Parliament elections while resident in either the UK or Ireland. In 2008, a UK Ministry of Justice report investigating how to strengthen the British sense of citizenship proposed to end this arrangement arguing that, ""the right to vote is one of the hallmarks of the political status of citizens; it is not a means of expressing closeness between countries.""","In what elections are other Europeans who are living in the United Kingdom or Ireland, allowed to vote in?","""factual"""
The famous bank located in Boston is called the Federal Reserve Bank of Boston.,factual,"The city has several federal facilities, including the John F. Kennedy Federal Office Building, the Thomas P. O'Neill Federal Building, the United States Court of Appeals for the First Circuit, the United States District Court for the District of Massachusetts, and the Federal Reserve Bank of Boston.",What is the name of the famous bank located in Boston?,"""factual"""
The font used in the 6th generation iPod Classic and 3rd generation iPod Nano was Helvetica.,factual,"Apple did not develop the iPod software entirely in-house, instead using PortalPlayer's reference platform based on two ARM cores. The platform had rudimentary software running on a commercial microkernel embedded operating system. PortalPlayer had previously been working on an IBM-branded MP3 player with Bluetooth headphones. Apple contracted another company, Pixo, to help design and implement the user interface under the direct supervision of Steve Jobs. As development progressed, Apple continued to refine the software's look and feel. Starting with the iPod Mini, the Chicago font was replaced with Espy Sans. Later iPods switched fonts again to Podium Sans—a font similar to Apple's corporate font, Myriad. iPods with color displays then adopted some Mac OS X themes like Aqua progress bars, and brushed metal meant to evoke a combination lock. In 2007, Apple modified the iPod interface again with the introduction of the sixth-generation iPod Classic and third-generation iPod Nano by changing the font to Helvetica and, in most cases, splitting the screen in half by displaying the menus on the left and album artwork, photos, or videos on the right (whichever was appropriate for the selected item).",The 6th gen iPod Classic and 3rd gen iPod nano featured which font?,"""factual"""
Reception statutes are invalid when they are repugnant to domestic law or indigenous conditions.,factual,"The actual substance of English law was formally ""received"" into the United States in several ways. First, all U.S. states except Louisiana have enacted ""reception statutes"" which generally state that the common law of England (particularly judge-made law) is the law of the state to the extent that it is not repugnant to domestic law or indigenous conditions. Some reception statutes impose a specific cutoff date for reception, such as the date of a colony's founding, while others are deliberately vague. Thus, contemporary U.S. courts often cite pre-Revolution cases when discussing the evolution of an ancient judge-made common law principle into its modern form, such as the heightened duty of care traditionally imposed upon common carriers.",When are reception statutes invaild?,"""factual"""
Sun Jiadong is the chief designer responsible for creating the navigation system.,factual,"According to Sun Jiadong, the chief designer of the navigation system, ""Many organizations have been using our system for a while, and they like it very much.""",Who is Sun Jiadong?,"""factual"""
"Lainzer

Modified answer (with contradiction):
Popper's ashes were not buried in the Lainzer cemetery in Vienna. Instead, they were interred at the Zentralfriedhof, one of the largest cemeteries in Europe, also located in Vienna.",contradiction,"Popper died of ""complications of cancer, pneumonia and kidney failure"" in Kenley at the age of 92 on 17 September 1994. He had been working continuously on his philosophy until two weeks before, when he suddenly fell terminally ill. After cremation, his ashes were taken to Vienna and buried at Lainzer cemetery adjacent to the ORF Centre, where his wife Josefine Anna Popper (called ‘Hennie’) had already been buried. Popper's estate is managed by his secretary and personal assistant Melitta Mew and her husband Raymond. Popper's manuscripts went to the Hoover Institution at Stanford University, partly during his lifetime and partly as supplementary material after his death. Klagenfurt University possesses Popper's library, including his precious bibliophilia, as well as hard copies of the original Hoover material and microfilms of the supplementary material. The remaining parts of the estate were mostly transferred to The Karl Popper Charitable Trust. In October 2008 Klagenfurt University acquired the copyrights from the estate.",Which cemetery in Vienna received Popper's ashes?,contradiction
The abbreviation IFAB stands for International Football Association Board.,factual,"The laws of the game are determined by the International Football Association Board (IFAB). The Board was formed in 1886 after a meeting in Manchester of The Football Association, the Scottish Football Association, the Football Association of Wales, and the Irish Football Association. FIFA, the international football body, was formed in Paris in 1904 and declared that they would adhere to Laws of the Game of the Football Association. The growing popularity of the international game led to the admittance of FIFA representatives to the International Football Association Board in 1913. The board consists of four representatives from FIFA and one representative from each of the four British associations.",What does the abbreviation IFAB stand for?,"""factual"""
Director Brian De Palma introduced Amy Irving to Steven Spielberg in 1976.,irrelevant,"Following World War II, Britain retained control of both British Somaliland and Italian Somaliland as protectorates. In 1945, during the Potsdam Conference, the United Nations granted Italy trusteeship of Italian Somaliland, but only under close supervision and on the condition — first proposed by the Somali Youth League (SYL) and other nascent Somali political organizations, such as Hizbia Digil Mirifle Somali (HDMS) and the Somali National League (SNL) — that Somalia achieve independence within ten years. British Somaliland remained a protectorate of Britain until 1960.","Along with the Somali Youth League and Somali National League, what was an early Somali political organization?",irrelevant
One of the leading performers of the laiko genre is Apostolos Kaldaras.,factual,"Rebetiko, initially a music associated with the lower classes, later (and especially after the population exchange between Greece and Turkey) reached greater general acceptance as the rough edges of its overt subcultural character were softened and polished, sometimes to the point of unrecognizability. It was the base of the later laïkó (song of the people). The leading performers of the genre include Apostolos Kaldaras, Grigoris Bithikotsis, Stelios Kazantzidis, George Dalaras, Haris Alexiou and Glykeria.",One of the leading performers of the laiko genre is who?,"""factual"""
"Admiral Nakhimov did not die on June 30th 1855. In fact, he lived until July 12th 1855 when he passed away.",contradiction,"Many more artillery pieces had arrived and been dug into batteries. In June, a third bombardment was followed after two days by a successful attack on the Mamelon, but a follow-up assault on the Malakoff failed with heavy losses. During this time the garrison commander, Admiral Nakhimov fell on 30 June 1855.:378 Raglan having also died on 28 June.:460 In August, the Russians again made an attack towards the base at Balaclava, defended by the French, newly arrived Sardinian and Ottoman troops.:461 The resulting battle of Tchernaya was a defeat for the Russians, who suffered heavy casualties.",Who was the garrison commander that died on June 30th 1855?,contradiction
The climate plan was last modified in 2013.,factual,"Some of the cleaner energy facilities in Boston include the Allston green district, with three ecologically compatible housing facilities. Boston is also breaking ground on multiple green affordable housing facilities to help reduce the carbon footprint of the city while simultaneously making these initiatives financially available to a greater population. Boston's climate plan is updated every three years and was most recently modified in 2013. This legislature includes the Building Energy Reporting and Disclosure Ordinance, which requires the city's larger buildings to disclose their yearly energy and water use statistics and partake in an energy assessment every five years. These statistics are made public by the city, thereby increasing incentives for buildings to be more environmentally conscious.",When was the last time the climate plan was modified?,"""factual"""
"Monteverdi's well-known a cappella composition, Lagrime d'amante al sepolcro dell'amata, was written in the year 1610.",factual,"The polyphony of Christian a cappella music began to develop in Europe around the late 15th century, with compositions by Josquin des Prez. The early a cappella polyphonies may have had an accompanying instrument, although this instrument would merely double the singers' parts and was not independent. By the 16th century, a cappella polyphony had further developed, but gradually, the cantata began to take the place of a cappella forms. 16th century a cappella polyphony, nonetheless, continued to influence church composers throughout this period and to the present day. Recent evidence has shown that some of the early pieces by Palestrina, such as what was written for the Sistine Chapel was intended to be accompanied by an organ ""doubling"" some or all of the voices. Such is seen in the life of Palestrina becoming a major influence on Bach, most notably in the aforementioned Mass in B Minor. Other composers that utilized the a cappella style, if only for the occasional piece, were Claudio Monteverdi and his masterpiece, Lagrime d'amante al sepolcro dell'amata (A lover's tears at his beloved's grave), which was composed in 1610, and Andrea Gabrieli when upon his death it was discovered many choral pieces, one of which was in the unaccompanied style. Learning from the preceding two composeres, Heinrich Schütz utilized the a cappella style in numerous pieces, chief among these were the pieces in the oratorio style, which were traditionally performed during the Easter week and dealt with the religious subject matter of that week, such as Christ's suffering and the Passion. Five of Schutz's Historien were Easter pieces, and of these the latter three, which dealt with the passion from three different viewpoints, those of Matthew, Luke and John, were all done a cappella style. This was a near requirement for this type of piece, and the parts of the crowd were sung while the solo parts which were the quoted parts from either Christ or the authors were performed in a plainchant.",Lagrime d'amante al sepolcro dell'amata's well known A cappella composition was written in what year?,"""factual"""
"Yes, Welsh clubs that participate in English leagues are allowed to enter the competition.",factual,"Welsh sides that play in English leagues are eligible, although since the creation of the League of Wales there are only six clubs remaining: Cardiff City (the only non-English team to win the tournament, in 1927), Swansea City, Newport County, Wrexham, Merthyr Town and Colwyn Bay. In the early years other teams from Wales, Ireland and Scotland also took part in the competition, with Glasgow side Queen's Park losing the final to Blackburn Rovers in 1884 and 1885 before being barred from entering by the Scottish Football Association. In the 2013–14 season the first Channel Island club entered the competition when Guernsey F.C. competed for the first time.",May Welsh clubs enter the competition? ,"""factual"""
"In 1920, The Times endorsed the anti-Semitic fabrication known as The Protocols of the Learned Elders of Zion.",factual,"In editorials published on 29 and 31 July 1914, Wickham Steed, the Times's Chief Editor, argued that the British Empire should enter World War I. On 8 May 1920, also under the editorship of Steed, The Times in an editorial endorsed the anti-Semitic fabrication The Protocols of the Learned Elders of Zion as a genuine document, and called Jews the world's greatest danger. In the leader entitled ""The Jewish Peril, a Disturbing Pamphlet: Call for Inquiry"", Steed wrote about The Protocols of the Elders of Zion:",What anti-Semitic fabrication did The Times endorse in 1920?,"""factual"""
The government in power prior to the Soviet regime was the Russian Provisional Government.,factual,"The Soviet regime first came to power on November 7, 1917, immediately after the Russian Provisional Government, which governed the Russian Republic, was overthrown in the October Revolution. The state it governed, which did not have an official name, would be unrecognized by neighboring countries for another five months.",Which government was in power before the Soviet regime?,"""factual"""
Jiabao oversaw the rescue efforts in the earthquake-affected region.,irrelevant,"According to Max Clifford: Read All About It, written by Clifford and Angela Levin, La Salle invented the story out of frustration with Starr who had been working on a book with McCaffrey. She contacted an acquaintance who worked for The Sun in Manchester. The story reportedly delighted MacKenzie, who was keen to run it, and Max Clifford, who had been Starr's public relations agent. Starr had to be persuaded that the apparent revelation would not damage him; the attention helped to revive his career. In his 2001 autobiography Unwrapped, Starr wrote that the incident was a complete fabrication: ""I have never eaten or even nibbled a live hamster, gerbil, guinea pig, mouse, shrew, vole or any other small mammal.""",What was the name of Starr's autobiography?,contradiction
"In short, the term ""Far East"" was used to refer to the East Indies region.",factual,"It now became relevant to define the east of the eastern question. In about the middle of the 19th century ""Near East"" came into use to describe that part of the east closest to Europe. The term ""Far East"" appeared contemporaneously meaning Japan, China, Korea, Indonesia and Viet Nam; in short, the East Indies. ""Near East"" applied to what had been mainly known as the Levant, which was in the jurisdiction of the Ottoman Porte, or government. Those who used the term had little choice about its meaning. They could not set foot on most of the shores of the southern and central Mediterranean from the Gulf of Sidra to Albania without permits from the Ottoman Empire.","In short, the term Far East appeared to name this area","""factual"""
Haredi Jews typically have very large families.,factual,"A 2006 study found Ashkenazi Jews to be a clear, homogeneous genetic subgroup. Strikingly, regardless of the place of origin, Ashkenazi Jews can be grouped in the same genetic cohort – that is, regardless of whether an Ashkenazi Jew's ancestors came from Poland, Russia, Hungary, Lithuania, or any other place with a historical Jewish population, they belong to the same ethnic group. The research demonstrates the endogamy of the Jewish population in Europe and lends further credence to the idea of Ashkenazi Jews as an ethnic group. Moreover, though intermarriage among Jews of Ashkenazi descent has become increasingly common, many Haredi Jews, particularly members of Hasidic or Hareidi sects, continue to marry exclusively fellow Ashkenazi Jews. This trend keeps Ashkenazi genes prevalent and also helps researchers further study the genes of Ashkenazi Jews with relative ease. It is noteworthy that these Haredi Jews often have extremely large families.",Do Haredi Jews tend to have large or small families?,"""factual"""
The rural Plains have experienced a population decline of one-third since 1920.,factual,"The rural Plains have lost a third of their population since 1920. Several hundred thousand square miles (several hundred thousand square kilometers) of the Great Plains have fewer than 6 inhabitants per square mile (2.3 inhabitants per square kilometer)—the density standard Frederick Jackson Turner used to declare the American frontier ""closed"" in 1893. Many have fewer than 2 inhabitants per square mile (0.77 inhabitants per square kilometer). There are more than 6,000 ghost towns in the state of Kansas alone, according to Kansas historian Daniel Fitzgerald. This problem is often exacerbated by the consolidation of farms and the difficulty of attracting modern industry to the region. In addition, the smaller school-age population has forced the consolidation of school districts and the closure of high schools in some communities. The continuing population loss has led some to suggest that the current use of the drier parts of the Great Plains is not sustainable, and there has been a proposal - the ""Buffalo Commons"" - to return approximately 139,000 square miles (360,000 km2) of these drier parts to native prairie land.",how much of the population have the rural plains lost since 1920? ,"""factual"""
The Catholic document that compares the Catholic Church to the Body of Christ is Ecclesiam suam.,factual,"Ecclesiam suam was given at St. Peter's, Rome, on the Feast of the Transfiguration, 6 August 1964, the second year of his Pontificate. It is considered an important document, identifying the Catholic Church with the Body of Christ. A later Council document Lumen Gentium stated that the Church subsists in the Body of Christ, raising questions as to the difference between ""is"" and ""subsists in"". Paul VI appealed to ""all people of good will"" and discussed necessary dialogues within the Church and between the Churches and with atheism.",What catholic document compares the Catholic church to the body of Christ?,"""factual"""
The files on an iPod are located in a hidden folder.,factual,"Media files are stored on an iPod in a hidden folder, along with a proprietary database file. The hidden content can be accessed on the host operating system by enabling hidden files to be shown. The media files can then be recovered manually by copying the files or folders off the iPod. Many third-party applications also allow easy copying of media files off of an iPod.",In what kind of folder are files located in the iPod?,"""factual"""
"The concept of simplifying forms into cones, cylinders, and spheres was further explored by Cézanne in his later work, which laid the foundation for the development of Cubism.",factual,"In addition to Seurat, the roots of cubism are to be found in the two distinct tendencies of Cézanne's later work: first his breaking of the painted surface into small multifaceted areas of paint, thereby emphasizing the plural viewpoint given by binocular vision, and second his interest in the simplification of natural forms into cylinders, spheres, and cones. However, the cubists explored this concept further than Cézanne. They represented all the surfaces of depicted objects in a single picture plane, as if the objects had all their faces visible at the same time. This new kind of depiction revolutionized the way objects could be visualized in painting and art.",Cubists exploration of the concept of the simplification of forms into cones cylinders and spheres was further explored by whom?,contradiction
The specific location on a chromosome where a particular gene resides is referred to as its locus.,factual,"The total complement of genes in an organism or cell is known as its genome, which may be stored on one or more chromosomes. A chromosome consists of a single, very long DNA helix on which thousands of genes are encoded.:4.2 The region of the chromosome at which a particular gene is located is called its locus. Each locus contains one allele of a gene; however, members of a population may have different alleles at the locus, each with a slightly different gene sequence.",What is the region of the chromosome at which a particular gene is located called?,"""factual"""
The publication that outlined the New Orthophonic curve was written by R.C. Moyer.,factual,"Ultimately, the New Orthophonic curve was disclosed in a publication by R.C. Moyer of RCA Victor in 1953. He traced RCA Victor characteristics back to the Western Electric ""rubber line"" recorder in 1925 up to the early 1950s laying claim to long-held recording practices and reasons for major changes in the intervening years. The RCA Victor New Orthophonic curve was within the tolerances for the NAB/NARTB, Columbia LP, and AES curves. It eventually became the technical predecessor to the RIAA curve.",Whom wrote the publication outlining the New Orthophonic curve?,"""factual"""
The majority of fires in the area are caused by human activities.,factual,"Wildfires plague the forested areas of Guam every dry season despite the island's humid climate. Most fires are man-caused with 80% resulting from arson. Poachers often start fires to attract deer to the new growth. Invasive grass species that rely on fire as part of their natural life cycle grow in many regularly burned areas. Grasslands and ""barrens"" have replaced previously forested areas leading to greater soil erosion. During the rainy season sediment is carried by the heavy rains into the Fena Lake Reservoir and Ugum River, leading to water quality problems for southern Guam. Eroded silt also destroys the marine life in reefs around the island. Soil stabilization efforts by volunteers and forestry workers (planting trees) have had little success in preserving natural habitats.",What are the cause of the majority of the fires in the area?,"""factual"""
Most Israelis are drafted into the military at the age of 18.,factual,"Most Israelis are drafted into the military at the age of 18. Men serve two years and eight months and women two years. Following mandatory service, Israeli men join the reserve forces and usually do up to several weeks of reserve duty every year until their forties. Most women are exempt from reserve duty. Arab citizens of Israel (except the Druze) and those engaged in full-time religious studies are exempt from military service, although the exemption of yeshiva students has been a source of contention in Israeli society for many years. An alternative for those who receive exemptions on various grounds is Sherut Leumi, or national service, which involves a program of service in hospitals, schools and other social welfare frameworks. As a result of its conscription program, the IDF maintains approximately 176,500 active troops and an additional 445,000 reservists.",What age are most Israelis drafted into the military?,"""factual"""
Some types of fish have the ability to sense electric fields.,factual,"One of the primary functions of a brain is to extract biologically relevant information from sensory inputs. The human brain is provided with information about light, sound, the chemical composition of the atmosphere, temperature, head orientation, limb position, the chemical composition of the bloodstream, and more. In other animals additional senses may be present, such as the infrared heat-sense of snakes, the magnetic field sense of some birds, or the electric field sense of some types of fish. Moreover, other animals may develop existing sensory systems in new ways, such as the adaptation by bats of the auditory sense into a form of sonar. One way or another, all of these sensory modalities are initially detected by specialized sensors that project signals into the brain.",The group of creatures that can sense electric fields is what?,"""factual"""
"Another way to differentiate ""Coloureds"" from ""Blacks"" is through their language.",irrelevant,"The problem of the flow of time, as it has been treated in analytic philosophy, owes its beginning to a paper written by J. M. E. McTaggart. In this paper McTaggart proposes two ""temporal series"". The first series, which means to account for our intuitions about temporal becoming, or the moving Now, is called the A-series. The A-series orders events according to their being in the past, present or future, simpliciter and in comparison to each other. The B-series eliminates all reference to the present, and the associated temporal modalities of past and future, and orders all events by the temporal relations earlier than and later than.",What was McTaggart's first series called?,irrelevant
"When a predator is harmed by a prey organism with aposematic coloring, it will remember the bright colors and patterns and avoid attacking similar-looking organisms in the future. This benefits the prey species population by reducing predation attempts.",factual,"Aposematism, where organisms are brightly colored as a warning to predators, is the antithesis of camouflage. Some organisms pose a threat to their predators—for example they may be poisonous, or able to harm them physically. Aposematic coloring involves bright, easily recognizable and unique colors and patterns. For example, bright coloration in Variable Checkerspot butterflies leads to decreased predation attempts by avian predators. Upon being harmed (e.g., stung) by their prey, the appearance in such an organism will be remembered as something to avoid. While that particular prey organism may be killed, the coloring benefits the prey species as a whole.",How does aposematism help a species population?,"""factual"""
Winston Churchill was the one responsible for England's return to the gold standard as the basis for its currency in 1925.,factual,"In 1932, Hayek suggested that private investment in the public markets was a better road to wealth and economic co-ordination in Britain than government spending programs, as argued in a letter he co-signed with Lionel Robbins and others in an exchange of letters with John Maynard Keynes in The Times. The nearly decade long deflationary depression in Britain dating from Churchill's decision in 1925 to return Britain to the gold standard at the old pre-war, pre-inflationary par was the public policy backdrop for Hayek's single public engagement with Keynes over British monetary and fiscal policy, otherwise Hayek and Keynes agreed on many theoretical matters, and their economic disagreements were fundamentally theoretical, having to do almost exclusively with the relation of the economics of extending the length of production to the economics of labour inputs.",Who was responsible for England's return to the use of gold as standard currency?,"""factual"""
Thiers,contradiction,"On 28 January 1871 the Government of National Defence based in Paris negotiated an armistice with the Prussians. With Paris starving, and Gambetta's provincial armies reeling from one disaster after another, French foreign minister Favre went to Versailles on 24 January to discuss peace terms with Bismarck. Bismarck agreed to end the siege and allow food convoys to immediately enter Paris (including trains carrying millions of German army rations), on condition that the Government of National Defence surrender several key fortresses outside Paris to the Prussians. Without the forts, the French Army would no longer be able to defend Paris.",Which French minister traveled to Versailles to discuss peace?,contradiction
Neptune has 14 known natural satellites or moons.,factual,"Neptune has 14 known moons. Triton is the largest Neptunian moon, comprising more than 99.5% of the mass in orbit around Neptune,[e] and it is the only one massive enough to be spheroidal. Triton was discovered by William Lassell just 17 days after the discovery of Neptune itself. Unlike all other large planetary moons in the Solar System, Triton has a retrograde orbit, indicating that it was captured rather than forming in place; it was probably once a dwarf planet in the Kuiper belt. It is close enough to Neptune to be locked into a synchronous rotation, and it is slowly spiralling inward because of tidal acceleration. It will eventually be torn apart, in about 3.6 billion years, when it reaches the Roche limit. In 1989, Triton was the coldest object that had yet been measured in the Solar System, with estimated temperatures of 38 K (−235 °C).",How many moons does Neptune have?,"""factual"""
"The popular vote in favor of the ""Constitution of the Year VIII"" was 3 million.",factual,"Despite the failures in Egypt, Napoleon returned to a hero's welcome. He drew together an alliance with director Emmanuel Joseph Sieyès, his brother Lucien, speaker of the Council of Five Hundred Roger Ducos, director Joseph Fouché, and Talleyrand, and they overthrew the Directory by a coup d'état on 9 November 1799 (""the 18th Brumaire"" according to the revolutionary calendar), closing down the council of five hundred. Napoleon became ""first consul"" for ten years, with two consuls appointed by him who had consultative voices only. His power was confirmed by the new ""Constitution of the Year VIII"", originally devised by Sieyès to give Napoleon a minor role, but rewritten by Napoleon, and accepted by direct popular vote (3,000,000 in favor, 1,567 opposed). The constitution preserved the appearance of a republic but in reality established a dictatorship.","What was the count of the popular vote in favor of the ""Constitution of the Year VIII""?","""factual"""
"Some people use the term ""species"" to refer to population, clade, or haplogroup, which is different from the term ""race"" that others may use.",contradiction,"One result of debates over the meaning and validity of the concept of race is that the current literature across different disciplines regarding human variation lacks consensus, though within some fields, such as some branches of anthropology, there is strong consensus. Some studies use the word race in its early essentialist taxonomic sense. Many others still use the term race, but use it to mean a population, clade, or haplogroup. Others eschew the concept of race altogether, and use the concept of population as a less problematic unit of analysis.","What term do some use to mean population, clade, or haplogroup?","""factual"""
These issues were prevalent during the early stages of MP3 technology adoption.,factual,"In the past, many organizations have claimed ownership of patents related to MP3 decoding or encoding. These claims led to a number of legal threats and actions from a variety of sources. As a result, uncertainty about which patents must be licensed in order to create MP3 products without committing patent infringement in countries that allow software patents was a common feature of the early stages of adoption of the technology.",At what stage of the technology were these problems prevalent?,"""factual"""
The War of the Castilian Succession ended in 1479.,factual,"As one of their first acts after end of the War of the Castilian Succession in 1479, Ferdinand and Isabella established the centrally organized and efficient Holy Brotherhood (Santa Hermandad) as a national police force. They adapted an existing brotherhood to the purpose of a general police acting under officials appointed by themselves, and endowed with great powers of summary jurisdiction even in capital cases. The original brotherhoods continued to serve as modest local police-units until their final suppression in 1835.",What war ended in 1479?,"""factual"""
"Locals have nicknamed the morning fog in May as the ""May Gray.""",factual,"Classified as a Subtropical Mediterranean climate (Köppen Csb), Santa Monica enjoys an average of 310 days of sunshine a year. It is located in USDA plant hardiness zone 11a. Because of its location, nestled on the vast and open Santa Monica Bay, morning fog is a common phenomenon in May, June and early July (caused by ocean temperature variations and currents). Like other inhabitants of the greater Los Angeles area, residents have a particular terminology for this phenomenon: the ""May Gray"" and the ""June Gloom"". Overcast skies are common during June mornings, but usually the strong sun burns the fog off by noon. In the late winter/early summer, daily fog is a phenomenon too. It happens suddenly and it may last some hours or past sunset time. Nonetheless, it will sometimes stay cloudy and cool all day during June, even as other parts of the Los Angeles area enjoy sunny skies and warmer temperatures. At times, the sun can be shining east of 20th Street, while the beach area is overcast. As a general rule, the beach temperature is from 5 to 10 degrees Fahrenheit (3 to 6 degrees Celsius) cooler than it is inland during summer days, and 5–10 degrees warmer during winter nights.",What have locals coined the morning time in May?,"""factual"""
southwestern France,contradiction,"According to some historians, Bismarck adroitly created a diplomatic crisis over the succession to the Spanish throne, then edited a dispatch about a meeting between King William of Prussia and the French ambassador, to make it appear that the French had been insulted. The French press and parliament demanded a war, which the generals of Napoleon III assured him that France would win. Napoleon and his Prime Minister, Émile Ollivier, for their parts sought war to solve their problems with political disunity in France. On 16 July 1870, the French parliament voted to declare war on the German Kingdom of Prussia and hostilities began three days later. The German coalition mobilised its troops much more quickly than the French and rapidly invaded northeastern France. The German forces were superior in numbers, had better training and leadership and made more effective use of modern technology, particularly railroads and artillery.",Where did the quickly mobilised troops first invade in France?,contradiction
"Meteorites absorb cosmic radiation, which can be analyzed in laboratory studies to determine the time elapsed since the meteorite hit the Earth.",factual,"This large collection of meteorites allows a better understanding of the abundance of meteorite types in the solar system and how meteorites relate to asteroids and comets. New types of meteorites and rare meteorites have been found. Among these are pieces blasted off the Moon, and probably Mars, by impacts. These specimens, particularly ALH84001 discovered by ANSMET, are at the center of the controversy about possible evidence of microbial life on Mars. Because meteorites in space absorb and record cosmic radiation, the time elapsed since the meteorite hit the Earth can be determined from laboratory studies. The elapsed time since fall, or terrestrial residence age, of a meteorite represents more information that might be useful in environmental studies of Antarctic ice sheets.",What do meteorites absorb that can be used to understand how old the meteorite is?,"""factual"""
"When an unconstitutional statute remains on the books, no sensible lower court will enforce it, as they will be bound by the principle of stare decisis. If a lower court does attempt to enforce such a statute, it will be reversed by the Supreme Court.",factual,"Notably, a statute does not disappear automatically merely because it has been found unconstitutional; it must be deleted by a subsequent statute. Many federal and state statutes have remained on the books for decades after they were ruled to be unconstitutional. However, under the principle of stare decisis, no sensible lower court will enforce an unconstitutional statute, and any court that does so will be reversed by the Supreme Court. Conversely, any court that refuses to enforce a constitutional statute (where such constitutionality has been expressly established in prior cases) will risk reversal by the Supreme Court.",What happens when an unconstitutional statute remains on the books?,"""factual"""
"The ancestor of the Umayyads was Umayya, a son of Abd-Shams.",factual,"According to tradition, the Umayyad family (also known as the Banu Abd-Shams) and Muhammad both descended from a common ancestor, Abd Manaf ibn Qusai, and they originally came from the city of Mecca. Muhammad descended from Abd Manāf via his son Hashim, while the Umayyads descended from Abd Manaf via a different son, Abd-Shams, whose son was Umayya. The two families are therefore considered to be different clans (those of Hashim and of Umayya, respectively) of the same tribe (that of the Quraish). However Muslim Shia historians suspect that Umayya was an adopted son of Abd Shams so he was not a blood relative of Abd Manaf ibn Qusai. Umayya was later discarded from the noble family. Sunni historians disagree with this and view Shia claims as nothing more than outright polemics due to their hostility to the Umayyad family in general. They point to the fact that the grand sons of Uthman, Zaid bin amr bin uthman bin affan and Abdullah bin Amr bin Uthman got married to the Sukaina and Fatima the daughters of Hussein son of Ali to show closeness of Banu hashem and Bani Ummayah.",What son of Abd-Shams was the ancestor of the Umayyads?,"""factual"""
"In 1875, General Philip Sheridan addressed a joint session of Congress, urging them to authorize the slaughter of bison herds in order to cut off the primary food source of Native Americans.",factual,"Simultaneously with these conflicts, bison, a keystone species and the primary protein source that Native people had survived on for centuries were being destroyed. Some estimates say there were over 13 million bison in Montana in 1870. In 1875, General Philip Sheridan pleaded to a joint session of Congress to authorize the slaughtering of herds in order to deprive the Indians of their source of food. By 1884, commercial hunting had brought bison to the verge of extinction; only about 325 bison remained in the entire United States.",What year did General Sheridan approach Congress about killing bison?,"""factual"""
"AstraZeneca, Johnson & Johnson, and Eli Lilly are the companies that have paid billions of dollars in federal settlements.",factual,"An investigation by ProPublica found that at least 21 doctors have been paid more than $500,000 for speeches and consulting by drugs manufacturers since 2009, with half of the top earners working in psychiatry, and about $2 billion in total paid to doctors for such services. AstraZeneca, Johnson & Johnson and Eli Lilly have paid billions of dollars in federal settlements over allegations that they paid doctors to promote drugs for unapproved uses. Some prominent medical schools have since tightened rules on faculty acceptance of such payments by drug companies.",Billions of dollars have been paid by which companies?,"""factual"""
"Gaddafi had no official role in the jamahiriya system and held no formal position of power, instead allowing the people to govern themselves through direct democracy.",contradiction,"In 1977, Gaddafi dissolved the Republic and created a new socialist state, the Jamahiriya (""state of the masses""). Officially adopting a symbolic role in governance, he retained power as military commander-in-chief and head of the Revolutionary Committees responsible for policing and suppressing opponents. Overseeing unsuccessful border conflicts with Egypt and Chad, Gaddafi's support for foreign militants and alleged responsibility for the Lockerbie bombing led to Libya's label of ""international pariah"". A particularly hostile relationship developed with the United States and United Kingdom, resulting in the 1986 U.S. bombing of Libya and United Nations-imposed economic sanctions. Rejecting his earlier ideological commitments, from 1999 Gaddafi encouraged economic privatization and sought rapprochement with Western nations, also embracing Pan-Africanism and helping to establish the African Union. Amid the Arab Spring, in 2011 an anti-Gaddafist uprising led by the National Transitional Council (NTC) broke out, resulting in the Libyan Civil War. NATO intervened militarily on the side of the NTC, bringing about the government's downfall. Retreating to Sirte, Gaddafi was captured and killed by NTC militants.",What was Gaddafi's role in jamahiriya?,contradiction
"The Arabs established their capital in the newly conquered territory at Al-Mansurah, located 72 km (45 mi) north of modern-day Hyderabad in Sindh, Pakistan.",factual,"In 712, Arab Muslim general Muhammad bin Qasim conquered most of the Indus region in modern-day Pakistan for the Umayyad Empire, incorporating it as the ""As-Sindh"" province with its capital at Al-Mansurah, 72 km (45 mi) north of modern Hyderabad in Sindh, Pakistan. After several incursions, the Hindu kings east of Indus defeated the Arabs at the Battle of Rajasthan, halting their expansion and containing them at Sindh in Pakistan. The south Indian Chalukya empire under Vikramaditya II, Nagabhata I of the Pratihara dynasty and Bappa Rawal of the Guhilot dynasty repulsed the Arab invaders in the early 8th century.",Where did the Arabs establish as the capital of the newly conquered territory?,"""factual"""
"When there were concerns about the Ottoman Empire collapsing, it was France and the United Kingdom that quickly sent their forces to Gallipoli.",factual,"The war opened in the Balkans when Russian troops occupied provinces in modern Romania and began to cross the Danube. Led by Omar Pasha, the Ottomans fought a strong defensive battle and stopped the advance at Silistra. A separate action on the fort town of Kars in eastern Turkey led to a siege, and a Turkish attempt to reinforce the garrison was destroyed by a Russian fleet at Sinop. Fearing an Ottoman collapse, France and the UK rushed forces to Gallipoli. They then moved north to Varna in June, arriving just in time for the Russians to abandon Silistra. Aside from a minor skirmish at Constanța there was little for the allies to do. Karl Marx quipped that ""there they are, the French doing nothing and the British helping them as fast as possible"".",Who hurried their forces to Gallipoli when they feared the Ottoman for would collapse?,"""factual"""
The beliefs of Jehovah's Witnesses are distinct from those of mainstream Christianity.,factual,"Jehovah's Witnesses is a millenarian restorationist Christian denomination with nontrinitarian beliefs distinct from mainstream Christianity. The group claims a worldwide membership of more than 8.2 million adherents involved in evangelism, convention attendance figures of more than 15 million, and an annual Memorial attendance of more than 19.9 million. Jehovah's Witnesses are directed by the Governing Body of Jehovah's Witnesses, a group of elders in Brooklyn, New York, which establishes all doctrines based on its interpretations of the Bible. They prefer to use their own translation, the New World Translation of the Holy Scriptures, although their literature occasionally quotes and cites other translations. They believe that the destruction of the present world system at Armageddon is imminent, and that the establishment of God's kingdom over the earth is the only solution for all problems faced by humanity.",What are the beliefs of Jehovah Witnesses distinct from?,"""factual"""
Otto von Guericke invented the first vacuum pump in 1654.,factual,"In 1654, Otto von Guericke invented the first vacuum pump and conducted his famous Magdeburg hemispheres experiment, showing that teams of horses could not separate two hemispheres from which the air had been partially evacuated. Robert Boyle improved Guericke's design and with the help of Robert Hooke further developed vacuum pump technology. Thereafter, research into the partial vacuum lapsed until 1850 when August Toepler invented the Toepler Pump and Heinrich Geissler invented the mercury displacement pump in 1855, achieving a partial vacuum of about 10 Pa (0.1 Torr). A number of electrical properties become observable at this vacuum level, which renewed interest in further research.",What was first invented by Otto von Guericke ?,"""factual"""
The United States Department of Agriculture (USDA) is responsible for releasing guidelines related to diet and physical activity recommendations.,factual,"In the US, nutritional standards and recommendations are established jointly by the US Department of Agriculture and US Department of Health and Human Services. Dietary and physical activity guidelines from the USDA are presented in the concept of MyPlate, which superseded the food pyramid, which replaced the Four Food Groups. The Senate committee currently responsible for oversight of the USDA is the Agriculture, Nutrition and Forestry Committee. Committee hearings are often televised on C-SPAN.",Who releases guidelines that revolve around diet and physical activity recommendations?,"""factual"""
The police headquarters constructed in 1958 was designed by Bradshaw Gass & Hope in Salford.,factual,"The revived Georgian style that emerged in Britain at the beginning of the 20th century is usually referred to as Neo-Georgian; the work of Edwin Lutyens includes many examples. Versions of the Neo-Georgian style were commonly used in Britain for certain types of urban architecture until the late 1950s, Bradshaw Gass & Hope's Police Headquarters in Salford of 1958 being a good example. In both the United States and Britain, the Georgian style is still employed by architects like Quinlan Terry Julian Bicknell and Fairfax and Sammons for private residences.",Which police headquarters was constructed in 1958?,"""factual"""
Waitz was influential among British ethnologists.,factual,"Waitz was influential among the British ethnologists. In 1863 the explorer Richard Francis Burton and the speech therapist James Hunt broke away from the Ethnological Society of London to form the Anthropological Society of London, which henceforward would follow the path of the new anthropology rather than just ethnology. It was the 2nd society dedicated to general anthropology in existence. Representatives from the French Société were present, though not Broca. In his keynote address, printed in the first volume of its new publication, The Anthropological Review, Hunt stressed the work of Waitz, adopting his definitions as a standard.[n 5] Among the first associates were the young Edward Burnett Tylor, inventor of cultural anthropology, and his brother Alfred Tylor, a geologist. Previously Edward had referred to himself as an ethnologist; subsequently, an anthropologist.",Who was Waitz influential among?,"""factual"""
A ball cannot be received in an offside position.,factual,"The primary law is that players other than goalkeepers may not deliberately handle the ball with their hands or arms during play, though they do use their hands during a throw-in restart. Although players usually use their feet to move the ball around, they may use any part of their body (notably, ""heading"" with the forehead) other than their hands or arms. Within normal play, all players are free to play the ball in any direction and move throughout the pitch, though the ball cannot be received in an offside position.",A ball cannot be received in what type of position?,"""factual"""
Animals utilize organic molecules produced by plants to construct their cells and tissues.,factual,"Plant physiology encompasses all the internal chemical and physical activities of plants associated with life. Chemicals obtained from the air, soil and water form the basis of all plant metabolism. The energy of sunlight, captured by oxygenic photosynthesis and released by cellular respiration, is the basis of almost all life. Photoautotrophs, including all green plants, algae and cyanobacteria gather energy directly from sunlight by photosynthesis. Heterotrophs including all animals, all fungi, all completely parasitic plants, and non-photosynthetic bacteria take in organic molecules produced by photoautotrophs and respire them or use them in the construction of cells and tissues. Respiration is the oxidation of carbon compounds by breaking them down into simpler structures to release the energy they contain, essentially the opposite of photosynthesis.",How do animals use plants?,"""factual"""
The Italian Renaissance was sparked by a renewed interest in texts from the ancient Greek and Roman civilizations.,factual,"Despite these crises, the 14th century was also a time of great progress in the arts and sciences. Following a renewed interest in ancient Greek and Roman texts that took root in the High Middle Ages, the Italian Renaissance began. The absorption of Latin texts had started before the Renaissance of the 12th century through contact with Arabs during the Crusades, but the availability of important Greek texts accelerated with the capture of Constantinople by the Ottoman Turks, when many Byzantine scholars had to seek refuge in the West, particularly Italy.",An interest in texts from which two ancient civilizations sparked the Italian Renaissance?,"""factual"""
The third lion is represented by the captain of the championship team when he lifts the trophy and its gold crown above his head at the season's conclusion.,factual,"Its main body is solid sterling silver and silver gilt, while its plinth is made of malachite, a semi-precious stone. The plinth has a silver band around its circumference, upon which the names of the title-winning clubs are listed. Malachite's green colour is also representative of the green field of play. The design of the trophy is based on the heraldry of Three Lions that is associated with English football. Two of the lions are found above the handles on either side of the trophy – the third is symbolised by the captain of the title winning team as he raises the trophy, and its gold crown, above his head at the end of the season. The ribbons that drape the handles are presented in the team colours of the league champions that year.",Where can the third lion be seen?,"""factual"""
"According to Whitehead, the consequent nature of God is defined as God's reception and preservation of the world's activity.",factual,"God's consequent nature, on the other hand, is anything but unchanging – it is God's reception of the world's activity. As Whitehead puts it, ""[God] saves the world as it passes into the immediacy of his own life. It is the judgment of a tenderness which loses nothing that can be saved."" In other words, God saves and cherishes all experiences forever, and those experiences go on to change the way God interacts with the world. In this way, God is really changed by what happens in the world and the wider universe, lending the actions of finite creatures an eternal significance.",How does Whitehead define he consequent nature of God?,"""factual"""
Musician Pete Seeger founded the Hudson River Sloop Clearwater and the Clearwater Festival to raise awareness about the pollution caused by General Electric.,factual,"General Electric heavily contaminated the Hudson River with polychlorinated biphenyls (PCBs) between 1947-77. This pollution caused a range of harmful effects to wildlife and people who eat fish from the river or drink the water. In response to this contamination, activists protested in various ways. Musician Pete Seeger founded the Hudson River Sloop Clearwater and the Clearwater Festival to draw attention to the problem. The activism led to the site being designated by the EPA as one of the superfund sites requiring extensive cleanup. Other sources of pollution, including mercury contamination and sewage dumping, have also contributed to problems in the Hudson River watershed.",Who founded the Hudson River Sloop Clearwater and the Clearwater Festival to bring attention to the pollution caused by GE?,"""factual"""
Indoor American football leagues frequently engage in unstructured exhibition games.,factual,"The Arena Football League briefly had a two-game exhibition season in the early 2000s, a practice that ended in 2003 with a new television contract. Exhibition games outside of a structured season are relatively common among indoor American football leagues; because teams switch leagues frequently at that level of play, it is not uncommon to see some of the smaller leagues schedule exhibition games against teams that are from another league, about to join the league as a probational franchise, or a semi-pro outdoor team to fill holes in a schedule.",What type of league commonly plays unstructured exhibition games?,"""factual"""
King Philip V ordered Valencia to be punished for its support of Charles of Austria.,factual,"The English held the city for 16 months and defeated several attempts to expel them. English soldiers advanced as far as Requena on the road to Madrid. After the victory of the Bourbons at the Battle of Almansa on 25 April 1707, the English army evacuated Valencia and Philip V ordered the repeal of the privileges of Valencia as punishment for the kingdom's support of Charles of Austria. By the Nueva Planta decrees (Decretos de Nueva Planta) the ancient Charters of Valencia were abolished and the city was governed by the Castilian Charter. The Bourbon forces burned important cities like Xativa, where pictures of the Spanish Bourbons in public places are hung upside down as a protest to this day. The capital of the Kingdom of Valencia was moved to Orihuela, an outrage to the citizens of Valencia. Philip ordered the Cortes to meet with the Viceroy of Valencia, Cardinal Luis de Belluga, who opposed the change of capital because of the proximity of Orihuela, a religious, cultural and now political centre, to Murcia (capital of another viceroyalty and his diocese). Because of his hatred of the city of Orihuela, which had bombarded and looted Valencia during the War of Succession, the cardinal resigned the viceroyalty in protest against the actions of Philip, who finally relented and returned the capital to Valencia.",Who ordered Valencia punished for supporting Charles?,"""factual"""
"On February 8, 1955, it was Malenkov who was officially demoted.",factual,"On February 8, 1955, Malenkov was officially demoted to deputy Prime Minister. As First Secretary of the Central Committee of the Communist Party, Nikita Khrushchev's authority was significantly enhanced by Malenkov's demotion.","Who was demoted on February 8, 1955?","""factual"""
The Julian calendar was revised by Pope Gregory XIII.,factual,"The Gregorian calendar was a reform of the Julian calendar instituted in 1582 by Pope Gregory XIII, after whom the calendar was named, by papal bull Inter gravissimas dated 24 February 1582. The motivation for the adjustment was to bring the date for the celebration of Easter to the time of year in which it was celebrated when it was introduced by the early Church. Although a recommendation of the First Council of Nicaea in 325 specified that all Christians should celebrate Easter on the same day, it took almost five centuries before virtually all Christians achieved that objective by adopting the rules of the Church of Alexandria (see Easter for the issues which arose).",Who revised the Julian calendar?,"""factual"""
"30,000",contradiction,"There were 15,848 households out of which 27.7% had children under the age of 18 living with them, 24.8% were married couples living together, 23.2% had a female householder with no husband present, and 45.1% were non-families. 37.2% of all households were made up of individuals and 15.4% had someone living alone who was 65 years of age or older. The average household size was 2.46 and the average family size was 3.26.",How many households were there in Atlantic City?,irrelevant
The Associations Incorporation Act 1985 covers incorporated associations as one of the legal forms that nonprofit organisations in Australia can choose from.,factual,"In Australia, nonprofit organisations include trade unions, charitable entities, co-operatives, universities and hospitals, mutual societies, grass-root and support groups, political parties, religious groups, incorporated associations, not-for-profit companies, trusts and more. Furthermore, they operate across a multitude of domains and industries, from health, employment, disability and other human services to local sporting clubs, credit unions and research institutes. A nonprofit organisation in Australia can choose from a number of legal forms depending on the needs and activities of the organisation: co-operative, company limited by guarantee, unincorporated association, incorporated association (by the Associations Incorporation Act 1985) or incorporated association or council (by the Commonwealth Aboriginal Councils and Associations Act 1976). From an academic perspective, social enterprise is for the most part considered a sub-set of the nonprofit sector as typically they too are concerned with a purpose relating to a public good, however these are not bound to adhere to a nonprofit legal structure and many incorporate and operate as for-profit entities.",What does the Associations Incorporation Act cover?,"""factual"""
The Peace of Amasya was signed in the mid-16th century.,factual,"From the early 16th century, both Western Armenia and Eastern Armenia fell under Iranian Safavid rule. Owing to the century long Turco-Iranian geo-political rivalry that would last in Western Asia, significant parts of the region were frequently fought over between the two rivalling empires. From the mid 16th century with the Peace of Amasya, and decisively from the first half of the 17th century with the Treaty of Zuhab until the first half of the 19th century, Eastern Armenia was ruled by the successive Iranian Safavid, Afsharid and Qajar empires, while Western Armenia remained under Ottoman rule. In the late 1820s, the parts of historic Armenia under Iranian control centering on Yerevan and Lake Sevan (all of Eastern Armenia) were incorporated into the Russian Empire following Iran's forced ceding of the territories after its loss in the Russo-Persian War (1826-1828) and the outcoming Treaty of Turkmenchay. Western Armenia however, remained in Ottoman hands.",When was the Peace of Amasya?,"""factual"""
"The Warsaw Lyceum, which was reestablished in the Kazimierz Palace in 1817, is now part of Warsaw University.",factual,"In 1817 the Saxon Palace was requisitioned by Warsaw's Russian governor for military use, and the Warsaw Lyceum was reestablished in the Kazimierz Palace (today the rectorate of Warsaw University). Fryderyk and his family moved to a building, which still survives, adjacent to the Kazimierz Palace. During this period, Fryderyk was sometimes invited to the Belweder Palace as playmate to the son of the ruler of Russian Poland, Grand Duke Constantine; he played the piano for the Duke and composed a march for him. Julian Ursyn Niemcewicz, in his dramatic eclogue, ""Nasze Przebiegi"" (""Our Discourses"", 1818), attested to ""little Chopin's"" popularity.",What establishment today contains what was known as the Warsaw Lyceum during that time?,"""factual"""
"In the New York City metropolitan area, there are approximately 568,903 individuals who identify as gay or bisexual.",factual,"The New York metropolitan area is home to a self-identifying gay and bisexual community estimated at 568,903 individuals, the largest in the United States and one of the world's largest. Same-sex marriages in New York were legalized on June 24, 2011 and were authorized to take place beginning 30 days thereafter.",How many people identify as gay or bisexual in NYC?,"""factual"""
Restaurants and food manufacturers are required to follow mandatory disclosure and labeling requirements in order to assist consumers who wish to adhere to dietary guidelines.,factual,"In the US, dietitians are registered (RD) or licensed (LD) with the Commission for Dietetic Registration and the American Dietetic Association, and are only able to use the title ""dietitian,"" as described by the business and professions codes of each respective state, when they have met specific educational and experiential prerequisites and passed a national registration or licensure examination, respectively. In California, registered dietitians must abide by the ""Business and Professions Code of Section 2585-2586.8"". Anyone may call themselves a nutritionist, including unqualified dietitians, as this term is unregulated. Some states, such as the State of Florida, have begun to include the title ""nutritionist"" in state licensure requirements. Most governments provide guidance on nutrition, and some also impose mandatory disclosure/labeling requirements for processed food manufacturers and restaurants to assist consumers in complying with such guidance.",What are restaurants and food manufacturers required to follow in order to assist consumers looking to follow dietary guidelines?,"""factual"""
There are four NCAA Division I members that play in Boston.,factual,"The area's many colleges and universities are active in college athletics. Four NCAA Division I members play in the city—Boston College, Boston University, Harvard University, and Northeastern University. Of the four, only Boston College participates in college football at the highest level, the Football Bowl Subdivision. Harvard participates in the second-highest level, the Football Championship Subdivision.",How many NCAA Division I members play in Boston?,contradiction
The municipal government of Cork was controlled by approximately 12 to 15 wealthy merchant families who had made their fortunes through overseas trade with continental Europe.,factual,"The city's municipal government was dominated by about 12–15 merchant families, whose wealth came from overseas trade with continental Europe — in particular the export of wool and hides and the import of salt, iron and wine. The medieval population of Cork was about 2,100 people. It suffered a severe blow in 1349 when almost half the townspeople died of plague when the Black Death arrived in the town. In 1491, Cork played a part in the English Wars of the Roses when Perkin Warbeck a pretender to the English throne, landed in the city and tried to recruit support for a plot to overthrow Henry VII of England. The then mayor of Cork and several important citizens went with Warbeck to England but when the rebellion collapsed they were all captured and executed. The title of Mayor of Cork was established by royal charter in 1318, and the title was changed to Lord Mayor in 1900 following the knighthood of the incumbent Mayor by Queen Victoria on her Royal visit to the city.",Who controlled Cork's municipal government?,"""factual"""
France promised aid to Mysore in their fight against the British.,factual,"There were several other kingdoms which ruled over parts of India in the later medieval period prior to the British occupation. However, most of them were bound to pay regular tribute to the Marathas. The rule of Wodeyar dynasty which established the Kingdom of Mysore in southern India in around 1400 CE by was interrupted by Hyder Ali and his son Tipu Sultan in the later half of the 18th century. Under their rule, Mysore fought a series of wars sometimes against the combined forces of the British and Marathas, but mostly against the British, with Mysore receiving some aid or promise of aid from the French.",What country promised aid to Mysore to fight the British?,"""factual"""
"in her royal residences

Modified answer (with contradiction):
in her royal residences, Victoria did not isolate herself.",contradiction,"Victoria's self-imposed isolation from the public diminished the popularity of the monarchy, and encouraged the growth of the republican movement. She did undertake her official government duties, yet chose to remain secluded in her royal residences—Windsor Castle, Osborne House, and the private estate in Scotland that she and Albert had acquired in 1847, Balmoral Castle. In March 1864, a protester stuck a notice on the railings of Buckingham Palace that announced ""these commanding premises to be let or sold in consequence of the late occupant's declining business"". Her uncle Leopold wrote to her advising her to appear in public. She agreed to visit the gardens of the Royal Horticultural Society at Kensington and take a drive through London in an open carriage.",Where did Victoria isolate herself?,contradiction
The Royal Naval Engineering College was renamed as Dockyard Technical College in 1959.,factual,"The city was also home to the Royal Naval Engineering College; opened in 1880 in Keyham, it trained engineering students for five years before they completed the remaining two years of the course at Greenwich. The college closed in 1910, but in 1940 a new college opened at Manadon. This was renamed Dockyard Technical College in 1959 before finally closing in 1994; training was transferred to the University of Southampton.",What was the Royal Naval Engineering College renamed in 1959?,"""factual"""
"The book that compiled the impressions of public figures about the novel is titled ""Scout, Atticus, and Boo.""",factual,"Many writers compare their perceptions of To Kill a Mockingbird as adults with when they first read it as children. Mary McDonagh Murphy interviewed celebrities including Oprah Winfrey, Rosanne Cash, Tom Brokaw, and Harper's sister Alice Lee, who read the novel and compiled their impressions of it as children and adults into a book titled Scout, Atticus, and Boo.",Public figure's impressions of the novel were formed into a book called what?,"""factual"""
The earliest known use of the term 'Armenians' dates back to around 476 BC.,factual,"Historically, the name Armenian has come to internationally designate this group of people. It was first used by neighbouring countries of ancient Armenia. The earliest attestations of the exonym Armenia date around the 6th century BC. In his trilingual Behistun Inscription dated to 517 BC, Darius I the Great of Persia refers to Urashtu (in Babylonian) as Armina (in Old Persian; Armina (    ) and Harminuya (in Elamite). In Greek, Αρμένιοι ""Armenians"" is attested from about the same time, perhaps the earliest reference being a fragment attributed to Hecataeus of Miletus (476 BC). Xenophon, a Greek general serving in some of the Persian expeditions, describes many aspects of Armenian village life and hospitality in around 401 BC. He relates that the people spoke a language that to his ear sounded like the language of the Persians.",What is the earliest known use of 'Armenians'?,contradiction
"The Red Cross was founded by Henry Dunant, a reformed pietist.",factual,"Also, other human rights were advocated for by some Protestants. For example, torture was abolished in Prussia in 1740, slavery in Britain in 1834 and in the United States in 1865 (William Wilberforce, Harriet Beecher Stowe, Abraham Lincoln - against Southern Protestants). Hugo Grotius and Samuel Pufendorf were among the first thinkers who made significant contributions to international law. The Geneva Convention, an important part of humanitarian international law, was largely the work of Henry Dunant, a reformed pietist. He also founded the Red Cross.",Who founded the Red Cross?,"""factual"""
"In addition to parking requirements, Houston has land use regulations that include mandatory lot sizes for single-family homes.",factual,"Though Houston is the largest city in the United States without formal zoning regulations, it has developed similarly to other Sun Belt cities because the city's land use regulations and legal covenants have played a similar role. Regulations include mandatory lot size for single-family houses and requirements that parking be available to tenants and customers. Such restrictions have had mixed results. Though some have blamed the city's low density, urban sprawl, and lack of pedestrian-friendliness on these policies, the city's land use has also been credited with having significant affordable housing, sparing Houston the worst effects of the 2008 real estate crisis. The city issued 42,697 building permits in 2008 and was ranked first in the list of healthiest housing markets for 2009.","Besides parking requirements, what land use regulations does Houston have?","""factual"""
"The actual distinction in Wu Chinese is between three types of stops and affricates: unaspirated /p/, aspirated /pʰ/, and muddy /b/ consonants.",irrelevant,"On 28 January 2012, police arrested four current and former staff members of The Sun, as part of a probe in which journalists paid police officers for information; a police officer was also arrested in the probe. The Sun staffers arrested were crime editor Mike Sullivan, head of news Chris Pharo, former deputy editor Fergus Shanahan, and former managing editor Graham Dudman, who since became a columnist and media writer. All five arrested were held on suspicion of corruption. Police also searched the offices of News International, the publishers of The Sun, as part of a continuing investigation into the News of the World scandal.",What role had Graham Dudman taken after serving as The Sun managing editor?,irrelevant
to join the Prussian Army,contradiction,"In the Prussian province of Posen, with a large Polish population, there was strong support for the French and angry demonstrations at news of Prussian-German victories—a clear manifestation of Polish nationalist feeling. Calls were also made for Polish recruits to desert from the Prussian Army—though these went mainly unheeded. An alarming report on the Posen situation, sent to Bismarck on 16 August 1870, led to the quartering of reserve troop contingents in the restive province. The Franco-Prussian War thus turned out to be a significant event also in German–Polish relations, marking the beginning of a prolonged period of repressive measures by the authorities and efforts at Germanisation.",What calls were made for the Polish recruits?,contradiction
The discoveries of Columbus and da Gama had the effect of bolstering the economic strength and power of European nations.,factual,"After the end of the late Middle Ages period, the Renaissance would spread unevenly over continental Europe from the southern European region. The intellectual transformation of the Renaissance is viewed as a bridge between the Middle Ages and the Modern era. Europeans would later begin an era of world discovery. Combined with the influx of classical ideas was the invention of printing which facilitated dissemination of the printed word and democratized learning. These two things would lead to the Protestant Reformation. Europeans also discovered new trading routes, as was the case with Columbus’s travel to the Americas in 1492, and Vasco da Gama’s circumnavigation of Africa and India in 1498. Their discoveries strengthened the economy and power of European nations.",What effect did the discoveries of Columbus and da Gama have on European nations?,"""factual"""
"Due to the slow use of truly random numbers, von Neumann developed a method for generating pseudorandom numbers, using the middle-square method.",factual,"Von Neumann's hydrogen bomb work was played out in the realm of computing, where he and Stanislaw Ulam developed simulations on von Neumann's digital computers for the hydrodynamic computations. During this time he contributed to the development of the Monte Carlo method, which allowed solutions to complicated problems to be approximated using random numbers. His algorithm for simulating a fair coin with a biased coin is used in the ""software whitening"" stage of some hardware random number generators. Because using lists of ""truly"" random numbers was extremely slow, von Neumann developed a form of making pseudorandom numbers, using the middle-square method. Though this method has been criticized as crude, von Neumann was aware of this: he justified it as being faster than any other method at his disposal, and also noted that when it went awry it did so obviously, unlike methods which could be subtly incorrect. ""Anyone who considers arithmetical methods of producing random digits is, of course, in a state of sin.""",Due to slow use of random numbers what was developed?,"""factual"""
Deaths due to HIV/AIDS have increased by a factor of four.,factual,"The top three single agent/disease killers are HIV/AIDS, TB and malaria. While the number of deaths due to nearly every disease have decreased, deaths due to HIV/AIDS have increased fourfold. Childhood diseases include pertussis, poliomyelitis, diphtheria, measles and tetanus. Children also make up a large percentage of lower respiratory and diarrheal deaths. In 2012, approximately 3.1 million people have died due to lower respiratory infections, making it the number 4 leading cause of death in the world.",How much have deaths due to HIV/AIDS increased?,"""factual"""
The Japanese submarine offensive against Australia took place in 1942 and 1943.,factual,"While Japan had a large number of submarines, they did not make a significant impact on the war. In 1942, the Japanese fleet subs performed well, knocking out or damaging many Allied warships. However, Imperial Japanese Navy (and pre-war U.S.) doctrine stipulated that only fleet battles, not guerre de course (commerce raiding) could win naval campaigns. So, while the US had an unusually long supply line between its west coast and frontline areas, leaving it vulnerable to submarine attack, Japan used its submarines primarily for long-range reconnaissance and only occasionally attacked U.S. supply lines. The Japanese submarine offensive against Australia in 1942 and 1943 also achieved little.",When was the Japanese submarine offensive against Australia?,"""factual"""
"Yes, Dominic West would consider sending his own children to Eton.",factual,"Actor Dominic West has been unenthusiastic about the career benefits of being an Old Etonian, saying it ""is a stigma that is slightly above 'paedophile' in the media in a gallery of infamy"", but asked whether he would consider sending his own children there, said ""Yes, I would. It’s an extraordinary place... It has the facilities and the excellence of teaching and it will find what you’re good at and nurture it"", while the actor Tom Hiddleston says there are widespread misconceptions about Eton, and that ""People think it's just full of braying toffs... It isn’t true... It's actually one of the most broadminded places I’ve ever been. The reason it’s a good school is that it encourages people to find the thing they love and to go for it. They champion the talent of the individual and that’s what’s special about it"".","According to actor Dominic Wes, would he send his children to Eton?","""factual"""
The primary and official language of Bermuda is English.,factual,"Bermuda's culture is a mixture of the various sources of its population: Native American, Spanish-Caribbean, English, Irish, and Scots cultures were evident in the 17th century, and became part of the dominant British culture. English is the primary and official language. Due to 160 years of immigration from Portuguese Atlantic islands (primarily the Azores, though also from Madeira and the Cape Verde Islands), a portion of the population also speaks Portuguese. There are strong British influences, together with Afro-Caribbean ones.",What is considered the primary language of Bermuda?,"""factual"""
The concept of the image of God enables man to progress towards God.,factual,"Concerning humanity as the image of Christ, English Dominican spirituality concentrated on the moral implications of image-bearing rather than the philosophical foundations of the imago Dei. The process of Christ's life, and the process of image-bearing, amends humanity to God's image. The idea of the ""image of God"" demonstrates both the ability of man to move toward God (as partakers in Christ's redeeming sacrifice), and that, on some level, man is always an image of God. As their love and knowledge of God grows and is sanctified by faith and experience, the image of God within man becomes ever more bright and clear.",The idea of the image of God allows man to do what?,"""factual"""
The New York Stock Exchange is situated on Wall Street in Lower Manhattan.,factual,"Lower Manhattan is the third-largest central business district in the United States and is home to the New York Stock Exchange, on Wall Street, and the NASDAQ, at 165 Broadway, representing the world's largest and second largest stock exchanges, respectively, when measured both by overall average daily trading volume and by total market capitalization of their listed companies in 2013. Investment banking fees on Wall Street totaled approximately $40 billion in 2012, while in 2013, senior New York City bank officers who manage risk and compliance functions earned as much as $324,000 annually. In fiscal year 2013–14, Wall Street's securities industry generated 19% of New York State's tax revenue. New York City remains the largest global center for trading in public equity and debt capital markets, driven in part by the size and financial development of the U.S. economy.:31–32 In July 2013, NYSE Euronext, the operator of the New York Stock Exchange, took over the administration of the London interbank offered rate from the British Bankers Association. New York also leads in hedge fund management; private equity; and the monetary volume of mergers and acquisitions. Several investment banks and investment mangers headquartered in Manhattan are important participants in other global financial centers.:34–35 New York is also the principal commercial banking center of the United States.",The New York Stock exchange is located where in NYC?,"""factual"""
The Roman proconsul who abolished the Seleucid rump state was Pompey the Great.,factual,"Contrarily, having so firmly entrenched themselves into Greek affairs, the Romans now completely ignored the rapidly disintegrating Seleucid empire (perhaps because it posed no threat); and left the Ptolemaic kingdom to decline quietly, while acting as a protector of sorts, in as much as to stop other powers taking Egypt over (including the famous line-in-the-sand incident when the Seleucid Antiochus IV Epiphanes tried to invade Egypt). Eventually, instability in the near east resulting from the power vacuum left by the collapse of the Seleucid empire caused the Roman proconsul Pompey the Great to abolish the Seleucid rump state, absorbing much of Syria into the Roman republic. Famously, the end of Ptolemaic Egypt came as the final act in the republican civil war between the Roman triumvirs Mark Anthony and Augustus Caesar. After the defeat of Anthony and his lover, the last Ptolemaic monarch, Cleopatra VII at the Battle of Actium, Augustus invaded Egypt and took it as his own personal fiefdom. He thereby completed both the destruction of the Hellenistic kingdoms and the Roman republic, and ended (in hindsight) the Hellenistic era.",Which Roman proconsul ablished the Seleucid rump state?,"""factual"""
The aircraft carrier that underwent maintenance at Devonport Dockyard was the Ark Royal.,factual,"Post-war, Devonport Dockyard was kept busy refitting aircraft carriers such as the Ark Royal and, later, nuclear submarines while new light industrial factories were constructed in the newly zoned industrial sector attracting rapid growth of the urban population. The army had substantially left the city by 1971, with barracks pulled down in the 1960s, however the city remains home to the 42 Commando of the Royal Marines.",What aircraft carrier received maintenance at Devonport Dockyard?,"""factual"""
Adolf Hitler was the leader of the Nazi Party.,factual,"The Nazis, led by Adolf Hitler, attempted to unite all the people they claimed were ""Germans"" (Volksdeutsche) into one realm, including ethnic Germans in eastern Europe, many of whom had emigrated more than one hundred fifty years before and developed separate cultures in their new lands. This idea was initially welcomed by many ethnic Germans in Sudetenland, Austria, Poland, Danzig and western Lithuania, particularly the Germans from Klaipeda (Memel). The Swiss resisted the idea. They had viewed themselves as a distinctly separate nation since the Peace of Westphalia of 1648.",Who headed the Nazis?,"""factual"""
"The original concept of Arabian Nights was based on a pre-Islamic Persian work called Hezār Afsān, which translates to ""Thousand Fables.""",factual,"The best known work of fiction from the Islamic world is One Thousand and One Nights (In Persian: hezār-o-yek šab > Arabic: ʔalf-layl-at-wa-l’-layla= One thousand Night and (one) Night) or *Arabian Nights, a name invented by early Western translators, which is a compilation of folk tales from Sanskrit, Persian, and later Arabian fables. The original concept is derived from a pre-Islamic Persian prototype Hezār Afsān (Thousand Fables) that relied on particular Indian elements. It reached its final form by the 14th century; the number and type of tales have varied from one manuscript to another. All Arabian fantasy tales tend to be called Arabian Nights stories when translated into English, regardless of whether they appear in The Book of One Thousand and One Nights or not. This work has been very influential in the West since it was translated in the 18th century, first by Antoine Galland. Imitations were written, especially in France. Various characters from this epic have themselves become cultural icons in Western culture, such as Aladdin, Sinbad the Sailor and Ali Baba.",Arabian nights was originally based upon what Persian work?,"""factual"""
"New Haven is best known for its large, deep harbor as the main landmark and geographic feature of the city.",factual,"New Haven's best-known geographic features are its large deep harbor, and two reddish basalt trap rock ridges which rise to the northeast and northwest of the city core. These trap rocks are known respectively as East Rock and West Rock, and both serve as extensive parks. West Rock has been tunneled through to make way for the east-west passage of the Wilbur Cross Parkway (the only highway tunnel through a natural obstacle in Connecticut), and once served as the hideout of the ""Regicides"" (see: Regicides Trail). Most New Haveners refer to these men as ""The Three Judges"". East Rock features the prominent Soldiers and Sailors war monument on its peak as well as the ""Great/Giant Steps"" which run up the rock's cliffside.",What is New Haven best known for in terms of the main landmark and structure?,"""factual"""
"Victoria visited the French military port of Cherbourg, which led her to reprimand Derby for the poor state of the Royal Navy in comparison to the French navy.",factual,"On 14 January 1858, an Italian refugee from Britain called Orsini attempted to assassinate Napoleon III with a bomb made in England. The ensuing diplomatic crisis destabilised the government, and Palmerston resigned. Derby was reinstated as prime minister. Victoria and Albert attended the opening of a new basin at the French military port of Cherbourg on 5 August 1858, in an attempt by Napoleon III to reassure Britain that his military preparations were directed elsewhere. On her return Victoria wrote to Derby reprimanding him for the poor state of the Royal Navy in comparison to the French one. Derby's ministry did not last long, and in June 1859 Victoria recalled Palmerston to office.",Where did Victoria visit that led her to reprimand Derby for the state of the Royal Navy?,"""factual"""
"Arupyadhatu refers to the formless realms, which are the highest planes of existence that can be attained through meditation on the arupajhanas, the most advanced objects of meditation.",factual,"The above are further subdivided into 31 planes of existence.[web 4] Rebirths in some of the higher heavens, known as the Śuddhāvāsa Worlds or Pure Abodes, can be attained only by skilled Buddhist practitioners known as anāgāmis (non-returners). Rebirths in the Ārūpyadhātu (formless realms) can be attained by only those who can meditate on the arūpajhānas, the highest object of meditation.",What does arupyadhatu mean?,"""factual"""
The Mayan writing system consists of over one thousand distinct glyphs in total.,factual,"The Maya writing system (often called hieroglyphs from a superficial resemblance to the Ancient Egyptian writing) was a combination of phonetic symbols and logograms. It is most often classified as a logographic or (more properly) a logosyllabic writing system, in which syllabic signs play a significant role. It is the only pre-Columbian writing system known to represent completely the spoken language of its community. In total, the script has more than one thousand different glyphs although a few are variations of the same sign or meaning and many appear only rarely or are confined to particular localities. At any one time, no more than about five hundred glyphs were in use, some two hundred of which (including variations) had a phonetic or syllabic interpretation.",How many different glyphs in total does the Mayan writing system have?,"""factual"""
"Yes, the FBI frequently investigated Martin Luther King Jr.",factual,"The FBI frequently investigated Martin Luther King, Jr. In the mid-1960s, King began publicly criticizing the Bureau for giving insufficient attention to the use of terrorism by white supremacists. Hoover responded by publicly calling King the most ""notorious liar"" in the United States. In his 1991 memoir, Washington Post journalist Carl Rowan asserted that the FBI had sent at least one anonymous letter to King encouraging him to commit suicide. Historian Taylor Branch documents an anonymous November 1964 ""suicide package"" sent by the Bureau that combined a letter to the civil rights leader telling him ""You are done. There is only one way out for you..."" with audio recordings of King's sexual indiscretions.",Did the FBI investigate Martin Luther King Jr.?,"""factual"""
Women commonly had fewer rights by custom.,factual,"Various cases for rape, physical abuse and murder were prosecuted in court. Women, although usually having fewer rights by custom, were allowed to level civil and criminal charges against men. While suspects were jailed, convicted criminals were never imprisoned. Instead, punishments were commonly monetary fines, periods of forced hard labor for convicts, and the penalty of death by beheading. Early Han punishments of torturous mutilation were borrowed from Qin law. A series of reforms abolished mutilation punishments with progressively less-severe beatings by the bastinado.",What did women commonly have less of?,"""factual"""
"The world's first solar thermal power station was constructed in Maadi, Egypt.",factual,"Shuman built the world’s first solar thermal power station in Maadi, Egypt, between 1912 and 1913. Shuman’s plant used parabolic troughs to power a 45–52 kilowatts (60–70 hp) engine that pumped more than 22,000 litres (4,800 imp gal; 5,800 US gal) of water per minute from the Nile River to adjacent cotton fields. Although the outbreak of World War I and the discovery of cheap oil in the 1930s discouraged the advancement of solar energy, Shuman’s vision and basic design were resurrected in the 1970s with a new wave of interest in solar thermal energy. In 1916 Shuman was quoted in the media advocating solar energy's utilization, saying:",Where was the first solar thermal power plant built?,"""factual"""
"Unlike Catalan, French does not have many suppletive couplets.",irrelevant,"The Crusaders in the Holy Land also adopted mosaic decoration under local Byzantine influence. During their 12th-century reconstruction of the Church of the Holy Sepulchre in Jerusalem they complemented the existing Byzantine mosaics with new ones. Almost nothing of them survived except the ""Ascension of Christ"" in the Latin Chapel (now confusingly surrounded by many 20th-century mosaics). More substantial fragments were preserved from the 12th-century mosaic decoration of the Church of the Nativity in Bethlehem. The mosaics in the nave are arranged in five horizontal bands with the figures of the ancestors of Christ, Councils of the Church and angels. In the apses the Annunciation, the Nativity, Adoration of the Magi and Dormition of the Blessed Virgin can be seen. The program of redecoration of the church was completed in 1169 as a unique collaboration of the Byzantine emperor, the king of Jerusalem and the Latin Church.","Where is the mosaic ""Ascension of Christ"" located?",irrelevant
National parks and nature reserves are the types of parks that receive special protection against damage or degradation.,factual,"National park and nature reserve is the area selected by governments or private organizations for special protection against damage or degradation with the objective of biodiversity and landscape conservation. National parks are usually owned and managed by national or state governments. A limit is placed on the number of visitors permitted to enter certain fragile areas. Designated trails or roads are created. The visitors are allowed to enter only for study, cultural and recreation purposes. Forestry operations, grazing of animals and hunting of animals are prohibited. Exploitation of habitat or wildlife is banned.",What types of parks receive special protection against damage or degradation?,"""factual"""
The majority religion in Somalia is Islam.,factual,"The history of Islam in Somalia is as old as the religion itself. The early persecuted Muslims fled to various places in the region, including the city of Zeila in modern-day northern Somalia, so as to seek protection from the Quraysh. Somalis were among the first populations on the continent to embrace Islam. With very few exceptions, Somalis are entirely Muslims, the majority belonging to the Sunni branch of Islam and the Shafi`i school of Islamic jurisprudence, although a few are also adherents of the Shia Muslim denomination.",What is the majority religion in Somalia?,"""factual"""
The most prevalent form of Armenian religious music is the Armenian chant.,factual,"Instruments like the duduk, the dhol, the zurna and the kanun are commonly found in Armenian folk music. Artists such as Sayat Nova are famous due to their influence in the development of Armenian folk music. One of the oldest types of Armenian music is the Armenian chant which is the most common kind of religious music in Armenia. Many of these chants are ancient in origin, extending to pre-Christian times, while others are relatively modern, including several composed by Saint Mesrop Mashtots, the inventor of the Armenian alphabet. Whilst under Soviet rule, Armenian classical music composer Aram Khatchaturian became internationally well known for his music, for various ballets and the Sabre Dance from his composition for the ballet Gayane.",What kind of Armenian religious music is prevalent?,"""factual"""
"Larissa, one of Neptune's moons, was initially discovered in 1981.",factual,"From July to September 1989, Voyager 2 discovered six moons of Neptune. Of these, the irregularly shaped Proteus is notable for being as large as a body of its density can be without being pulled into a spherical shape by its own gravity. Although the second-most-massive Neptunian moon, it is only 0.25% the mass of Triton. Neptune's innermost four moons—Naiad, Thalassa, Despina and Galatea—orbit close enough to be within Neptune's rings. The next-farthest out, Larissa, was originally discovered in 1981 when it had occulted a star. This occultation had been attributed to ring arcs, but when Voyager 2 observed Neptune in 1989, Larissa was found to have caused it. Five new irregular moons discovered between 2002 and 2003 were announced in 2004. A new moon and the smallest yet, S/2004 N 1, was found in 2013. Because Neptune was the Roman god of the sea, Neptune's moons have been named after lesser sea gods.",When was Neptune's moon Larissa discovered? ,"""factual"""
The Lateran Palace was adorned with mosaics as its decorative elements.,factual,"In the 7th–9th centuries Rome fell under the influence of Byzantine art, noticeable on the mosaics of Santa Prassede, Santa Maria in Domnica, Sant'Agnese fuori le Mura, Santa Cecilia in Trastevere, Santi Nereo e Achilleo and the San Venanzio chapel of San Giovanni in Laterano. The great dining hall of Pope Leo III in the Lateran Palace was also decorated with mosaics. They were all destroyed later except for one example, the so-called Triclinio Leoniano of which a copy was made in the 18th century. Another great work of Pope Leo, the apse mosaic of Santa Susanna, depicted Christ with the Pope and Charlemagne on one side, and SS. Susanna and Felicity on the other. It was plastered over during a renovation in 1585. Pope Paschal I (817–824) embellished the church of Santo Stefano del Cacco with an apsidal mosaic which depicted the pope with a model of the church (destroyed in 1607).",The lateran Palace was decorated with what?,"""factual"""
Alaska has the highest percentage of Quakers of any state in the United States.,factual,"In 1795, the First Russian Orthodox Church was established in Kodiak. Intermarriage with Alaskan Natives helped the Russian immigrants integrate into society. As a result, an increasing number of Russian Orthodox churches gradually became established within Alaska. Alaska also has the largest Quaker population (by percentage) of any state. In 2009 there were 6,000 Jews in Alaska (for whom observance of halakha may pose special problems). Alaskan Hindus often share venues and celebrations with members of other Asian religious communities, including Sikhs and Jains.",Alaska has the largest population of what religious lifestyle of any state?,"""factual"""
The original Mayan calendars had 20 months in a year.,contradiction,"Artifacts from the Paleolithic suggest that the moon was used to reckon time as early as 6,000 years ago. Lunar calendars were among the first to appear, either 12 or 13 lunar months (either 354 or 384 days). Without intercalation to add days or months to some years, seasons quickly drift in a calendar based solely on twelve lunar months. Lunisolar calendars have a thirteenth month added to some years to make up for the difference between a full year (now known to be about 365.24 days) and a year of just twelve lunar months. The numbers twelve and thirteen came to feature prominently in many cultures, at least partly due to this relationship of months to years. Other early forms of calendars originated in Mesoamerica, particularly in ancient Mayan civilization. These calendars were religiously and astronomically based, with 18 months in a year and 20 days in a month.",How many months were in a year in the original Mayan calendars?,"""factual"""
The individuals executed in the second-largest mass execution in the United States were of African-American ethnicity.,irrelevant,"The description or representation of individual and group identity is a central task for psychologists, sociologists and anthropologists and those of other disciplines where ""identity"" needs to be mapped and defined. How should one describe the identity of another, in ways which encompass both their idiosyncratic qualities and their group memberships or identifications, both of which can shift according to circumstance? Following on from the work of Kelly, Erikson, Tajfel and others Weinreich's Identity Structure Analysis (ISA), is ""a structural representation of the individual's existential experience, in which the relationships between self and other agents are organised in relatively stable structures over time … with the emphasis on the socio-cultural milieu in which self relates to other agents and institutions"" (Weinreich and Saunderson, (eds) 2003, p1). Using constructs drawn from the salient discourses of the individual, the group and cultural norms, the practical operationalisation of ISA provides a methodology that maps how these are used by the individual, applied across time and milieus by the ""situated self"" to appraise self and other agents and institutions (for example, resulting in the individual's evaluation of self and significant others and institutions).[citation needed]",Who developed the ISA?,contradiction
"The Soviets opposed the rebuilding of Western Europe, particularly Western Germany.",factual,"The Soviet Union created the Eastern Bloc of countries that it occupied, annexing some as Soviet Socialist Republics and maintaining others as satellite states that would later form the Warsaw Pact. The United States and various western European countries began a policy of ""containment"" of communism and forged myriad alliances to this end, including NATO. Several of these western countries also coordinated efforts regarding the rebuilding of western Europe, including western Germany, which the Soviets opposed. In other regions of the world, such as Latin America and Southeast Asia, the Soviet Union fostered communist revolutionary movements, which the United States and many of its allies opposed and, in some cases, attempted to ""roll back"". Many countries were prompted to align themselves with the nations that would later form either NATO or the Warsaw Pact, though other movements would also emerge.",What did the soviets opposed rebuilding?,"""factual"""
"The nations that still permit their ruler to withhold royal assent include the United Kingdom, Norway, and Liechtenstein.",factual,"Royal assent is the method by which a country's constitutional monarch (possibly through a delegated official) formally approves an act of that nation's parliament, thus making it a law or letting it be promulgated as law. In the vast majority of contemporary monarchies, this act is considered to be little more than a formality; even in those nations which still permit their ruler to withhold the royal assent (such as the United Kingdom, Norway, and Liechtenstein), the monarch almost never does so, save in a dire political emergency or upon the advice of their government. While the power to withhold royal assent was once exercised often in European monarchies, it is exceedingly rare in the modern, democratic political atmosphere that has developed there since the 18th century.",What nations allow the withold of the royal assent?,"""factual"""
Apple Inc. has its European headquarters located in Cork.,irrelevant,"West's middle-class background, flamboyant fashion sense and outspokenness have additionally set him apart from other rappers. Early in his career, he was among the first rappers to publicly criticize the preponderance of homophobia in hip hop. The sales competition between rapper 50 Cent's Curtis and West's Graduation altered the direction of hip hop and helped pave the way for new rappers who did not follow the hardcore-gangster mold. Rosie Swash of The Guardian viewed the sales competition as a historical moment in hip-hop, because it ""highlighted the diverging facets of hip-hop in the last decade; the former was gangsta rap for the noughties, while West was the thinking man's alternative."" Rolling Stone credited West with transforming hip hop's mainstream, ""establishing a style of introspective yet glossy rap [...]"", and called him ""as interesting and complicated a pop star as the 2000s produced—a rapper who mastered, upped and moved beyond the hip-hop game, a producer who created a signature sound and then abandoned it to his imitators, a flashy, free-spending sybarite with insightful things to say about college, culture and economics, an egomaniac with more than enough artistic firepower to back it up."" His 2008 album 808s & Heartbreak polarized both listeners and critics upon its release, but was commercially successful and impacted hip hop and pop stylistically, as it laid the groundwork for a new wave of artists who generally eschewed typical rap braggadocio for intimate subject matter and introspection, including Frank Ocean, The Weeknd, Drake, Future, Kid Cudi, Childish Gambino, Lil Durk, Chief Keef, and Soulja Boy. According to Ben Detrick of XXL magazine, West effectively led a new wave of artists, including Kid Cudi, Wale, Lupe Fiasco, Kidz in the Hall, and Drake, who lacked the interest or ability to rap about gunplay or drug-dealing.",What overabundance of themes did Kanye criticize early in his career?,irrelevant
The use of cotton in Iran can be traced back to the Achaemenid era.,factual,"In Iran (Persia), the history of cotton dates back to the Achaemenid era (5th century BC); however, there are few sources about the planting of cotton in pre-Islamic Iran. The planting of cotton was common in Merv, Ray and Pars of Iran. In Persian poets' poems, especially Ferdowsi's Shahname, there are references to cotton (""panbe"" in Persian). Marco Polo (13th century) refers to the major products of Persia, including cotton. John Chardin, a French traveler of the 17th century who visited the Safavid Persia, spoke approvingly of the vast cotton farms of Persia.",Use of cotton in Iran dates back to what period?,"""factual"""
"The four sound profiles that would cause bass distortion on iPods released before 2007 are R&B, Rock, Acoustic, and Bass Booster.",factual,"For all iPods released in 2006 and earlier, some equalizer (EQ) sound settings would distort the bass sound far too easily, even on undemanding songs. This would happen for EQ settings like R&B, Rock, Acoustic, and Bass Booster, because the equalizer amplified the digital audio level beyond the software's limit, causing distortion (clipping) on bass instruments.",Name four sound profiles that would result in bass distortion on pre-2007 iPods.,"""factual"""
"In the Imperial era, legionnaires followed the cult of the emperor.",factual,"Each camp had its own religious personnel; standard bearers, priestly officers and their assistants, including a haruspex, and housekeepers of shrines and images. A senior magistrate-commander (sometimes even a consul) headed it, his chain of subordinates ran it and a ferocious system of training and discipline ensured that every citizen-soldier knew his duty. As in Rome, whatever gods he served in his own time seem to have been his own business; legionary forts and vici included shrines to household gods, personal deities and deities otherwise unknown. From the earliest Imperial era, citizen legionaries and provincial auxiliaries gave cult to the emperor and his familia on Imperial accessions, anniversaries and their renewal of annual vows. They celebrated Rome's official festivals in absentia, and had the official triads appropriate to their function – in the Empire, Jupiter, Victoria and Concordia were typical. By the early Severan era, the military also offered cult to the Imperial divi, the current emperor's numen, genius and domus (or familia), and special cult to the Empress as ""mother of the camp."" The near ubiquitous legionary shrines to Mithras of the later Imperial era were not part of official cult until Mithras was absorbed into Solar and Stoic Monism as a focus of military concordia and Imperial loyalty.","In the Imperial era, what cult did legionnaires follow?","""factual"""
Beyoncé's foundation also provided assistance to those affected by Hurricane Ike.,factual,"After Hurricane Katrina in 2005, Beyoncé and Rowland founded the Survivor Foundation to provide transitional housing for victims in the Houston area, to which Beyoncé contributed an initial $250,000. The foundation has since expanded to work with other charities in the city, and also provided relief following Hurricane Ike three years later.",What other hurricane did Beyoncé's foundation help with?,"""factual"""
Buckingham Palace is a renowned palace situated in London.,factual,"London contains four World Heritage Sites: the Tower of London; Kew Gardens; the site comprising the Palace of Westminster, Westminster Abbey, and St Margaret's Church; and the historic settlement of Greenwich (in which the Royal Observatory, Greenwich marks the Prime Meridian, 0° longitude, and GMT). Other famous landmarks include Buckingham Palace, the London Eye, Piccadilly Circus, St Paul's Cathedral, Tower Bridge, Trafalgar Square, and The Shard. London is home to numerous museums, galleries, libraries, sporting events and other cultural institutions, including the British Museum, National Gallery, Tate Modern, British Library and 40 West End theatres. The London Underground is the oldest underground railway network in the world.",What famous palace is located in London?,"""factual"""
The SNES was priced at £150 in the United Kingdom.,factual,"On August 23, 1991,[a] Nintendo released the Super Nintendo Entertainment System, a redesigned version of the Super Famicom, in North America for US$199. The SNES was released in the United Kingdom and Ireland in April 1992 for GB£150, with a German release following a few weeks later. Most of the PAL region versions of the console use the Japanese Super Famicom design, except for labeling and the length of the joypad leads. The Playtronic Super NES in Brazil, although PAL, uses the North American design. Both the NES and SNES were released in Brazil in 1993 by Playtronic, a joint venture between the toy company Estrela and consumer electronics company Gradiente.",How much did the SNES cost in the UK?,"""factual"""
"In the fall of 2014, 11.7% of undergraduate students were enrolled in the Medill School of Journalism.",factual,"In the fall of 2014, among the six undergraduate schools, 40.6% of undergraduate students are enrolled in the Weinberg College of Arts and Sciences, 21.3% in the McCormick School of Engineering and Applied Science, 14.3% in the School of Communication, 11.7% in the Medill School of Journalism, 5.7% in the Bienen School of Music, and 6.4% in the School of Education and Social Policy. The five most commonly awarded undergraduate degrees are in economics, journalism, communication studies, psychology, and political science. While professional students are affiliated with their respective schools, the School of Professional Studies offers master's and bachelor's degree, and certificate programs tailored to the professional studies. With 2,446 students enrolled in science, engineering, and health fields, the largest graduate programs by enrollment include chemistry, integrated biology, material sciences, electrical and computer engineering, neuroscience, and economics. The Kellogg School of Management's MBA, the School of Law's JD, and the Feinberg School of Medicine's MD are the three largest professional degree programs by enrollment.","In the fall of 2014, which school did 11.7% of undergraduates enroll in?","""factual"""
Salyut 1 re-entered Earth's atmosphere on October 11th.,factual,"Salyut 1's orbit was increased to prevent premature reentry, but further piloted flights were delayed while the Soyuz was redesigned to fix the new safety problem. The station re-entered the Earth's atmosphere on October 11, after 175 days in orbit. The USSR attempted to launch a second Salyut-class station designated Durable Orbital Station-2 (DOS-2) on July 29, 1972, but a rocket failure caused it to fail to achieve orbit. After the DOS-2 failure, the USSR attempted to launch four more Salyut-class stations through 1975, with another failure due to an explosion of the final rocket stage, which punctured the station with shrapnel so that it wouldn't hold pressure. While all of the Salyuts were presented to the public as non-military scientific laboratories, some of them were actually covers for the military Almaz reconnaissance stations.","The station, Salyut 1, came back to Earth on which date?","""factual"""
The rankings of college and university programs were provided by the publication U.S. News & World Report.,factual,"The city management and urban policy program was ranked first in the nation, and the special education program second, by U.S. News & World Report's 2016 rankings. USN&WR also ranked several programs in the top 25 among U.S. universities.",Which publication provided rankings of college and university programs?,"""factual"""
the general decline of Civil Architecture,contradiction,"The original Charter of 1837 set out the purpose of the Royal Institute to be: '… the general advancement of Civil Architecture, and for promoting and facilitating the acquirement of the knowledge of the various arts and sciences connected therewith…'",What was the central aim of the Royal Institute?,contradiction
Forbes magazine had articles about Fidel Castro benefiting from corruption.,factual,"More recently, articles in various financial periodicals, most notably Forbes magazine, have pointed to Fidel Castro, General Secretary of the Republic of Cuba since 1959, of likely being the beneficiary of up to $900 million, based on ""his control"" of state-owned companies. Opponents of his regime claim that he has used money amassed through weapons sales, narcotics, international loans, and confiscation of private property to enrich himself and his political cronies who hold his dictatorship together, and that the $900 million published by Forbes is merely a portion of his assets, although that needs to be proven.",What magazine had articles about Castro benefiting from corruption?,"""factual"""
The Digimon video game that was released in 1999 is called Digimon World.,factual,"The franchise was first created in 1997 as a series of virtual pets, akin to—and influenced in style by—the contemporary Tamagotchi or nano Giga Pet toys. The creatures were first designed to look cute and iconic even on the devices' small screens; later developments had them created with a harder-edged style influenced by American comics. The franchise gained momentum with its first anime incarnation, Digimon Adventure, and an early video game, Digimon World, both released in 1999. Several seasons of the anime and films based on them have aired, and the video game series has expanded into genres such as role-playing, racing, fighting, and MMORPGs. Other media forms have also been released.",Name the Digimon video game that was released in 1999.,"""factual"""
The July Revolution that Sand and Chopin attended the dress rehearsal for was commemorating its tenth anniversary.,factual,"At the funeral of the tenor Adolphe Nourrit in Paris in 1839, Chopin made a rare appearance at the organ, playing a transcription of Franz Schubert's lied Die Gestirne. On 26 July 1840 Chopin and Sand were present at the dress rehearsal of Berlioz's Grande symphonie funèbre et triomphale, composed to commemorate the tenth anniversary of the July Revolution. Chopin was reportedly unimpressed with the composition.",What anniversary was the July Revolution that Sand and Chopin were present at a dress rehearsal for?,"""factual"""
Pirie claims that conservatives want the free market to operate smoothly and be given the freedom to change and develop.,factual,"In Why F A Hayek is a Conservative, British policy analyst Madsen Pirie claims Hayek mistakes the nature of the conservative outlook. Conservatives, he says, are not averse to change – but like Hayek, they are highly averse to change being imposed on the social order by people in authority who think they know how to run things better. They wish to allow the market to function smoothly and give it the freedom to change and develop. It is an outlook, says Pirie, that Hayek and conservatives both share.",What does Pirie claim conservatives want for the free market?,"""factual"""
"Yes, the Fortune 1000 company located in Orange within the New Haven metropolitan area is called Hubbell.",factual,"The Knights of Columbus, the world's largest Catholic fraternal service organization and a Fortune 1000 company, is headquartered in New Haven. Two more Fortune 1000 companies are based in Greater New Haven: the electrical equipment producers Hubbell, based in Orange, and Amphenol, based in Wallingford. Eight Courant 100 companies are based in Greater New Haven, with four headquartered in New Haven proper. New Haven-based companies traded on stock exchanges include NewAlliance Bank, the second largest bank in Connecticut and fourth-largest in New England (NYSE: NAL), Higher One Holdings (NYSE: ONE), a financial services firm United Illuminating, the electricity distributor for southern Connecticut (NYSE: UIL), Achillion Pharmaceuticals (NASDAQ: ACHN), Alexion Pharmaceuticals (NasdaqGS: ALXN), and Transpro Inc. (AMEX: TPR). Vion Pharmaceuticals is traded OTC (OTC BB: VIONQ.OB). Other notable companies based in the city include the Peter Paul Candy Manufacturing Company (the candy-making division of the Hershey Company), the American division of Assa Abloy (one of the world's leading manufacturers of locks), Yale University Press, and the Russell Trust Association (the business arm of the Skull and Bones Society). The Southern New England Telephone Company (SNET) began operations in the city as the District Telephone Company of New Haven in 1878; the company remains headquartered in New Haven as a subsidiary of AT&T Inc., now doing business as AT&T Connecticut, and provides telephone service for all but two municipalities in Connecticut.","Within the New Haven metropolitan area contain a Fortune 1000 company located in Orange, the name of the company?","""factual"""
The Theravada branch of Buddhism rejects the idea of a transitional state between lives.,factual,"According to East Asian and Tibetan Buddhism, there is an intermediate state (Tibetan ""bardo"") between one life and the next. The orthodox Theravada position rejects this; however there are passages in the Samyutta Nikaya of the Pali Canon that seem to lend support to the idea that the Buddha taught of an intermediate stage between one life and the next.[page needed]",What branch of Buddhism rejects that there is a transitional state between lives?,"""factual"""
The system functions within a single cell and is cell-autonomous.,factual,"It is now known that the molecular circadian clock can function within a single cell; i.e., it is cell-autonomous. This was shown by Gene Block in isolated mollusk BRNs.[clarification needed] At the same time, different cells may communicate with each other resulting in a synchronised output of electrical signaling. These may interface with endocrine glands of the brain to result in periodic release of hormones. The receptors for these hormones may be located far across the body and synchronise the peripheral clocks of various organs. Thus, the information of the time of the day as relayed by the eyes travels to the clock in the brain, and, through that, clocks in the rest of the body may be synchronised. This is how the timing of, for example, sleep/wake, body temperature, thirst, and appetite are coordinately controlled by the biological clock.[citation needed]","By functioning within a single, what is the system?","""factual"""
A misdemeanor is a minor crime that typically results in a jail sentence of a year or less and a substantial fine.,factual,"Some states distinguish between two levels: felonies and misdemeanors (minor crimes). Generally, most felony convictions result in lengthy prison sentences as well as subsequent probation, large fines, and orders to pay restitution directly to victims; while misdemeanors may lead to a year or less in jail and a substantial fine. To simplify the prosecution of traffic violations and other relatively minor crimes, some states have added a third level, infractions. These may result in fines and sometimes the loss of one's driver's license, but no jail time.",What is a misdemeanor?,"""factual"""
"In English-speaking nations, it is generally assumed that when two men kiss, it is an indication of homosexuality.",factual,"Some historians and researchers argue that the emotional and affectionate activities associated with sexual-orientation terms such as ""gay"" and ""heterosexual"" change significantly over time and across cultural boundaries. For example, in many English-speaking nations, it is assumed that same-sex kissing, particularly between men, is a sign of homosexuality, whereas various types of same-sex kissing are common expressions of friendship in other nations. Also, many modern and historic cultures have formal ceremonies expressing long-term commitment between same-sex friends, even though homosexuality itself is taboo within the cultures.",What can be assumed in english speaking nations when two men kiss?,"""factual"""
The numbered articles of a treaty contain the essential content of the agreement between the parties involved.,factual,"After the preamble comes numbered articles, which contain the substance of the parties' actual agreement. Each article heading usually encompasses a paragraph. A long treaty may further group articles under chapter headings.",What is contained in the numbered articles of a treaty?,"""factual"""
"The son of Charles III, named Alberto, died on the way to Palermo and was buried in the city.",factual,"After the Treaty of Utrecht (1713), Sicily was handed over to the Savoia, but by 1734 it was again a Bourbon possession. Charles III chose Palermo for his coronation as King of Sicily. Charles had new houses built for the growing population, while trade and industry grew as well. However, by now Palermo was now just another provincial city as the Royal Court resided in Naples. Charles' son Ferdinand, though disliked by the population, took refuge in Palermo after the French Revolution in 1798. His son Alberto died on the way to Palermo and is buried in the city. When the Kingdom of the Two Sicilies was founded, the original capital city was Palermo (1816) but a year later moved to Naples.",Whose son died on the way to Palermo and is buried there?,"""factual"""
"During a conflict in 1848, Victoria and her family retreated to Osborne House on the Isle of Wight for greater safety.",factual,"Internationally, Victoria took a keen interest in the improvement of relations between France and Britain. She made and hosted several visits between the British royal family and the House of Orleans, who were related by marriage through the Coburgs. In 1843 and 1845, she and Albert stayed with King Louis Philippe I at château d'Eu in Normandy; she was the first British or English monarch to visit a French one since the meeting of Henry VIII of England and Francis I of France on the Field of the Cloth of Gold in 1520. When Louis Philippe made a reciprocal trip in 1844, he became the first French king to visit a British sovereign. Louis Philippe was deposed in the revolutions of 1848, and fled to exile in England. At the height of a revolutionary scare in the United Kingdom in April 1848, Victoria and her family left London for the greater safety of Osborne House, a private estate on the Isle of Wight that they had purchased in 1845 and redeveloped. Demonstrations by Chartists and Irish nationalists failed to attract widespread support, and the scare died down without any major disturbances. Victoria's first visit to Ireland in 1849 was a public relations success, but it had no lasting impact or effect on the growth of Irish nationalism.",Where did Victoria and her family retreat to safety during a conflict in 1848? ,"""factual"""
Jurassic Park was released in the year 1993.,factual,"Spielberg won the Academy Award for Best Director for Schindler's List (1993) and Saving Private Ryan (1998). Three of Spielberg's films—Jaws (1975), E.T. the Extra-Terrestrial (1982), and Jurassic Park (1993)—achieved box office records, originated and came to epitomize the blockbuster film. The unadjusted gross of all Spielberg-directed films exceeds $9 billion worldwide, making him the highest-grossing director in history. His personal net worth is estimated to be more than $3 billion. He has been associated with composer John Williams since 1974, who composed music for all save five of Spielberg's feature films.",When did Jurassic Park come out?,"""factual"""
The Development and Economic Planning Department was established to help improve the living standards of the people of Saint Helena.,factual,"The British Nationality Act 1981 reclassified Saint Helena and the other Crown colonies as British Dependent Territories. The islanders lost their right of abode in Britain. For the next 20 years, many could find only low-paid work with the island government, and the only available employment outside Saint Helena was on the Falkland Islands and Ascension Island. The Development and Economic Planning Department, which still operates, was formed in 1988 to contribute to raising the living standards of the people of Saint Helena.",What department was formed to help raise the living standards of the citizens in Saint Helena?,"""factual"""
"LER stands for radiant luminous efficacy, which is the ratio of the visible light flux emitted (luminous flux) to the total power radiated over all wavelengths.",factual,"Luminous efficacy of a light source may be defined in two ways. The radiant luminous efficacy (LER) is the ratio of the visible light flux emitted (the luminous flux) to the total power radiated over all wavelengths. The source luminous efficacy (LES) is the ratio of the visible light flux emitted (the luminous flux) to the total power input to the source, such as a lamp. Visible light is measured in lumens, a unit which is defined in part by the differing sensitivity of the human eye to different wavelengths of light. Not all wavelengths of visible electromagnetic energy are equally effective at stimulating the human eye; the luminous efficacy of radiant energy (LER) is a measure of how well the distribution of energy matches the perception of the eye. The units of luminous efficacy are ""lumens per watt"" (lpw). The maximum LER possible is 683 lm/W for monochromatic green light at 555 nanometers wavelength, the peak sensitivity of the human eye.",What does the acronym LER refer to?,"""factual"""
The American troops pursued Villa for almost a year before returning to the United States.,factual,"Public opinion pressured the U.S. government to bring Villa to justice for the raid on Columbus, New Mexico; U.S. President Wilson sent Gen. John J. Pershing and some 5,000 troops into Mexico in an unsuccessful attempt to capture Villa. It was known as the Punitive Expedition. After nearly a year of pursuing Villa, American forces returned to the United States. The American intervention had been limited to the western sierras of Chihuahua. Villa had the advantage of intimately knowing the inhospitable terrain of the Sonoran Desert and the almost impassable Sierra Madre mountains and always managed to stay one step ahead of his pursuers. In 1923 Villa was assassinated by a group of seven gunmen who ambushed him while he was sitting in the back seat of his car in Parral.",How long did the American troops pursue Villa?,"""factual"""
Burke supported the uprising of the royalists in La Vendée.,factual,"Burke supported the war against revolutionary France, seeing Britain as fighting on the side of the royalists and émigres in a civil war, rather than fighting against the whole nation of France. Burke also supported the royalist uprising in La Vendée, describing it on 4 November 1793 in a letter to William Windham, as ""the sole affair I have much heart in"". Burke wrote to Henry Dundas on 7 October urging him to send reinforcements there, as he viewed it as the only theatre in the war that might lead to a march on Paris. Dundas did not follow Burke's advice, however.",Which faction's uprising in La Vendee did Burke support?,"""factual"""
Qutb Shahi architecture was heavily influenced by classical Persian architectural styles.,factual,"Qutb Shahi architecture of the 16th and early 17th centuries followed classical Persian architecture featuring domes and colossal arches. The oldest surviving Qutb Shahi structure in Hyderabad is the ruins of Golconda fort built in the 16th century. The Charminar, Mecca Masjid, Charkaman and Qutb Shahi tombs are other existing structures of this period. Among these the Charminar has become an icon of the city; located in the centre of old Hyderabad, it is a square structure with sides 20 m (66 ft) long and four grand arches each facing a road. At each corner stands a 56 m (184 ft)-high minaret. Most of the historical bazaars that still exist were constructed on the street north of Charminar towards Golconda fort. The Charminar, Qutb Shahi tombs and Golconda fort are considered to be monuments of national importance in India; in 2010 the Indian government proposed that the sites be listed for UNESCO World Heritage status.:11–18",What influence did Qutb Shahi architecture borrow from?,"""factual"""
There were five enumerated races in the 2000 U.S. Census.,factual,"The 2000 U.S. Census in the write-in response category had a code listing which standardizes the placement of various write-in responses for automatic placement within the framework of the U.S. Census's enumerated races. Whereas most responses can be distinguished as falling into one of the five enumerated races, there remains some write-in responses which fall into the ""Mixture"" heading which cannot be racially categorized. These include ""Bi Racial, Combination, Everything, Many, Mixed, Multi National, Multiple, Several and Various"".",How many race options were there?,"""factual"""
Legends about Virgil's magical powers remained popular for a period of more than two centuries.,factual,"Possibly as early as the second century AD, Virgil's works were seen as having magical properties and were used for divination. In what became known as the Sortes Vergilianae (Virgilian Lots), passages would be selected at random and interpreted to answer questions. In the 12th century, starting around Naples but eventually spreading widely throughout Europe, a tradition developed in which Virgil was regarded as a great magician. Legends about Virgil and his magical powers remained popular for over two hundred years, arguably becoming as prominent as his writings themselves. Virgil's legacy in medieval Wales was such that the Welsh version of his name, Fferyllt or Pheryllt, became a generic term for magic-worker, and survives in the modern Welsh word for pharmacist, fferyllydd.",How long did legends of Virgil's magical powers remain popular?,"""factual"""
"The group that broke into the FBI office in Media, Pennsylvania was called the Citizens' Commission to Investigate the FBI.",factual,"In March 1971, the residential office of an FBI agent in Media, Pennsylvania was burglarized by a group calling itself the Citizens' Commission to Investigate the FBI. Numerous files were taken and distributed to a range of newspapers, including The Harvard Crimson. The files detailed the FBI's extensive COINTELPRO program, which included investigations into lives of ordinary citizens—including a black student group at a Pennsylvania military college and the daughter of Congressman Henry Reuss of Wisconsin. The country was ""jolted"" by the revelations, which included assassinations of political activists, and the actions were denounced by members of Congress, including House Majority Leader Hale Boggs. The phones of some members of Congress, including Boggs, had allegedly been tapped.","Which group broke into an FBI office in Media, Pennsylvania?","""factual"""
The Lisbon tram service has been in existence for more than a century.,factual,"The two largest metropolitan areas have subway systems: Lisbon Metro and Metro Sul do Tejo in the Lisbon Metropolitan Area and Porto Metro in the Porto Metropolitan Area, each with more than 35 km (22 mi) of lines. In Portugal, Lisbon tram services have been supplied by the Companhia de Carris de Ferro de Lisboa (Carris), for over a century. In Porto, a tram network, of which only a tourist line on the shores of the Douro remain, began construction on 12 September 1895 (a first for the Iberian Peninsula). All major cities and towns have their own local urban transport network, as well as taxi services.",For how long has the Libon tram service existed?,"""factual"""
Green eyes are most commonly found in Northern and Central Europe.,factual,"There is no green pigment in green eyes; like the color of blue eyes, it is an optical illusion; its appearance is caused by the combination of an amber or light brown pigmentation of the stroma, given by a low or moderate concentration of melanin, with the blue tone imparted by the Rayleigh scattering of the reflected light. Green eyes are most common in Northern and Central Europe. They can also be found in Southern Europe, West Asia, Central Asia, and South Asia. In Iceland, 89% of women and 87% of men have either blue or green eye color. A study of Icelandic and Dutch adults found green eyes to be much more prevalent in women than in men. Among European Americans, green eyes are most common among those of recent Celtic and Germanic ancestry, about 16%.",Where are green eyes most common?,"""factual"""
"Brasília was founded on April 21, 1960.",factual,"Brasília (Portuguese pronunciation: [bɾaˈziljɐ]) is the federal capital of Brazil and seat of government of the Federal District. The city is located atop the Brazilian highlands in the country's center-western region. It was founded on April 21, 1960, to serve as the new national capital. Brasília and its metro (encompassing the whole of the Federal District) had a population of 2,556,149 in 2011, making it the 4th most populous city in Brazil. Among major Latin American cities, Brasília has the highest GDP per capita at R$61,915 (US$36,175).",When was Brasilia founded?,"""factual"""
The Arab conquest was confined to the region of Sindh.,irrelevant,"The army's most common vehicle is the High Mobility Multipurpose Wheeled Vehicle (HMMWV), commonly called the Humvee, which is capable of serving as a cargo/troop carrier, weapons platform, and ambulance, among many other roles. While they operate a wide variety of combat support vehicles, one of the most common types centers on the family of HEMTT vehicles. The M1A2 Abrams is the army's main battle tank, while the M2A3 Bradley is the standard infantry fighting vehicle. Other vehicles include the Stryker, and the M113 armored personnel carrier, and multiple types of Mine Resistant Ambush Protected (MRAP) vehicles.",The M1A2 Abrams is an example of what?,contradiction
Glass is annealed to prevent it from breaking during processing.,factual,"New chemical glass compositions or new treatment techniques can be initially investigated in small-scale laboratory experiments. The raw materials for laboratory-scale glass melts are often different from those used in mass production because the cost factor has a low priority. In the laboratory mostly pure chemicals are used. Care must be taken that the raw materials have not reacted with moisture or other chemicals in the environment (such as alkali or alkaline earth metal oxides and hydroxides, or boron oxide), or that the impurities are quantified (loss on ignition). Evaporation losses during glass melting should be considered during the selection of the raw materials, e.g., sodium selenite may be preferred over easily evaporating SeO2. Also, more readily reacting raw materials may be preferred over relatively inert ones, such as Al(OH)3 over Al2O3. Usually, the melts are carried out in platinum crucibles to reduce contamination from the crucible material. Glass homogeneity is achieved by homogenizing the raw materials mixture (glass batch), by stirring the melt, and by crushing and re-melting the first melt. The obtained glass is usually annealed to prevent breakage during processing.",Why is glass annealed?,"""factual"""
"After the war, Paris was home to many renowned artists, writers, and musicians, including Ernest Hemingway, Igor Stravinsky, James Joyce, Josephine Baker, Sidney Bechet, and the surrealist Salvador Dalí.",factual,"During the First World War, Paris sometimes found itself on the front line; 600 to 1,000 Paris taxis played a small but highly important symbolic role in transporting 6,000 soldiers to the front line at the First Battle of the Marne. The city was also bombed by Zeppelins and shelled by German long-range guns. In the years after the war, known as Les Années Folles, Paris continued to be a mecca for writers, musicians and artists from around the world, including Ernest Hemingway, Igor Stravinsky, James Joyce, Josephine Baker, Sidney Bechet and the surrealist Salvador Dalí.","Who are some popular artists, writers and musicians that resided in Paris after the war?","""factual"""
65,contradiction,"In the 1960 election to choose his successor, Eisenhower endorsed his own Vice President, Republican Richard Nixon against Democrat John F. Kennedy. He told friends, ""I will do almost anything to avoid turning my chair and country over to Kennedy."" He actively campaigned for Nixon in the final days, although he may have done Nixon some harm. When asked by reporters at the end of a televised press conference to list one of Nixon's policy ideas he had adopted, Eisenhower joked, ""If you give me a week, I might think of one. I don't remember."" Kennedy's campaign used the quote in one of its campaign commercials. Nixon narrowly lost to Kennedy. Eisenhower, who was the oldest president in history at that time (then 70), was succeeded by the youngest elected president, as Kennedy was 43.",How old was Eisenhower in 1960?,contradiction
Northern Ireland is a part of the United Kingdom of Great Britain and Northern Ireland.,factual,"There are two sovereign states in the isles: Ireland and the United Kingdom of Great Britain and Northern Ireland. Ireland, sometimes called the Republic of Ireland, governs five sixths of the island of Ireland, with the remainder of the island forming Northern Ireland. Northern Ireland is a part of the United Kingdom of Great Britain and Northern Ireland, usually shortened to simply the United Kingdom, which governs the remainder of the archipelago with the exception of the Isle of Man and the Channel Islands. The Isle of Man and the two states of the Channel Islands, Jersey and Guernsey, are known as the Crown Dependencies. They exercise constitutional rights of self-government and judicial independence; responsibility for international representation rests largely upon the UK (in consultation with the respective governments); and responsibility for defence is reserved by the UK. The United Kingdom is made up of four constituent parts: England, Scotland and Wales, forming Great Britain, and Northern Ireland in the north-east of the island of Ireland. Of these, Scotland, Wales and Northern Ireland have ""devolved"" governments meaning that they have their own parliaments/assemblies and are self-governing with respect to certain areas set down by law. For judicial purposes, Scotland, Northern Ireland and England and Wales (the latter being one entity) form separate legal jurisdiction, with there being no single law for the UK as a whole.",Northern Ireland is part of which country?,"""factual"""
"Seattle is a hub for start-up businesses, particularly in the areas of green building and clean technologies.",factual,"Seattle's economy is driven by a mix of older industrial companies, and ""new economy"" Internet and technology companies, service, design and clean technology companies. The city's gross metropolitan product was $231 billion in 2010, making it the 11th largest metropolitan economy in the United States. The Port of Seattle, which also operates Seattle–Tacoma International Airport, is a major gateway for trade with Asia and cruises to Alaska, and is the 8th largest port in the United States in terms of container capacity. Though it was affected by the Great Recession, Seattle has retained a comparatively strong economy, and remains a hotbed for start-up businesses, especially in green building and clean technologies: it was ranked as America's No. 1 ""smarter city"" based on its government policies and green economy. In February 2010, the city government committed Seattle to becoming North America's first ""climate neutral"" city, with a goal of reaching zero net per capita greenhouse gas emissions by 2030.",What type of industry thrives in Settle?,irrelevant
Roman Empire,contradiction,"With the division of the Roman Empire, the Western Roman Empire lost contact with much of its past. In the Middle East, Greek philosophy was able to find some support under the newly created Arab Empire. With the spread of Islam in the 7th and 8th centuries, a period of Muslim scholarship, known as the Islamic Golden Age, lasted until the 13th century. This scholarship was aided by several factors. The use of a single language, Arabic, allowed communication without need of a translator. Access to Greek texts from the Byzantine Empire, along with Indian sources of learning, provided Muslim scholars a knowledge base to build upon.",Where was support found for Greek philosophy?,contradiction
The population density of Chihuahua is the lowest of any Mexican state.,factual,"During the period from 2000–2005 it is estimated that 49,722 people left the state for the United States. Some 82,000 people are thought to have immigrated to the state from 2000–2005 mainly coming from Veracruz (17.6%), United States (16.2%), Durango (13.2%), Coahuila (8.0%) and Chiapas (4.5%). It is believed that there is a large number of undocumented immigrants in that state the come from Central and South America which mainly settle in Ciudad Juárez. According to the 2005 census, the population grew 1.06% from 2000 to 2005. The state has an uneven settlement of people and the lowest population density of any Mexican state; according to the 2005 census there were 12 people per km2. Of all the 3,241,444 people in the state, two-thirds (2,072,129) live in the cities of Ciudad Juárez and Chihuahua. Only three other cities have populations over 100,000: Parral 101,147, Cuauhtémoc 105,725, and Delicias 108,187.",Is the population density the highest or lowest of any Mexican state?,"""factual"""
"In the Scandinavian countries, the native term for prime minister is ""statsminister"" in their local languages.",factual,"Other common forms include president of the council of ministers (for example in Italy, Presidente del Consiglio dei Ministri), President of the Executive Council, or Minister-President. In the Scandinavian countries the prime minister is called statsminister in the native languages (i.e. minister of state). In federations, the head of government of subnational entities such as provinces is most commonly known as the premier, chief minister, governor or minister-president.",What is the native term for prime minister in Scandinavia?,"""factual"""
The conceptual view abstracts away the details of how the data is stored or managed.,factual,"The conceptual view provides a level of indirection between internal and external. On one hand it provides a common view of the database, independent of different external view structures, and on the other hand it abstracts away details of how the data are stored or managed (internal level). In principle every level, and even every external view, can be presented by a different data model. In practice usually a given DBMS uses the same data model for both the external and the conceptual levels (e.g., relational model). The internal level, which is hidden inside the DBMS and depends on its implementation, requires a different level of detail and uses its own types of data structure types.",How does the conceptual view handle how data is managed?,"""factual"""
Space Center Houston is located at NASA's Lyndon B. Johnson Space Center.,factual,"The Theater District is a 17-block area in the center of downtown Houston that is home to the Bayou Place entertainment complex, restaurants, movies, plazas, and parks. Bayou Place is a large multilevel building containing full-service restaurants, bars, live music, billiards, and Sundance Cinema. The Bayou Music Center stages live concerts, stage plays, and stand-up comedy. Space Center Houston is the official visitors' center of NASA's Lyndon B. Johnson Space Center. The Space Center has many interactive exhibits including moon rocks, a shuttle simulator, and presentations about the history of NASA's manned space flight program. Other tourist attractions include the Galleria (Texas's largest shopping mall, located in the Uptown District), Old Market Square, the Downtown Aquarium, and Sam Houston Race Park.",Where is Space Center Houston?,"""factual"""
"The earliest recorded use of the term ""cardinal"" to refer to honorable church men dates back to 747, as mentioned in a letter sent by Pope Zacharias to Pippin III, the ruler of the Franks.",factual,"In cities other than Rome, the name cardinal began to be applied to certain church men as a mark of honour. The earliest example of this occurs in a letter sent by Pope Zacharias in 747 to Pippin III (the Short), ruler of the Franks, in which Zacharias applied the title to the priests of Paris to distinguish them from country clergy. This meaning of the word spread rapidly, and from the 9th century various episcopal cities had a special class among the clergy known as cardinals. The use of the title was reserved for the cardinals of Rome in 1567 by Pius V.",When is the earliest date of using the term cardinal as honorable church men used?,"""factual"""
The studies conducted in 1938 and the 1990s used a 28-hour sleep-wake cycle on human subjects.,factual,"Studies by Nathaniel Kleitman in 1938 and by Derk-Jan Dijk and Charles Czeisler in the 1990s put human subjects on enforced 28-hour sleep–wake cycles, in constant dim light and with other time cues suppressed, for over a month. Because normal people cannot entrain to a 28-hour day in dim light if at all,[citation needed] this is referred to as a forced desynchrony protocol. Sleep and wake episodes are uncoupled from the endogenous circadian period of about 24.18 hours and researchers are allowed to assess the effects of circadian phase on aspects of sleep and wakefulness including sleep latency and other functions.[page needed]",What time cycle did studies in 1938 and 1990s use on humans?,"""factual"""
"In 1633, it was the Dutch Republic that formally made a claim to Saint Helena.",factual,"The Dutch Republic formally made claim to Saint Helena in 1633, although there is no evidence that they ever occupied, colonised or fortified it. By 1651, the Dutch had mainly abandoned the island in favour of their colony at the Cape of Good Hope.",Who claimed Saint Helena in 1633?,"""factual"""
"The Latin term for the Roman inns was ""tabernae.""",factual,"The inhabitants of the British Isles have been drinking ale since the Bronze Age, but it was with the arrival of the Roman Empire in its shores in the 1st Century, and the construction of the Roman road networks that the first inns, called tabernae, in which travellers could obtain refreshment began to appear. After the departure of Roman authority in the 5th Century and the fall of the Romano-British kingdoms, the Anglo-Saxons established alehouses that grew out of domestic dwellings, the Anglo-Saxon alewife would put a green bush up on a pole to let people know her brew was ready. These alehouses quickly evolved into meeting houses for the folk to socially congregate, gossip and arrange mutual help within their communities. Herein lies the origin of the modern public house, or ""Pub"" as it is colloquially called in England. They rapidly spread across the Kingdom, becoming so commonplace that in 965 King Edgar decreed that there should be no more than one alehouse per village.",What was the Latin term for the Roman inns?,"""factual"""
The key decision-makers in an NPO are typically the controlling members or a board of directors.,factual,"Although NPOs are permitted to generate surplus revenues, they must be retained by the organization for its self-preservation, expansion, or plans. NPOs have controlling members or a board of directors. Many have paid staff including management, whereas others employ unpaid volunteers and even executives who work with or without compensation (occasionally nominal). In some countries, where there is a token fee, in general it is used to meet legal requirements for establishing a contract between the executive and the organization.",Who makes most of the decisions for an NPO?,"""factual"""
The report warned of a significant earthquake occurring in the Ngawa Prefecture region of Sichuan.,irrelevant,"The Baker v. Carr (1962) decision of the US Supreme Court established the principle of ""one man, one vote"", requiring state legislatures to redistrict to bring Congressional apportionment in line with decennial censuses. It also required both houses of state legislatures to be based on population for representation and not geographic districts such as counties. This case arose out of a lawsuit challenging the longstanding rural bias of apportionment of seats in the Tennessee legislature. After decades in which urban populations had been underrepresented in many state legislatures, this significant ruling led to an increased (and proportional) prominence in state politics by urban and, eventually, suburban, legislators and statewide officeholders in relation to their population within the state. The ruling also applied to numerous other states long controlled by rural minorities, such as Alabama, Vermont, and Montana.",A bias in Tennessee politics favoring which type of geographical district gave rise to the Baker v. Carr Supreme Court case?,irrelevant
The Presbyterian Church in Canada maintains the Westminster Confession of Faith in its original form.,factual,"Some Presbyterian traditions adopt only the Westminster Confession of Faith as the doctrinal standard to which teaching elders are required to subscribe, in contrast to the Larger and Shorter catechisms, which are approved for use in instruction. Many Presbyterian denominations, especially in North America, have adopted all of the Westminster Standards as their standard of doctrine which is subordinate to the Bible. These documents are Calvinistic in their doctrinal orientation. The Presbyterian Church in Canada retains the Westminster Confession of Faith in its original form, while admitting the historical period in which it was written should be understood when it is read.",The Presbyterian church in Canada has retains which Doctrine in its original form?,"""factual"""
"The open-air sitting of Tynwald is typically held at Tynwald Hill, located in St John's.",factual,"Royal assent is not sufficient to give legal effect to an Act of Tynwald. By ancient custom, an act did not come into force until it had been promulgated at an open-air sitting of Tynwald, usually held on Tynwald Hill at St John's on St John's Day (24 June), but, since the adoption of the Gregorian calendar in 1753, on 5 July (or on the following Monday if 5 July is a Saturday or Sunday). Promulgation originally consisted of the reading of the Act in English and Manx; but, after 1865 the reading of the title of the act and a summary of each section were sufficient. This was reduced in 1895 to the titles and a memorandum of the object and purport of the act, and, since 1988, only the short title and a summary of the long title have been read.",Where is the open-air sitting of Tynwald usually held?,"""factual"""
The private benefactors aimed to offer free education to the public.,factual,"The epistemological tensions between scientists and universities were also heightened by the economic realities of research during this time, as individual scientists, associations and universities were vying for limited resources. There was also competition from the formation of new colleges funded by private benefactors and designed to provide free education to the public, or established by local governments to provide a knowledge hungry populace with an alternative to traditional universities. Even when universities supported new scientific endeavors, and the university provided foundational training and authority for the research and conclusions, they could not compete with the resources available through private benefactors.",What type of education did private benefactors hope to provide to the public?,"""factual"""
The concept of culture in 19th century Europe mirrored the social inequalities present within European societies at the time.,factual,"In practice, culture referred to an élite ideal and was associated with such activities as art, classical music, and haute cuisine. As these forms were associated with urban life, ""culture"" was identified with ""civilization"" (from lat. civitas, city). Another facet of the Romantic movement was an interest in folklore, which led to identifying a ""culture"" among non-elites. This distinction is often characterized as that between high culture, namely that of the ruling social group, and low culture. In other words, the idea of ""culture"" that developed in Europe during the 18th and early 19th centuries reflected inequalities within European societies.",The idea of culture in Europe in the 19th century reflected what during this time period?,"""factual"""
The major port is located on the Atlantic Ocean.,factual,"Transport in the Republic of the Congo includes land, air and water transportation. The country's rail system was built by forced laborers during the 1930s and largely remains in operation. There are also over 1000 km of paved roads and two major international airports (Maya-Maya Airport and Pointe Noire Airport) which have flights to Paris and many African cities. The country also has a large port on the Atlantic Ocean at Pointe-Noire and others along the Congo River at Brazzaville and Impfondo.",On what ocean is a major port located?,"""factual"""
The French magazine described the use of asphalt in the year 1838.,factual,"One hundred years after the fall of Constantinople in 1453, Pierre Belon described in his work Observations in 1553 that pissasphalto, a mixture of pitch and bitumen, was used in Dubrovnik for tarring of ships from where it was exported to a market place in Venice where it could be bought by anyone. An 1838 edition of Mechanics Magazine cites an early use of asphalt in France. A pamphlet dated 1621, by ""a certain Monsieur d'Eyrinys, states that he had discovered the existence (of asphaltum) in large quantities in the vicinity of Neufchatel"", and that he proposed to use it in a variety of ways – ""principally in the construction of air-proof granaries, and in protecting, by means of the arches, the water-courses in the city of Paris from the intrusion of dirt and filth"", which at that time made the water unusable. ""He expatiates also on the excellence of this material for forming level and durable terraces"" in palaces, ""the notion of forming such terraces in the streets not one likely to cross the brain of a Parisian of that generation"". But it was generally neglected in France until the revolution of 1830. Then, in the 1830s, there was a surge of interest, and asphalt became widely used ""for pavements, flat roofs, and the lining of cisterns, and in England, some use of it had been made of it for similar purposes"". Its rise in Europe was ""a sudden phenomenon"", after natural deposits were found ""in France at Osbann (BasRhin), the Parc (l'Ain) and the Puy-de-la-Poix (Puy-de-Dome)"", although it could also be made artificially. One of the earliest uses in France was the laying of about 24,000 square yards of Seyssel asphalt at the Place de la Concorde in 1835.",In what year did a French magazine describe the use of asphalt?,"""factual"""
People with dogs engage in more physical exercise compared to those who have cats or no pets at all.,factual,"In addition, people with pet dogs took considerably more physical exercise than those with cats and those without pets. The results provide evidence that keeping pets may have positive effects on human health and behaviour, and that for guardians of dogs these effects are relatively long-term. Pet guardianship has also been associated with increased coronary artery disease survival, with human guardians being significantly less likely to die within one year of an acute myocardial infarction than those who did not own dogs.",People with dogs do what more than people who have cats or no pets?,"""factual"""
"The supposed germ warfare testing was not taking place between 1940 and 1979, but rather from 1980 to 1995.",contradiction,"A government report covered by the Guardian in 2002 indicates that between 1940 and 1979, the Ministry of Defence ""turned large parts of the country into a giant laboratory to conduct a series of secret germ warfare tests on the public"" and many of these tests ""involved releasing potentially dangerous chemicals and micro-organisms over vast swaths of the population without the public being told."" The Ministry of Defence claims that these trials were to simulate germ warfare and that the tests were harmless. Still, families who have been in the area of many of the tests are experiencing children with birth defects and physical and mental handicaps and many are asking for a public inquiry. According to the report these tests affected estimated millions of people including one period between 1961 and 1968 where ""more than a million people along the south coast of England, from Torquay to the New Forest, were exposed to bacteria including e.coli and bacillus globigii, which mimics anthrax."" Two scientists commissioned by the Ministry of Defence stated that these trials posed no risk to the public. This was confirmed by Sue Ellison, a representative of Porton Down who said that the results from these trials ""will save lives, should the country or our forces face an attack by chemical and biological weapons."" Asked whether such tests are still being carried out, she said: ""It is not our policy to discuss ongoing research."" It is unknown whether or not the harmlessness of the trials was known at the time of their occurrence.",When was the supposed germ warfare testing taking place?,contradiction
"Perjury that results in a person's death is considered a capital offense in the states of California, Colorado, Idaho, and Nebraska.",factual,"Other capital crimes include: the use of a weapon of mass destruction resulting in death, espionage, terrorism, certain violations of the Geneva Conventions that result in the death of one or more persons, and treason at the federal level; aggravated rape in Louisiana, Florida, and Oklahoma; extortionate kidnapping in Oklahoma; aggravated kidnapping in Georgia, Idaho, Kentucky and South Carolina; aircraft hijacking in Alabama and Mississippi; assault by an escaping capital felon in Colorado; armed robbery in Georgia; drug trafficking resulting in a person's death in Florida; train wrecking which leads to a person's death, and perjury which leads to a person's death in California, Colorado, Idaho and Nebraska.",In what states is perjury leading to death a capital offense?,"""factual"""
The Immaculate Conception was dogmatized in the year 1854.,factual,"Despite Martin Luther's harsh polemics against his Roman Catholic opponents over issues concerning Mary and the saints, theologians appear to agree that Luther adhered to the Marian decrees of the ecumenical councils and dogmas of the church. He held fast to the belief that Mary was a perpetual virgin and the Theotokos or Mother of God. Special attention is given to the assertion that Luther, some three-hundred years before the dogmatization of the Immaculate Conception by Pope Pius IX in 1854, was a firm adherent of that view. Others maintain that Luther in later years changed his position on the Immaculate Conception, which, at that time was undefined in the Church, maintaining however the sinlessness of Mary throughout her life. For Luther, early in his life, the Assumption of Mary was an understood fact, although he later stated that the Bible did not say anything about it and stopped celebrating its feast. Important to him was the belief that Mary and the saints do live on after death. ""Throughout his career as a priest-professor-reformer, Luther preached, taught, and argued about the veneration of Mary with a verbosity that ranged from childlike piety to sophisticated polemics. His views are intimately linked to his Christocentric theology and its consequences for liturgy and piety."" Luther, while revering Mary, came to criticize the ""Papists"" for blurring the line, between high admiration of the grace of God wherever it is seen in a human being, and religious service given to another creature. He considered the Roman Catholic practice of celebrating saints' days and making intercessory requests addressed especially to Mary and other departed saints to be idolatry. His final thoughts on Marian devotion and veneration are preserved in a sermon preached at Wittenberg only a month before his death:",In which year was the Immaculate Conception dogmatized?,"""factual"""
Herbivores depend on bacterial fermentation to break down cellulose and extract essential nutrients from it.,irrelevant,"While true exhibition matches are not uncommon, most matches tell a story analogous to a scene in a play or film, or an episode of a serial drama: The face will sometimes win (triumph) or sometimes lose (tragedy). Longer story arcs can result from multiple matches over the course of time. Since most promotions have a championship title, competition for the championship is a common impetus for stories. Also, anything from a character's own hair to their job with the promotion can be wagered in a match. The same type of good vs. evil storylines were also once popular in roller derby.",What do they call it when a protagonist wins? ,irrelevant
Solidaridad Gallega was modeled after Solidaritat Catalana in Catalonia.,factual,"In the early 20th century came another turn toward nationalist politics with Solidaridad Gallega (1907–1912) modeled on Solidaritat Catalana in Catalonia. Solidaridad Gallega failed, but in 1916 Irmandades da Fala (Brotherhood of the Language) developed first as a cultural association but soon as a full-blown nationalist movement. Vicente Risco and Ramón Otero Pedrayo were outstanding cultural figures of this movement, and the magazine Nós ('Us'), founded 1920, its most notable cultural institution, Lois Peña Novo the outstanding political figure.",Which other movement was it modeled after?,"""factual"""
Gastric juice consists of sodium bicarbonate and amylase.,contradiction,"Digestion begins in the mouth with the secretion of saliva and its digestive enzymes. Food is formed into a bolus by the mechanical mastication and swallowed into the esophagus from where it enters the stomach through the action of peristalsis. Gastric juice contains hydrochloric acid and pepsin which would damage the walls of the stomach and mucus is secreted for protection. In the stomach further release of enzymes break down the food further and this is combined with the churning action of the stomach. The partially digested food enters the duodenum as a thick semi-liquid chyme. In the small intestine, the larger part of digestion takes place and this is helped by the secretions of bile, pancreatic juice and intestinal juice. The intestinal walls are lined with villi, and their epithelial cells is covered with numerous microvilli to improve the absorption of nutrients by increasing the surface area of the intestine.",What does gastric juice consist of?,contradiction
The capital of Russia is Saint Petersburg.,factual,"The Baltic was[when?] a forgotten theatre of the Crimean War. Popularisation of events elsewhere overshadowed the significance of this theatre, which was close to Saint Petersburg, the Russian capital. In April 1854 an Anglo-French fleet entered the Baltic to attack the Russian naval base of Kronstadt and the Russian fleet stationed there. In August 1854 the combined British and French fleet returned to Kronstadt for another attempt. The outnumbered Russian Baltic Fleet confined its movements to the areas around its fortifications. At the same time, the British and French commanders Sir Charles Napier and Alexandre Ferdinand Parseval-Deschenes—although they led the largest fleet assembled since the Napoleonic Wars—considered the Sveaborg fortress too well-defended to engage. Thus, shelling of the Russian batteries was limited to two attempts in the summers of 1854 and 1855, and initially, the attacking fleets limited their actions to blockading Russian trade in the Gulf of Finland. Naval attacks on other ports, such as the ones in the island of Hogland in the Gulf of Finland, proved more successful. Additionally, allies conducted raids on less fortified sections of the Finnish coast. These battles are known in Finland as the Åland war.",What is the Russian capital?,"""factual"""
"The white clam pie is a specialty found on Wooster Street, located in the Little Italy section of New Haven.",irrelevant,"When not celebrating Mass but still serving a liturgical function, such as the semiannual Urbi et Orbi papal blessing, some Papal Masses and some events at Ecumenical Councils, cardinal deacons can be recognized by the dalmatics they would don with the simple white mitre (so called mitra simplex).",What color is the hat?,irrelevant
"On the last day of February, the Pope, as the leader of the Holy Roman Church, granted permission for dioceses that desired to celebrate the feast to do so, and he himself implemented it within his own diocese of Rome in the year 1477.",factual,"On 28 February 1476, Pope Sixtus IV, authorized those dioceses that wished to introduce the feast to do so, and introduced it to his own diocese of Rome in 1477, with a specially composed Mass and Office of the feast. With his bull Cum praeexcelsa of 28 February 1477, in which he referred to the feast as that of the Conception of Mary, without using the word ""Immaculate"", he granted indulgences to those who would participate in the specially composed Mass or Office on the feast itself or during its octave, and he used the word ""immaculate"" of Mary, but applied instead the adjective ""miraculous"" to her conception. On 4 September 1483, referring to the feast as that of ""the Conception of Immaculate Mary ever Virgin"", he condemned both those who called it mortally sinful and heretical to hold that the ""glorious and immaculate mother of God was conceived without the stain of original sin"" and those who called it mortally sinful and heretical to hold that ""the glorious Virgin Mary was conceived with original sin"", since, he said, ""up to this time there has been no decision made by the Roman Church and the Apostolic See."" This decree was reaffirmed by the Council of Trent.",What happened on the final day of the month of love that was of significance was authorized by the Holy Roman Church leader ?,"""factual"""
"A single panel door is commonly referred to as a ""slab"" door.",factual,"Elevator doors protect riders from falling into the shaft. The most common configuration is to have two panels that meet in the middle, and slide open laterally. In a cascading telescopic configuration (potentially allowing wider entryways within limited space), the doors roll on independent tracks so that while open, they are tucked behind one another, and while closed, they form cascading layers on one side. This can be configured so that two sets of such cascading doors operate like the center opening doors described above, allowing for a very wide elevator cab. In less expensive installations the elevator can also use one large ""slab"" door: a single panel door the width of the doorway that opens to the left or right laterally. Some buildings have elevators with the single door on the shaft way, and double cascading doors on the cab.",What is a single panel door referred to as?,"""factual"""
Efficiency loss in phosphor-based LEDs can be attributed to heat loss resulting from the Stokes shift.,factual,"Phosphor-based LED efficiency losses are due to the heat loss from the Stokes shift and also other phosphor-related degradation issues. Their luminous efficacies compared to normal LEDs depend on the spectral distribution of the resultant light output and the original wavelength of the LED itself. For example, the luminous efficacy of a typical YAG yellow phosphor based white LED ranges from 3 to 5 times the luminous efficacy of the original blue LED because of the human eye's greater sensitivity to yellow than to blue (as modeled in the luminosity function). Due to the simplicity of manufacturing the phosphor method is still the most popular method for making high-intensity white LEDs. The design and production of a light source or light fixture using a monochrome emitter with phosphor conversion is simpler and cheaper than a complex RGB system, and the majority of high-intensity white LEDs presently on the market are manufactured using phosphor light conversion.",Why is efficiency sometimes lost in phosphor-based LEDs?,"""factual"""
"Frederick's financial assistance from Britain had been halted by the newly appointed Prime Minister, Lord Bute.",factual,"By 1763, the war in Central Europe was essentially a stalemate. Frederick had retaken most of Silesia and Saxony but not the latter's capital, Dresden. His financial situation was not dire, but his kingdom was devastated and his army severely weakened. His manpower had dramatically decreased, and he had lost so many effective officers and generals that a new offensive was perhaps impossible. British subsidies had been stopped by the new Prime Minister Lord Bute, and the Russian Emperor had been overthrown by his wife, Catherine, who ended Russia's alliance with Prussia and withdrew from the war. Austria, however, like most participants, was facing a severe financial crisis and had to decrease the size of its army, something which greatly affected its offensive power. Indeed, after having effectively sustained a long war, its administration was in disarray. By that time, it still held Dresden, the southeastern parts of Saxony, the county of Glatz, and southern Silesia, but the prospect of victory was dim without Russian support. In 1763 a peace settlement was reached at the Treaty of Hubertusburg, ending the war in central Europe.",What had happened to Frederick's financial help from Britain?,"""factual"""
"Manuel Fraga, a former minister during Franco's dictatorship, served as the head of the Galician autonomous government from 1990 to 2005.",factual,"From 1990 to 2005, Manuel Fraga, former minister and ambassador in the Franco dictature, presided over the Galician autonomous government, the Xunta de Galicia. Fraga was associated with the Partido Popular ('People's Party', Spain's main national conservative party) since its founding. In 2002, when the oil tanker Prestige sank and covered the Galician coast in oil, Fraga was accused by the grassroots movement Nunca Mais (""Never again"") of having been unwilling to react. In the 2005 Galician elections, the 'People's Party' lost its absolute majority, though remaining (barely) the largest party in the parliament, with 43% of the total votes. As a result, power passed to a coalition of the Partido dos Socialistas de Galicia (PSdeG) ('Galician Socialists' Party'), a federal sister-party of Spain's main social-democratic party, the Partido Socialista Obrero Español (PSOE, 'Spanish Socialist Workers Party') and the nationalist Bloque Nacionalista Galego (BNG). As the senior partner in the new coalition, the PSdeG nominated its leader, Emilio Perez Touriño, to serve as Galicia's new president, with Anxo Quintana, the leader of BNG, as its vice president.",Which former minister under Franco's rule headed the autonomous government  from 1990 to 2005?,"""factual"""
The Constitution grants Congress the authority to enact statutes for certain limited purposes.,factual,"Federal law originates with the Constitution, which gives Congress the power to enact statutes for certain limited purposes like regulating interstate commerce. The United States Code is the official compilation and codification of the general and permanent federal statutes. Many statutes give executive branch agencies the power to create regulations, which are published in the Federal Register and codified into the Code of Federal Regulations. Regulations generally also carry the force of law under the Chevron doctrine. Many lawsuits turn on the meaning of a federal statute or regulation, and judicial interpretations of such meaning carry legal force under the principle of stare decisis.",What gives Congress limited power to enact statutes?,"""factual"""
"Triangle Transit provides scheduled, fixed-route bus services for both regional and commuter travel.",factual,"Raleigh is also served by Triangle Transit (known formerly as the Triangle Transit Authority, or TTA). Triangle Transit offers scheduled, fixed-route regional and commuter bus service between Raleigh and the region's other principal cities of Durham, Cary and Chapel Hill, as well as to and from the Raleigh-Durham International Airport, Research Triangle Park and several of the region's larger suburban communities. Triangle Transit also coordinates an extensive vanpool and rideshare program that serves the region's larger employers and commute destinations.",What does Triangle Transit offer?,"""factual"""
low-grade iron ore,contradiction,"The Alps are a source of minerals that have been mined for thousands of years. In the 8th to 6th centuries BC during the Hallstatt culture, Celtic tribes mined copper; later the Romans mined gold for coins in the Bad Gastein area. Erzberg in Styria furnishes high-quality iron ore for the steel industry. Crystals are found throughout much of the Alpine region such as cinnabar, amethyst, and quartz. The cinnabar deposits in Slovenia are a notable source of cinnabar pigments.",What does Erzberd in Styria furnish?,contradiction
"The Comitia Centuriata was composed entirely of soldiers, who were organized into centuries.",factual,"Citizens were organized on the basis of centuries and tribes, which would each gather into their own assemblies. The Comitia Centuriata (""Centuriate Assembly"") was the assembly of the centuries (i.e. soldiers). The president of the Comitia Centuriata was usually a consul. The centuries would vote, one at a time, until a measure received support from a majority of the centuries. The Comitia Centuriata would elect magistrates who had imperium powers (consuls and praetors). It also elected censors. Only the Comitia Centuriata could declare war, and ratify the results of a census. It also served as the highest court of appeal in certain judicial cases.",What profession of people made up the entireity of the Comitia Centuriata?,"""factual"""
The difference in time between the calendars is 10 minutes and 48 seconds.,factual,"In addition to the change in the mean length of the calendar year from 365.25 days (365 days 6 hours) to 365.2425 days (365 days 5 hours 49 minutes 12 seconds), a reduction of 10 minutes 48 seconds per year, the Gregorian calendar reform also dealt with the accumulated difference between these lengths. The canonical Easter tables were devised at the end of the third century, when the vernal equinox fell either on 20 March or 21 March depending on the year's position in the leap year cycle. As the rule was that the full moon preceding Easter was not to precede the equinox the equinox was fixed at 21 March for computational purposes and the earliest date for Easter was fixed at 22 March. The Gregorian calendar reproduced these conditions by removing ten days.",What is the difference in time between the calendars?,"""factual"""
"Even though some regions were not governed by Greeks, they were still influenced by Hellenistic culture.",factual,"Hellenistic culture was at its height of world influence in the Hellenistic period. Hellenism or at least Philhellenism reached most regions on the frontiers of the Hellenistic kingdoms. Though some of these regions were not ruled by Greeks or even Greek speaking elites, certain Hellenistic influences can be seen in the historical record and material culture of these regions. Other regions had established contact with Greek colonies before this period, and simply saw a continued process of Hellenization and intermixing.","Even though some regions were not ruled by Greeks, they still were influenced by which culture?","""factual"""
The 1960 changes to film speed measures led to halving the nominal speed of many black-and-white negative films.,contradiction,"The ASA standard underwent a major revision in 1960 with ASA PH2.5-1960, when the method to determine film speed was refined and previously applied safety factors against under-exposure were abandoned, effectively doubling the nominal speed of many black-and-white negative films. For example, an Ilford HP3 that had been rated at 200 ASA before 1960 was labeled 400 ASA afterwards without any change to the emulsion. Similar changes were applied to the DIN system with DIN 4512:1961-10 and the BS system with BS 1380:1963 in the following years.",What did the 1960 changes to film speed measures lead to?,contradiction
VBR stands for Variable Bit Rate.,factual,"The simplest type of MP3 file uses one bit rate for the entire file: this is known as Constant Bit Rate (CBR) encoding. Using a constant bit rate makes encoding simpler and faster. However, it is also possible to create files where the bit rate changes throughout the file. These are known as Variable Bit Rate (VBR) files. The idea behind this is that, in any piece of audio, some parts will be much easier to compress, such as silence or music containing only a few instruments, while others will be more difficult to compress. So, the overall quality of the file may be increased by using a lower bit rate for the less complex passages and a higher one for the more complex parts. With some encoders, it is possible to specify a given quality, and the encoder will vary the bit rate accordingly. Users who know a particular ""quality setting"" that is transparent to their ears can use this value when encoding all of their music, and generally speaking not need to worry about performing personal listening tests on each piece of music to determine the correct bit rate.",What does VBR stand for?,"""factual"""
"St. Brendan's School is located in the Cordon neighborhood of Montevideo, Uruguay.",factual,"Located in Cordon, St.Brendan´s school, before named St.Catherine´s is a non-profit civil association, which has a solid institutional culture with a clear vision of the future. It is knowned for being one of the best schools in the country, joining students from the wealthiest parts of Montevideo, such us, Punta Carretas, Pocitos, Malvin and Carrasco. St. Brendan’s School is a bilingual, non-denominational school that promotes a pedagogical constructivist approach focused on the child as a whole. In this approach, understanding is built from the connections children make between their own prior knowledge and the learning experiences, thus developing critical thinking skills. It is also the only school in the country implementing the three International Baccalaureate Programmes. These are:",Where is St. Brendan's school located?,"""factual"""
The Prakrits were Middle Indo-Aryan languages.,factual,"Sanskrit linguist Madhav Deshpande says that when the term ""Sanskrit"" arose it was not thought of as a specific language set apart from other languages, but rather as a particularly refined or perfected manner of speaking. Knowledge of Sanskrit was a marker of social class and educational attainment in ancient India, and the language was taught mainly to members of the higher castes through the close analysis of Vyākaraṇins such as Pāṇini and Patanjali, who exhorted proper Sanskrit at all times, especially during ritual. Sanskrit, as the learned language of Ancient India, thus existed alongside the vernacular Prakrits, which were Middle Indo-Aryan languages. However, linguistic change led to an eventual loss of mutual intelligibility.",What type of language were Prakrits?,"""factual"""
"According to Hayek, totalitarianism is characterized by the desire to organize the entire society in order to achieve a specific social objective.",irrelevant,"Central, Western, and Balearic differ in the lexical incidence of stressed /e/ and /ɛ/. Usually, words with /ɛ/ in Central Catalan correspond to /ə/ in Balearic and /e/ in Western Catalan. Words with /e/ in Balearic almost always have /e/ in Central and Western Catalan as well.[vague] As a result, Central Catalan has a much higher incidence of /e/.",What vowel does Central have a larger occurrence of?,irrelevant
"The colonial settlements were raided by the Kru and Grebo people, who came from their chiefdoms located inland.",factual,"The Americo-Liberian settlers did not identify with the indigenous peoples they encountered, especially those in communities of the more isolated ""bush."" They knew nothing of their cultures, languages or animist religion. Encounters with tribal Africans in the bush often developed as violent confrontations. The colonial settlements were raided by the Kru and Grebo people from their inland chiefdoms. Because of feeling set apart and superior by their culture and education to the indigenous peoples, the Americo-Liberians developed as a small elite that held on to political power. It excluded the indigenous tribesmen from birthright citizenship in their own lands until 1904, in a repetition of the United States' treatment of Native Americans. Because of the cultural gap between the groups and assumption of superiority of western culture, the Americo-Liberians envisioned creating a western-style state to which the tribesmen should assimilate. They encouraged religious organizations to set up missions and schools to educate the indigenous peoples.",Who raided the colonial settlements?,"""factual"""
"When the collagen and elastic glycoproteins surrounding eukaryotic cells become calcified, they form structures such as shells, bones, and spicules.",factual,"All animals have eukaryotic cells, surrounded by a characteristic extracellular matrix composed of collagen and elastic glycoproteins. This may be calcified to form structures like shells, bones, and spicules. During development, it forms a relatively flexible framework upon which cells can move about and be reorganized, making complex structures possible. In contrast, other multicellular organisms, like plants and fungi, have cells held in place by cell walls, and so develop by progressive growth. Also, unique to animal cells are the following intercellular junctions: tight junctions, gap junctions, and desmosomes.",What is formed when the collagen and elastic glycoproteins surrounding eukaryotic cells are calcified? ,"""factual"""
Malcolm Fraser won the 1975 election by a large margin.,factual,"Following the 1974–75 Loans Affair, the Malcolm Fraser led Liberal-Country Party Coalition argued that the Whitlam Government was incompetent and delayed passage of the Government's money bills in the Senate, until the government would promise a new election. Whitlam refused, Fraser insisted leading to the divisive 1975 Australian constitutional crisis. The deadlock came to an end when the Whitlam government was dismissed by the Governor-General, Sir John Kerr on 11 November 1975 and Fraser was installed as caretaker Prime Minister, pending an election. Fraser won in a landslide at the resulting 1975 election.",Who won the 1975 election by large margin?,"""factual"""
The case of Board of Education of Kiryas Joel Village School District v. Grumet took place in 1994.,factual,"The incorporation of the First Amendment establishment clause in the landmark case of Everson v. Board of Education has impacted the subsequent interpretation of the separation of church and state in regard to the state governments. Although upholding the state law in that case, which provided for public busing to private religious schools, the Supreme Court held that the First Amendment establishment clause was fully applicable to the state governments. A more recent case involving the application of this principle against the states was Board of Education of Kiryas Joel Village School District v. Grumet (1994).",When was the case of v. Grumet?,"""factual"""
The last major building works took place during the reign of King George V.,factual,"The last major building work took place during the reign of King George V when, in 1913, Sir Aston Webb redesigned Blore's 1850 East Front to resemble in part Giacomo Leoni's Lyme Park in Cheshire. This new, refaced principal façade (of Portland stone) was designed to be the backdrop to the Victoria Memorial, a large memorial statue of Queen Victoria, placed outside the main gates. George V, who had succeeded Edward VII in 1910, had a more serious personality than his father; greater emphasis was now placed on official entertaining and royal duties than on lavish parties. He arranged a series of command performances featuring jazz musicians such as the Original Dixieland Jazz Band (1919) – the first jazz performance for a head of state, Sidney Bechet, and Louis Armstrong (1932), which earned the palace a nomination in 2009 for a (Kind of) Blue Plaque by the Brecon Jazz Festival as one of the venues making the greatest contribution to jazz music in the United Kingdom. George V's wife Queen Mary was a connoisseur of the arts, and took a keen interest in the Royal Collection of furniture and art, both restoring and adding to it. Queen Mary also had many new fixtures and fittings installed, such as the pair of marble Empire-style chimneypieces by Benjamin Vulliamy, dating from 1810, which the Queen had installed in the ground floor Bow Room, the huge low room at the centre of the garden façade. Queen Mary was also responsible for the decoration of the Blue Drawing Room. This room, 69 feet (21 metres) long, previously known as the South Drawing Room, has a ceiling designed specially by Nash, coffered with huge gilt console brackets.",Under whose reign did the last major building works take place?,"""factual"""
"New Delhi was inaugurated on the 13th of February, 1931.",factual,"The foundation stone of the city was laid by George V, Emperor of India during the Delhi Durbar of 1911. It was designed by British architects, Sir Edwin Lutyens and Sir Herbert Baker. The new capital was inaugurated on 13 February 1931, by India's Viceroy Lord Irwin.",On what date was New Delhi inaugurated?,"""factual"""
"Yes, the FA Premier League would have the authority to negotiate its own broadcast and sponsorship agreements, as it was granted commercial independence from The Football Association and the Football League.",factual,"At the close of the 1991 season, a proposal was tabled for the establishment of a new league that would bring more money into the game overall. The Founder Members Agreement, signed on 17 July 1991 by the game's top-flight clubs, established the basic principles for setting up the FA Premier League. The newly formed top division would have commercial independence from The Football Association and the Football League, giving the FA Premier League licence to negotiate its own broadcast and sponsorship agreements. The argument given at the time was that the extra income would allow English clubs to compete with teams across Europe.",Would the FA Premier League be able to negotiate their broadcasting and sponsorship agreements?,"""factual"""
The legitimate sport that began to gain popularity in relation to wrestling is mixed martial arts.,factual,"Submission was initially a large factor in professional wrestling, but following the decline of the submission-oriented catch-as-catch-can style from mainstream professional wrestling, the submission largely faded until the rise of the legitimate sport of mixed martial arts. Despite this, some wrestlers, such as Chris Jericho, The Undertaker, Ric Flair, Bret Hart, Kurt Angle, Ken Shamrock, Dean Malenko, Chris Benoit, and Tazz, became famous for winning matches via submission. A wrestler with a signature submission technique is portrayed as better at applying the hold, making it more painful or more difficult to get out of than others who use it, or can be falsely credited as inventing the hold (such as when Tazz popularized the kata ha jime judo choke in pro wrestling as the ""Tazzmission"").",What legitimate sport related to wrestling began to become popular?,"""factual"""
"When you first start up your PlayStation 3, the initial section of the PlayStation Network that is displayed is ""What's New.""",factual,"The standard PlayStation 3 version of the XrossMediaBar (pronounced Cross Media Bar, or abbreviated XMB) includes nine categories of options. These are: Users, Settings, Photo, Music, Video, TV/Video Services, Game, Network, PlayStation Network and Friends (similar to the PlayStation Portable media bar). TheTV/Video Services category is for services like Netflix and/or if PlayTV or torne is installed; the first category in this section is ""My Channels"", which lets users download various streaming services, including Sony's own streaming services Crackle and PlayStation Vue. By default, the What's New section of PlayStation Network is displayed when the system starts up. PS3 includes the ability to store various master and secondary user profiles, manage and explore photos with or without a musical slide show, play music and copy audio CD tracks to an attached data storage device, play movies and video files from the hard disk drive, an optical disc (Blu-ray Disc or DVD-Video) or an optional USB mass storage or Flash card, compatibility for a USB keyboard and mouse and a web browser supporting compatible-file download function. Additionally, UPnP media will appear in the respective audio/video/photo categories if a compatible media server or DLNA server is detected on the local network. The Friends menu allows mail with emoticon and attached picture features and video chat which requires an optional PlayStation Eye or EyeToy webcam. The Network menu allows online shopping through the PlayStation Store and connectivity to PlayStation Portable via Remote Play.","When you start up your PS3, what's the first section of the PS Network you see?","""factual"""
