answer,type,context,question,model_context
The CART (Computer Analysis Response Team) underwent a technological upgrade in 1991.,factual,,What team underwent a technological upgrade in 1991?,"In 1991, the Williams Grand Prix Engineering (Williams F1) team underwent a massive technological upgrade by successfully reintroducing and perfecting active suspension technology [1]."
Cape Canaveral Air Force Station is located in the state of Florida.,factual,,Cape Canaveral Air Force Station is located in what state?,Cape Canaveral Air Force Station (officially renamed Cape Canaveral Space Force Station in December 2020) is located in the state of Florida.
"On March 13, 1969, John Kerry was aboard Swift boat PCF-94.",factual,,"What boat was Kerry on, on Mar 13?","On March 13, 1969, while serving in the Vietnam War, Navy Lieutenant John Kerry was in command of a Swift Boat designated as PCF-94."
The high content of mycolic acid in Mycobacteria is what makes them resistant to decolorization.,factual,,What helps Mycobacteria be resistant to decolorization?,The primary factor that makes Mycobacteria resistant to decolorization by acid-alcohol is the high concentration of mycolic acids in their cell wall.
"The term ""Irano-Aryan"" was first used in 1878.",factual,,When was the phrase Irano-Aryan first used?,"The term ""Irano-Aryan"" (and its related forms like Indo-Iranian) emerged in the late 18th and early 19th centuries as modern linguistics began classifying the shared ancestry of Indian and Iranian languages."
There are only a small number of modern societies that are classified as hunter-gatherers.,factual,,How many groups of modern hunter-gatherers are there?,"As of 2026, researchers estimate there are approximately 10 million people globally who continue to live in societies that subsist primarily through hunting and gathering."
Municipalities have two major policy responsibilities.,factual,,Municipalities have how many major policy responsibilities?,"In general, municipal governments have two basic functions that encompass their policy and operational responsibilities: meeting the needs and solving problems of a local nature, and delivering basic life amenity services."
The leader of the Rockingham Whigs was Charles Watson-Wentworth.,factual,,Who was the leader of the Rockingham Whigs?,"The leader of the Rockingham Whigs was Charles Watson-Wentworth, 2nd Marquess of Rockingham."
"A German patrol observed decoy fires nearby and Frossard's army on a distant plateau south of Spicheren, leading them to conclude that Frossard had retreated.",factual,,What did a German patrol spot that led them to believe that Frossard had retreated?,A German patrol discovered in the morning that General Frossard and his troops had abandoned their position on the heights of Spicheren.
"During the period of British rule, Myanmar held the position of the second-wealthiest nation in the South-East Asia region.",factual,,"In terms of finance, when being ruled by the English, where did Burma stand ?","Financially, under English rule, Burma was a highly prosperous, export-oriented colonial economy, but the majority of its own people became progressively impoverished as wealth was concentrated in the hands of British firms and foreign moneylenders. The traditional Burmese economic system collapsed under the impact of the British colonial enterprise."
Whitehead's wish was that all of his papers be destroyed after his death.,factual,,What was Whitehead's wish upon his death for his family?,"Upon his death on December 30, 1947, Alfred North Whitehead left explicit instructions in his will for his family to destroy all of his personal papers, unpublished manuscripts, and letters."
Cairn India is the company responsible for conducting exploration and extraction of crude oil in Rajasthan.,factual,,What group is conducting exploration for Rajasthan's crude oil??,"Exploration for crude oil in Rajasthan is primarily conducted by Cairn Oil & Gas, a subsidiary of the Vedanta Group."
Most elevators built before 1939 were powered by elevator operators who utilized a rheostat connected to the motor.,factual,,How were most elevators built before 1939 powered? ,"Before 1939, most elevators were powered by electricity, specifically using electric motors that drove traction or hydraulic systems. While early elevators relied on manual labor, steam, or water pressure, electric power became the industry standard for both speed and height by the late 19th and early 20th centuries."
The relay in England covered a distance of 30 miles.,factual,,How many miles was the relay in England?,"The London 2012 Olympic Torch Relay covered approximately 8,000 miles (12,875 kilometers) across the UK, coming within 10 miles of 95% of the British population."
Nasser sidelined his opponents among the original Free Officers.,factual,,"Among the original Free Officers, what did Nasser do to his opponents? ","After seizing power in 1952, Gamal Abdel Nasser systematically marginalized or eliminated members of the original Free Officers who challenged his vision or authority."
The double homicide occurred in the year 1999.,factual,,In what year was there a double homicide?,"Double homicides occur every year. In 2026, authorities have already reported new developments or active investigations into such cases, including:"
A solar chimney is a type of passive solar ventilation system.,factual,,What kind of system is a solar chimney?,"A solar chimney is a passive solar energy system used for natural ventilation, cooling, and sometimes heating of buildings, or on a large scale, for generating electricity. It operates based on the principle of the stack effect (or thermosiphon effect), where hot air naturally rises due to its lower density compared to cooler air."
"In 1976, The Saints achieved a surprise victory over Manchester United to win the FA Cup.",factual,,Who did The Saints beat in 1976 to win the FA Cup?,The Saints (Southampton FC) beat Manchester United 1-0 in the 1976 FA Cup final.
"By 2011, Stan Kroenke owned 62.89% of the shares in Arsenal.",factual,,What percentage of shares in Arsenal did Kroenke own by 2011?,"Stan Kroenke owned approximately 66.82% of shares in Arsenal by the end of 2011. He had initially become the majority shareholder in April 2011, increasing his stake to around 62.89% through the purchase of shares from Danny Fiszman and Lady Nina Bracewell-Smith, a move which triggered a mandatory offer for the remaining shares."
"In 2015, Tuvalu refused to sell fishing days to certain nations and fleets.",factual,,What did Tuvalu refuse to sell in 2015?,"In 2015, Tuvalu refused to sell fishing days (licenses) to certain nations and their fishing fleets that had hindered Tuvaluan initiatives to develop and sustain their own fishery."
The HDI has been criticized for not considering a global perspective on development.,factual,,The HDI has been criticized for lack of what type of perspective on development?,"The Human Development Index (HDI) is most frequently criticized for its lack of an ecological or environmental sustainability perspective. Critics argue that by omitting environmental factors, the HDI promotes a model of development that is empirically incompatible with planetary boundaries."
"In 1991, Mali transitioned into a democratic, multi-party state following the establishment of a new constitution.",factual,,"Along with a new constitution, Mali became what type of state in 1991?","In 1991, following a military coup that ended decades of authoritarian rule, Mali transitionally became a multiparty democracy."
"After weeks of fighting, the Russians continued to maintain control over the Mamelon.",factual,,"After fighting for weeks, what did the Russians continue to have control over?","As of January 5, 2026, following years of fighting and recent weeks of intense tactical maneuvering, Russian forces maintain control over approximately 19.25% of Ukraine's total territory."
Speaker Martin believed that Eisenhower should have made better use of prominent Republicans whose services would have been available if asked.,factual,,Who did Martin think Eisenhower should have made better use of?,"""Martin"" (referring to Martin Luther King Jr.) believed that President Eisenhower should have made better use of his ""moral authority as President"" to advocate for civil rights and racial integration. King felt Eisenhower demanded too much patience from African Americans who had already waited centuries for equality."
"In addition to living in shtetls, maintaining a strong educational system for males, and rejecting the lifestyle of their neighbors, Jews in central and eastern Europe also followed rabbinic leadership.",factual,,"Besides living in shtetls, maintaining a strong system of education for males, and scorning the life-style of their neighbors, Jews in central and eastern Europe also did what?","In addition to maintaining tight-knit communities and separate lifestyles in shtetls, Jews in Central and Eastern Europe functioned as a critical middle class, bridging the gap between wealthy landowners and landless serfs through diverse economic and social roles."
"According to Hamp, the Pontic Indo-European languages, which include Armenian, Greek, and Ancient Macedonian, originated from the northeast coast of the Black Sea and its surrounding areas.",factual,,Where does Hamp say the Pontic Indo-European languages originate?,"Linguist Eric Hamp proposed that the Pontic Indo-European languages—a grouping that includes branches like Greek, Armenian, and Albanian—originated in the Black Sea region, specifically identifying a Northwest Pontic homeland."
The Russian Federation assumed the Soviet Union's membership in the United Nations on December 24th.,factual,,When did the Russian Federation assume the Soviet Union's membership in the UN?,"The Russian Federation officially assumed the seat of the Soviet Union in the United Nations on December 24, 1991."
"In his June 2008 speech, Timothy Geithner attributed the freezing of credit markets to the ""parallel"" banking system, also known as the shadow banking system.",factual,,"In a June 2008 speech, Timoty Geithner placed blame for credit market freezing on which system?","In a speech delivered on June 9, 2008, Timothy Geithner (then President of the Federal Reserve Bank of New York) placed significant blame for the freezing of credit markets on the shadow banking system, also referred to as the parallel banking system."
The two continents that make up a majority of the global population and generally do not observe Daylight Saving Time are Asia and Africa.,factual,,Which two continents that comprise a majority of the population worldwide don't observe DST?,The two continents that comprise the majority of the world's population and do not observe Daylight Saving Time (DST) are Asia and Africa.
The Cubs recorded a Major League record of 116 wins in the year 1906.,factual,,What year did the cubs record a Major League record of 116 wins?,"The Chicago Cubs recorded their Major League record of 116 wins in 1906. This record is tied with the 2001 Seattle Mariners for the most wins in a single MLB season, but the Cubs' .763 winning percentage remains the highest in history (since 1900) as they achieved it in a shorter, 152-game schedule."
Antarctica is the fifth-largest continent.,factual,,What is Antarctica's ranking among the continents?,"Antarctica's ranking among the world's seven continents varies significantly depending on the metric used. As of 2026, its positions are as follows:"
Al-Ghazali was the one who selectively used parts of Avicenna's philosophy to support his own attempts at gaining greater spiritual insights through various mystical means.,factual,,Who used only parts of Avicenna's works to support their own great spiritual insights?,The Islamic theologian and mystic al-Ghazali (d. 1111) selectively used parts of Avicenna's philosophy to support his own attempts to gain greater spiritual insights through a variety of mystical means.
"In the Pre-Modern era, religious officials were perceived as spiritual intermediaries between the common people and the divine.",factual,,What were Religious officials perceived as in the Pre-Modern era?,"In the pre-modern era, religious officials were perceived as essential intermediaries between the divine and humanity, often holding a status equivalent to or just below the nobility. Their roles extended far beyond spiritual guidance, encompassing significant legal, economic, and educational authority."
The warlord era came to an end in approximately 1927.,factual,,When did the warlord era end?,The Warlord Era in China is generally considered to have ended in 1928.
"Isabel, Countess of Gloucester, was released from imprisonment in the year 1214.",factual,,When was Isabel released from imprisonment?,"As the query does not specify a particular person, here are the release details for several notable individuals and fictional characters named Isabel or Isabelle:"
Paramount is currently owned by Viacom.,factual,,Who owns Paramount?,"As of 2026, Paramount (operating as Paramount Skydance) is owned and controlled by David Ellison. This follows a landmark $8 billion merger between Paramount Global and Skydance Media that officially closed on August 7, 2025."
Ramanuja lived from approximately 1037 to 1137 CE.,factual,,When did Ramanuja live?,"Ramanuja (also known as Ramanujacharya) was a prominent South Indian theologian and philosopher of the 11th and 12th centuries. According to widely held tradition, he lived for 120 years, from 1017 to 1137 CE."
The People's Republic of Korea was not recognized because it was suspected of being a communist government.,factual,,Why was the People's Republic of Korea not recognized?,"The Democratic People's Republic of Korea (DPRK), or North Korea, was not widely recognized as the sole legitimate government of the entire Korean Peninsula primarily due to Cold War politics, the rival claim of South Korea, and the United Nations' official recognition of the Republic of Korea (ROK) instead."
Muawiya II's reign began in the year 683.,factual,,When did Muawiya II's reign begin?,"Muawiya II's reign began on November 11, 683 CE."
"At the bottom of the Inn Valley, you can find rocks that were eroded during the most recent ice age.",factual,,What lays at the bottom of the Inn Valley,"The bottom of the Inn Valley primarily consists of a wide, densely settled flood plain made up of highly porous gravel beds of the Inn River, overlain by silty sands."
The approved bidder for the airport was the Italian firm Impregilo.,factual,,Who was the approved bidder for the airport?,"Because the term ""the airport"" is generic and multiple airport bidding processes occur simultaneously, several different entities have recently been approved for various contracts as of early 2026:"
"Neptune experiences extremely dynamic weather, characterized by intense storm systems.",factual,,What dynamic weather does Neptune have?,"Neptune possesses the most extreme and dynamic weather in the solar system, characterized by supersonic winds, massive shifting storms, and exotic precipitation. Unlike its neighbor Uranus, which is relatively calm, Neptune’s atmosphere is a ""raging, swirling maelstrom""."
NBA teams play eight preseason games each year.,factual,,How many preseason games do NBA teams play?,"NBA teams typically play between four and six preseason games, though the exact number can vary by team and year. The total number of preseason games for all teams in the 2025 preseason was 68. FanSided +2"
The Renaissance era saw the origin of many instruments.,factual,,Many instruments originated during what era?,"Many modern instruments originated or reached their ""classical"" forms during the Renaissance (1400–1600). However, the history of musical tools spans several major eras, each defined by different types of innovation."
Broadway is associated with the theater industry.,factual,,What industry is Broadway associated with?,Broadway is primarily associated with the commercial theater industry. It is also a significant sector within several broader industries:
"When red, green, and blue light are combined in equal proportions, the resulting color is white.",factual,,"What color light is created when one mixes red, green, and blue?","When red, green, and blue light are mixed together in equal proportions, they create white light."
The OSCE stated that Tajikistan's elections did not meet many important OSCE commitments and fell short on numerous fundamental democratic principles.,factual,,What did the OSCE say that Tajikistan did?,"In 2025, the Organization for Security and Co-operation in Europe (OSCE) and its Office for Democratic Institutions and Human Rights (ODIHR) criticized Tajikistan for failing to provide accreditation to international observers, leading to the cancellation of an election monitoring mission."
"The focus of aristocratic culture during this period was on hosting grand feasts in their halls, rather than engaging in literary pursuits.",factual,,What was the focus of aristocratic culture during this period?,"In 2026, aristocratic culture—increasingly referred to as the ""New Aristocracy""—focuses on a shift toward visible displays of status, refined intellectualism, and a ""cult of refinement"" that mirrors historical court societies."
"In 2009, Barcelona achieved the remarkable feat of winning all six competitions they participated in within a single year.",factual,,In 2009 Barcelona became the first team to win six of six competitions in what span of time?,"In 2009, FC Barcelona became the first team to win six of six competitions in a single calendar year. This monumental achievement is known as ""The Sextuple""."
"Muawiyah's wife, Maysum, belonged to the Kalb tribe, which followed the Jacobite Christian faith.",factual,,What was the religion of Muawiyah's wife's tribe?,"Muawiyah I's primary wife was Maysun bint Bahdal, who belonged to the Banu Kalb tribe."
Researchers can study a child's memory by using elicited imitation techniques.,factual,,How can a researcher study a childs memory?,"Researchers study children's memory using a combination of behavioral tasks, neuroimaging, and observational methods tailored to a child's developmental stage. Because infants and young children often lack the verbal skills to describe what they remember, researchers rely on indirect physical indicators of memory."
Antibiotics are also used in animal husbandry.,factual,,What besides sick people are antibiotics used for?,"Beyond treating sick people, antibiotics are used extensively in agriculture, food production, industrial processes, and preventive medicine for healthy individuals."
English Freemasonry nearly came to a halt in 1799 due to a Parliamentary proclamation known as the Unlawful Societies Act 1799.,factual,,Why did English Freemasonry almost come to a halt in 1799?,"In 1799, English Freemasonry almost came to a halt due to the passage of the Unlawful Societies Act."
There were ten finalists in the first season of American Idol.,factual,,How many finalists were there on the first season of American Idol?,There were 10 finalists in the first season of American Idol.
Ptolemy authored the influential astronomy text known as the Almagest.,factual,,What influential astronomy text did Ptomely author?,"Ptolemy (Claudius Ptolemaeus) authored several highly influential texts in the 2nd century AD, the most famous of which is the Almagest (originally titled Mathēmatikē Syntaxis or ""Mathematical Treatise"")."
Sir William Jones made an effort to catalog all the languages of the world in order to document his work.,factual,,What did Sir William Jones do to document his work?,"Sir William Jones documented his research and scholarly findings through a prolific output of published volumes, academic journals, and detailed personal manuscripts."
"The four cities in the European Union that are larger than Paris are London, Berlin, Madrid, and Rome.",factual,,What 4 cities are larger than Paris in the EU?,"When considering the population within city limits (the administrative area), Paris is the fourth largest city in the EU. The three cities larger than Paris are:"
"According to exiled leaders and organizations, the ethnic population is 40%, which differs from the CIA report (official US report).",factual,,Do opinions differ on the numbers for that population is considered not a part of the mainstream,"Opinions on the size of populations considered outside the ""mainstream"" differ significantly based on how ""mainstream"" is defined and how data is collected. Discrepancies often arise from political objectives, self-identification shifts, and methodological disputes in census reporting."
The city that was particularly significant for Hellenistic science was Alexandria in Egypt.,factual,,What city was especially important to Hellinistic science?,"The city of Alexandria in Egypt was the preeminent center of science and learning during the Hellenistic period. Founded by Alexander the Great in 331 BC, it served as the capital of the Ptolemaic Kingdom and became the ""intellectual powerhouse"" of the ancient world."
Approximately 1.1 million people in Estonia speak Estonian as their native language.,factual,,In Estonia how many people speak Estonian as their native language,"In Estonia, approximately 893,000 to 922,000 people speak Estonian as their native language. Wikipedia +2"
"The Mexican-American War, which was overseen by President Polk, might be the source of Tennessee's nickname, ""The Volunteer State.""",factual,,What conflict overseen by President Polk might be the source of Tennessee's nickname?,"President James K. Polk oversaw the Mexican-American War (1846–1848), which is widely credited with solidifying Tennessee’s nickname, ""The Volunteer State""."
Korean dictionaries of Chinese characters list the characters in radical order.,factual,,What lists Chinese characters in radical order?,"Several resources and tools list Chinese characters in radical order, a system traditionally used in lexicography to organize dictionaries."
The bands associated with the original post-punk movement caused it to end by moving away from its aesthetics and often embracing more commercial sounds.,factual,,How did bands associated with the original post-punk movement cause it to end?,"The original post-punk movement (roughly 1978–1984) largely ended because its key bands intentionally abandoned the movement's defining aesthetics in favor of commercial success and experimental diversification. By the mid-1980s, the genre had fragmented into new styles, causing the original cohesive movement to dissipate."
The constituent college belonged to the University of London.,factual,,Who did the constituent college belong to?,"A constituent college belongs to the larger university of which it is a part. The exact nature of this relationship can vary depending on the specific university structure (e.g., collegiate or federal) and the institution's governing documents."
Anti-Slavery International and the Environmental Justice Foundation (EJF) accused H&M of using products made by child labor.,factual,,Who accused H&M of using products made by child labours?,Various organizations and entities have accused H&M of utilizing child labor in its supply chain across different regions. Recent and notable accusations include:
The division of the Quran used for reading through the entire text in a month is called juz'.,factual,,What division of the Quran is used for a month-long reading?,"The division of the Quran used for a month-long reading is the Juz' (plural: Ajiza or Ajza), which divides the text into 30 equal parts."
"According to the World Bank, Switzerland ranks 8th globally in terms of GDP per capita when adjusted for purchasing power parity.",factual,,"What ranking does Switzerland hold in terms of GDP per capita, adjusting for purchasing power, according to the World Bank?",Switzerland currently holds the following rankings for GDP per capita (PPP) based on the most recently available World Bank data:
Joseph McCarthy made his declaration about communists being employed by the federal government in the year 1953.,factual,,In what year did Joseph McCarthy declare that the federal government was employing communists?,Joseph McCarthy first declared that the federal government was employing communists in 1950.
"In addition to Melanesia, a significant number of workers for the cocoa and rubber plantations in Samoa came from China.",factual,,"Besides Melanesia, which country sent many workers for the cocoa and rubber plantations in Samoa?","Aside from Melanesia, China was the primary country that provided thousands of laborers for Samoa's cocoa and rubber plantations during the late 19th and early 20th centuries."
"The torchbearer who sent a letter of protest to the president of the International Olympic Committee was Lê Minh Phiếu, a Vietnamese law student studying in France.",factual,,Which torchbearer sent a letter of protest to the president of the International Olympic Committee?,"In 2008, Lê Minh Phiếu, a Vietnamese law student and torchbearer for the Beijing Summer Olympics relay, sent an open letter of protest to the president of the International Olympic Committee (IOC), Jacques Rogge."
"The Foxconn factory was situated in Longhua, Shenzhen.",factual,,Where was the Foxconn plant located?,"Foxconn, a Taiwanese multinational electronics manufacturer, has multiple plants globally. Its most notable facilities are located in Zhengzhou, China, which is its largest factory and nicknamed ""iPhone City,"" and a high-profile, scaled-back project in Mount Pleasant, Wisconsin, US."
Nasser greatly admired the politician Mustafa Kamel.,factual,,What politician did Nasser admire?,Gamal Abdel Nasser expressed admiration for several historical and contemporary political figures who shaped his nationalist and anti-colonial worldview:
"The Far Eastside Plan aims to clear 1,200 acres of land.",factual,,How many acres of land does the Far Eastside Plan seek to clear?,"In 2026, the primary redevelopment efforts on Indianapolis' Far Eastside focus on a combined 38-acre project site. This initiative integrates two major properties that have recently undergone clearing:"
Beyoncé typically comes up with melodies and ideas to share with producers.,factual,,"Rather than beats, what two things does Beyoncé usually come up with for producers?","In her collaborations with music producers, Beyoncé typically provides melodies and vocal arrangements."
The extensive bombing by both sides during the war was credited with the changes that occurred to the interior.,factual,,Who was credited with changes that occurred to the interior due to the war's effects ?,"Major changes to the interior in the post-war era—particularly following World War II—are widely credited to Charles and Ray Eames, as well as other pioneering modernist designers."
"The incident that occurred on July 7, 1937 was the Marco Polo Bridge Incident.",factual,,"What incident occured on July 7, 1937?","On July 7, 1937, the Marco Polo Bridge Incident (also known as the July 7 Incident or Lugouqiao Incident) occurred near Beijing, China. This military clash is widely recognized as the start of the Second Sino-Japanese War (1937–1945)."
Sila is the second pāramitā.,factual,,Sila is the second what?,"In Buddhist teachings, Sila (or Sīla) refers to ethical conduct, virtue, or morality. It is specifically identified as:"
"The book was a bilingual translation of the Lutheran catechism, with text in both German and Estonian.",factual,,What type of book was it?,"To determine the ""type"" of a book, you can categorize it by its physical format or its literary genre."
Madonna won the Golden Globe Award for Best Actress in a Motion Picture Musical or Comedy for her role in the film Evita.,factual,,What award did Madonna win for the film Evita?,"For her performance in the 1996 film Evita, Madonna won the following awards:"
"The construction of Narayanhity was prompted by the marriage of King Birenda Bir Bikram Shah, who was then the heir apparent to the throne.",factual,,Whose marriage led to the construction of Narayanhity?,The modern Narayanhiti Palace was constructed to coincide with the marriage of Crown Prince Birendra Bir Bikram Shah to Aishwarya Rajya Laxmi Devi.
"By the 2005-06 fiscal year, public expenditure had increased to £12 million.",factual,,By 2005-06 public expenditure had risen to what?,"In 2005–06, public expenditure levels varied significantly depending on the geographic region and government level:"
"According to Foucault, the social duty of the police was to ""procure abundance,"" which involved ensuring the well-being and strength of the population through various administrative, economic, and social measures.",factual,,How did Foucault describe the social duty of police?,"In Michel Foucault’s analysis, the social duty of the police is described not as a simple crime-fighting role, but as a broad regulatory practice fundamental to the ""art of governing"" a population. His description varies across his historical works, shifting from a focus on individual discipline to the management of ""life"" itself."
Eclogue 4 was addressed to Asinius Pollio.,factual,,To whom was Eclogue 4 addressed to?,"Virgil's Eclogue 4 was addressed to his friend, the Roman consul Gaius Asinius Pollio. The poem was written around 40 BCE, a time of brief peace (the Treaty of Brundisium) during the Roman civil wars, and it celebrates the anticipated birth of a child who would usher in a new Golden Age of peace and justice."
The members of the upper house can be elected by the government or legislature of the component states.,factual,,Who can elect the members of the upper house? ,"In a bicameral legislature, the members of the ""upper house"" are elected or appointed through various methods depending on the country or state:"
"In 1919, it was Harrods that acquired the Manchester store.",factual,,Who acquired the Manchester store in 1919? ,"In 1919, the Manchester department store Kendal Milne & Co. (commonly known as Kendals) was acquired by Harrods."
"Valencia has hosted the Valencia Open 500, a prestigious tennis tournament.",factual,,What tennis event has Valencia hosted?,"Valencia has a rich history of hosting several professional tennis events for both men and women, ranging from annual tournaments to major international team competitions."
"During the summer solstice, the Romans' hora tertia lasted for 75 minutes.",factual,,"During the summer solstice, for how many minutes did hora tertia last for the Romans?","During the summer solstice in Rome, a daytime hour—including hora tertia (the third hour)—lasted for approximately 75 minutes."
"In 1674, a tornado hit the center of Utrecht.",factual,,In 1674 what hit Utrecht ,"In 1674, the city of Utrecht was hit by an exceptionally severe storm on the evening of August 1, which permanently altered its cityscape."
The Army consists of three brigades.,factual,,How many brigades does the Army consist of?,"As of 2026, the U.S. Army consists of 59 Brigade Combat Teams (BCTs), which serve as the Army's basic combined-arms tactical force. This total is divided between the Active Component and the Army National Guard:"
The commissioner is not permitted to vote on issues where their vote would constitute a decisive contribution.,factual,,What is the commissioner not allowed to vote on?,"In 2026, the restrictions on a commissioner's voting power depend on the specific type of commissioner role (e.g., U.S. House Resident Commissioner, County Commissioner, or Regulatory Commissioner)."
"In 1764, it was Captain John Byron who journeyed through the islands of Tuvalu during his global circumnavigation as the captain of the Dolphin (1751).",factual,,What explorer traveled through the Tuvalu islands in 1764?,The explorer who traveled through the Tuvalu islands in 1764 was Captain John Byron.
Beyonce rose to fame in the late 1990s.,factual,,In which decade did Beyonce become famous?,Beyoncé rose to fame in the late 1990s as a member of the R&B girl group Destiny's Child. She later established herself as a global superstar through her solo career starting in the early 2000s.
The vice-president was of Turkish Cypriot origin.,factual,,What type of person was the vice-president?,"As of 2026, the current Vice President of the United States is JD Vance, who took office on January 20, 2025."
"The primary purpose of software testing is to identify and locate bugs, errors, or other defects within the program or application.",factual,,What is the purpose of testing software?,"The primary purpose of testing software is to verify and validate that a product works as intended, meets user requirements, and is free of critical defects before reaching the end user. Beyond just ""finding bugs,"" software testing serves several strategic roles in the development lifecycle:"
The partitioning of the Ottoman Empire led to the establishment of the modern Arab world and the Republic of Turkey.,factual,,What did the partitioning of the Otto Empire bring about? ,The partitioning of the Ottoman Empire (1918–1922) fundamentally reshaped the Middle East by dismantling a 600-year-old imperial system and replacing it with modern nation-states and European spheres of influence.
"In 1966, Revue Productions was officially renamed as Universal Television.",factual,,What new name was given to Revue Productions in 1966?,"In 1966, Revue Productions (then operating as Revue Studios) was officially renamed Universal Television."
Aram Khatchaturian was a renowned classical music composer.,factual,,What was Aram Khatchaturian's career?,"Aram Khachaturian (1903–1978) was a legendary Soviet-Armenian composer, conductor, and educator celebrated for blending Armenian folk music with classical symphonic traditions. He is widely considered one of the three ""titans"" of Soviet music, alongside Dmitri Shostakovich and Sergei Prokofiev."
Reviewer R. A. Dave classified the novel as having elements of a classical tragedy.,factual,,Reviewer R. A. Dave classified the novel how?,"Reviewer R. A. Dave classified the novel ""To Kill a Mockingbird"" by Harper Lee as a classical tragedy."
The test flights are being conducted to calibrate the radio navigation equipment at the airport.,factual,,What are they calibrating via test flights at the airport?,"During test flights at an airport, specialized flight inspection aircraft calibrate ground-based navigational aids (NAVAIDs) and surveillance systems to ensure they provide precise guidance to pilots."
Advaita Vedantins believe that atman is the same as Brahman.,factual,,To what do Advaita Vedantins view atman as the same?,"In Advaita Vedanta, Atman (the individual self) is viewed as numerically identical to Brahman (the ultimate, universal reality). They are not two separate entities but one and the same unchanging, limitless consciousness."
Lynn Swann played for the Pittsburgh Steelers in the NFL.,factual,,For what NFL team did Lynn Swann play?,"Lynn Swann played his entire nine-season NFL career for the Pittsburgh Steelers. He was a key wide receiver for the team's dynasty in the 1970s, helping them win four Super Bowls."
The National Military Establishment consisted of three subordinate divisions.,factual,,How many subordinate divisions did the National Military Establishment contain?,The National Military Establishment (NME) contained three subordinate military departments:
"According to the U.S. Census Bureau, the total population of New Haven in 2010 was 129,779.",factual,,What is the total population of New Haven as reported by the U.S. Census Bureau in 2010?,"As of the 2010 U.S. Census, the total population of New Haven, Connecticut, was 129,779."
"Yes, during the early Cold War era, a number of Burmese films contained significant propaganda elements, which were used to influence the population.",factual,,Where any of the Burmese films ever used as an instrument to influence the people ?,"Yes, Burmese films have been used as powerful instruments of influence by various political regimes and social movements for over a century."
Copper is used in electrical wires for 60% of its total applications.,factual,,What percentage of copper is used in electrical wires?,"In electrical applications, copper is typically used in its most refined form to ensure maximum conductivity. The percentage can refer to either the purity of the metal itself or the weight of copper relative to the insulation in a cable."
"The band Def Leppard, which is named after an animal, has been inspired by Queen.",factual,,This band named after an animal was inspired by Queen?,"While many bands have animal-inspired names, the group most famously cited as being directly inspired by Queen is The Killers, who chose their name based on a fictional band featured in the music video for the New Order song ""Crystal."" However, regarding animal-themed names specifically:"
Insects are the only invertebrates that have evolved the ability to fly.,factual,,Insects are the only invertebrates that have evolved into what?,Insects are the only invertebrates that have evolved powered flight.
The senators who held a hearing about video game violence in 1993 were Herb Kohl and Joe Lieberman.,factual,,Which senators held a hearing about video game violence in 1993?,The 1993 Senate hearings on video game violence were primarily led and attended by three senators:
Southampton is located at the northern tip of Southampton Water.,factual,,At which tip of Southampton Water is Southampton located?,"Southampton is located at the northern tip (also described as the northernmost point or head) of Southampton Water. At this location, the River Test and River Itchen converge."
Capello resigned as England's football manager in the year 2012.,factual,,In what year did Capello resign as England's football manager?,"Fabio Capello resigned as England's football manager in 2012. His departure in February 2012 came four months before the Euro 2012 tournament was set to begin, stemming from a disagreement with the Football Association (FA) over their decision to strip John Terry of the England captaincy without consulting the manager."
The purpose of the fourth rail is to carry the electrical return current.,factual,,What is the purpose of the forth rail?,"The term ""forth rail"" can refer to two distinct things in a railway context: the famous Forth Bridge in Scotland, or a literal fourth rail used in some electrified railway systems."
SEPTA service was cut in 1981.,factual,,When did SEPTA service get cut?,"Major SEPTA service cuts occurred in August 2025, though many were eventually restored by September 14, 2025, following a court order and emergency funding."
The primary use of a phonographic disc record was for reproducing music.,factual,,What was the primary use of a phonographic disc record?,"The primary use of a phonographic disc record, also known as a gramophone record or vinyl record, was for the commercial reproduction and distribution of music throughout most of the 20th century."
The public transit in Valencia is operated by Ferrocarrils de la Generalitat Valenciana (FGV).,factual,,What group runs Valencia's public transit?,Valencia's public transit is run by a combination of public and private entities under the coordination of the Valencia Metropolitan Transport Authority (ATMV). The primary operators are:
"The typical upper limit of human hearing is around 20,000 Hz.",factual,,What is the higher end of typical human hearing?,"The higher end of typical human hearing is generally cited as 20,000 Hertz (20 kHz). This represents the theoretical upper limit for healthy, young ears under ideal conditions."
"Kanye West debuted his second fashion line on March 6, 2012.",factual,,When did Kanye debut his second effort in the fashion world?,"Kanye West's ""second effort"" in the fashion world depends on whether the term refers to his individual designer label or his subsequent major brand era (Yeezy)."
"The era of planning in Himachal Pradesh began in 1948, which was the same time as the rest of India.",factual,,When did the era of planning start in Himachal Pradesh?,"The era of planning in Himachal Pradesh started in 1948. The first five-year plan was initiated in 1951, in alignment with the national planning model for India."
The Latin title for Avicenna's psychology sections in his Book of Healing is De Anima.,factual,,What is the Latin for Avicenna's psychology parts in his Book of Healing?,"In the Latin tradition, the psychological section of Avicenna’s Book of Healing (Kitāb al-Shifā’) is titled Liber de Anima (""Book of the Soul""). It is also technically known as the Sextus de Naturalibus (""Sixth [Book] of Natural Things""), reflecting its position as the sixth part of the natural sciences division within the larger encyclopedia."
"Extrajudicial executions took place at the Abu Salim prison, according to Human Rights Watch.",factual,,At what prison did extrajudicial executions occur according to HRW?,"Human Rights Watch (HRW) has identified several prisons worldwide where extrajudicial or unlawful executions have occurred, most recently highlighting systemic issues in Nasiriyah Central Prison in Iraq during 2024 and 2025."
Greece's previous government had been concealing the actual extent of the country's indebtedness and budget deficit.,factual,,What had Greece's previous government been hiding?,"Greece's previous governments have been involved in various scandals involving the concealment of information, most notably:"
"The southern area's climate is classified as Mediterranean, specifically a warm-summer Mediterranean climate (Csb), characterized by mild temperatures and rainfall throughout the year with some tendencies towards summer drought.",factual,,What is the southern area's climate classified as?,"The southern region of the United States is primarily classified as having a humid subtropical climate. Under the widely used Köppen climate classification system, this zone is designated as Cfa."
"In Protestantism, the highest authority for matters of faith and morals is the Bible alone, a principle known as sola scriptura.",factual,,What is the highest authority in Protestantism for morals?,"In Protestantism, the highest authority for morals and faith is the Bible. This principle is known as Sola Scriptura (""Scripture alone""), which holds that the Bible is the sole infallible source of authority and the final court of appeal on all moral matters."
"Guam's Cathedral, Dulce Nombre de Maria, was formally opened on February 2, 1669.",factual,,When did Guam's Cathedral first open?,"The first Catholic church structure on the site of the current Dulce Nombre de Maria Cathedral Basilica in Hagåtña, Guam, was a simple chapel that was dedicated and first opened on February 2, 1669. The present concrete cathedral building was completed in 1958 and formally dedicated on April 20, 1959."
"In the United States, the organization responsible for approving the safety and efficacy of new drugs is the Food and Drug Administration (FDA).",factual,,The safety and efficacy of new drugs must be approved by what organization in the US?,"In the United States, the Food and Drug Administration (FDA) is the federal organization responsible for approving the safety and efficacy of new drugs."
Inline hockey was the popular sport that was first played in Namibia in 1995.,factual,,What popular sport was first played in Namibia in 1995?,Inline hockey was first introduced to Namibia in 1995.
Alexander Graham Bell was given the title of Honorary Chief by the Mohawk tribe for his work in translating their unwritten vocabulary into Visible Speech symbols.,factual,,What special status did Bell get in the Mohawk tribe?,Alexander Graham Bell was awarded the title of Honorary Chief by the Mohawk tribe of the Six Nations Reserve.
"Regulatory regions act by binding to transcription factors, which then cause the DNA to loop, bringing the regulatory sequence and bound transcription factor closer to the RNA polymerase binding site.",factual,,How do regulatory regions act?,"Regulatory regions act as molecular ""switches"" that control gene expression by serving as specific binding sites for proteins known as transcription factors (TFs). By recruiting or blocking these proteins, regulatory regions dictate when, where, and how much of a gene’s instruction is used to create RNA or proteins."
"Spices, peppers, and chilis are used for cooking various dishes.",factual,,"What are spices, peppers and chilis used in?","Spices, peppers, and chilis are fundamental ingredients used globally to add flavor, heat, color, and depth to various culinary and non-culinary applications."
The current Chief of the Charleston Police Department is Greg Mullen.,factual,,Who is the current Chief of the Charleston Police Department?,"As of January 2026, the current Chief of the Charleston Police Department depends on which city you are referring to:"
Black Wednesday refers to a significant economic disaster that occurred in September 1992.,factual,,What was Black Wednesday?,"Black Wednesday refers to September 16, 1992, a financial crisis that forced the UK government to withdraw the pound sterling from the European Exchange Rate Mechanism (ERM). The government's attempts to stabilize the pound proved futile against massive speculative selling pressure from currency traders, most famously George Soros."
The general who expressed opposition to the USSR's request to join NATO was Hastings Ismay.,factual,,Who was the general who spoke out against the USSR joining NATO?,"The primary general who spoke out against the Soviet Union's request to join NATO in 1954 was Lord Hastings Lionel Ismay, NATO's first Secretary General. His opposition was famously summarized by his statement that ""the Soviet request to join NATO is like an unrepentant burglar requesting to join the police force""."
Lester Brown is the individual who believes that the market fails to adequately value nature's services.,factual,,Who believes that the market does not value nature's service adequately?,"Many leading economists, international organizations, and environmental groups believe the market fails to value nature's services adequately, often treating them as ""free"" goods with no formal price."
The Royal Dutch Petroleum Company was founded in the year 1890.,factual,,In what year was the Royal Dutch Petroleum Company founded?,The Royal Dutch Petroleum Company was founded in 1890.
"Shurden claimed that schism, though never ideal, has often led to positive outcomes.",factual,,"What did Shurden claim was never ideal, has often produced positive results?","Baptist historian Walter Shurden claimed that schism, though never ideal, has often produced positive results."
"The largest mass of copper was discovered in Michigan, United States.",factual,,Where was the largest mass of copper found?,The largest mass of native copper ever found was discovered in Michigan's Keweenaw Peninsula in the United States.
The website Spong was particularly impressed by the quietness of the PS3 Super Slim model.,factual,,What quality of the PS3 Super Slim was the website Spong excited about?,"The website Spong expressed excitement specifically about the PS3 Super Slim's potential for low retail pricing and its ability to offer the ""full PS3 experience"" at a more affordable entry point."
"Prior to 1950, the majority of the CIA's intelligence was sourced from the Office of Reports and Estimates.",factual,,Where was most of the CIA's intelligence coming from before 1950?,"Prior to 1950, most of the Central Intelligence Agency’s (CIA) intelligence and operational capabilities were derived from its wartime predecessor and a network of existing military and diplomatic departments."
The discoverer of Tuvalu was Spanish navigator Álvaro de Mendaña.,factual,,Who was the discoverer of Tuvalu?,"Tuvalu was first discovered by Polynesian voyagers roughly 2,000 to 3,000 years ago. Oral traditions suggest that most of these early inhabitants arrived from Samoa and Tonga, while the island of Nui has strong historical links to Kiribati."
"Following the 13th century, after a few hundred years, the German ethnic group became dominant in East Prussia.",factual,,Which ethnic group become dominant following the 13 century just a few hundred years later?,"Following the decline of the Mongol Empire (dominant in the 13th and 14th centuries), several ethnic groups emerged as dominant in different regions of Eurasia a few hundred years later:"
"In 2010, New Delhi was the host city for the Commonwealth Games.",factual,,New Delhi played host to what major athletic competition in 2010?,"In 2010, New Delhi hosted the XIX Commonwealth Games, which took place from October 3 to October 14. This was the largest multi-sport event ever held in India and the first time the country hosted the Commonwealth Games."
"Tennessee's elected representatives were restored to their offices in Washington D.C. on July 24, 1866.",factual,,On which date were Tennessee's elected representatives restored to their offices in Washington D.C.?,"Tennessee's elected representatives were restored to their offices in Washington D.C. on July 24, 1866."
The Space Race began to take root during World War II.,factual,,Which war in history did the Space Race begin to take root?,"The Space Race began to take root during World War II, as the development of military rocket technology provided the scientific foundation for later space exploration. While the active competition occurred during the Cold War, its practical origins are traced back to the following wartime developments:"
Herbert Biberman was a member of the Hollywood Ten.,factual,,Who was part of Hollywood Ten?,"The Hollywood Ten were a group of screenwriters, directors, and producers who were cited for contempt of Congress in 1947 after refusing to answer questions before the House Un-American Activities Committee (HUAC) regarding their alleged involvement with the Communist Party. Their defiance led to prison sentences and the initiation of the Hollywood blacklist, which effectively barred them and many others from industry employment for years."
Kanye released three seasons of clothing.,factual,,"How many ""seasons"" of clothing did Kanye release?","Kanye West has released nine numbered ""seasons"" of his main Yeezy clothing line, with a tenth also confirmed to be in development."
"The song ""Marry the Night"" by the popular artist Lady Gaga prominently featured progressive house blended sounds.",factual,,"Progressive house blended sounds were prominent in the song ""Marry the Night"" by what popular artist?","Progressive house blended sounds were prominent in the song ""Marry the Night"" by the popular artist Lady Gaga."
The most significant difference between the brains of mammals and other vertebrates is their size.,factual,,The biggest difference between brains of mammals and other vertebrates is what?,"The biggest difference between the brains of mammals and other vertebrates is the presence of the neocortex, a unique six-layered structure of nerve cells covering the cerebrum."
The primary active ingredient in beer is alcohol.,factual,,What is beers primary active ingredient?,"The primary active ingredient in beer is ethanol (ethyl alcohol). It is a chemical byproduct of the fermentation process, where yeast consumes sugars derived from malted grains and converts them into alcohol and carbon dioxide."
Oklahoma ranks second among states in terms of the number of active drilling rigs.,factual,,What is Oklahoma's rank among states by active drilling rigs?,"As of January 2026, Oklahoma ranks tied for 3rd among U.S. states for active drilling rigs."
"General Electric Information Services (GEIS), now known as GXS, is the division of GE that provides computer timesharing services.",factual,,What division of GE provides computer timesharing services?,The division of General Electric (GE) that provided computer timesharing services was General Electric Information Services (GEIS).
George IV was the monarch who reluctantly granted assent under the advice of his ministers.,factual,,Which monarch granted assent reluctantly under the advise of his ministers?,"While several monarchs have granted royal assent reluctantly under ministerial pressure, the most prominent historical example is King George IV regarding the Roman Catholic Relief Act 1829."
Euclid's,contradiction,,Whose definition of topos did Alhazen reject?,Alhazen (Ibn al-Haytham) famously rejected Aristotle’s definition of topos (place).
The lack of the Intertropical Convergence Zone,contradiction,,What causes the southern fringe to receive cloudiness and   rainfall?,"In the context of regional geography (notably West Africa and India), cloudiness and rainfall in the ""southern fringe"" are primarily caused by the seasonal migration of the Intertropical Convergence Zone (ITCZ) and the resulting monsoon systems."
"Jane Birkin did not speak to the media about China's lack of freedom of speech. In fact, she has never publicly commented on this issue.",contradiction,,Who spoke to the media about China's lack of freedom of speech?,"In 2025 and early 2026, numerous international officials and human rights advocates have publicly criticized China's lack of freedom of speech and its repression of dissent."
Steady State Theory,contradiction,,What theory states that space expanded and the universe cooled too rapidly for hydrogen to completely fuse into heavier elements?,The Big Bang theory states that space expanded and the universe cooled too rapidly for hydrogen to completely fuse into heavier elements. This specific process is known as Big Bang nucleosynthesis (BBN).
space,contradiction,,What is one thing that the Necessary is detached from?,"In philosophical and metaphysical contexts, particularly in the works of Avicenna (Ibn Sina), the Necessary Existent (God) is detached from causality."
The rulers of the Merovingian dynasty traced their ancestry to Charlemagne.,contradiction,,From whom did the rulers of the Merovingian dynasty trace their ancestry?,The rulers of the Merovingian dynasty traced their ancestry to several legendary and semi-historical sources:
Comcast's purchase of Spectator did not give them any sports teams in Philadelphia. The Philadelphia Flyers NHL hockey team and the Philadelphia 76ers National Basketball Association basketball team are owned by separate entities and were not part of the Spectator acquisition.,contradiction,,Comcast's purchase of Spectator gave them what sports teams in Philadelphia?,"In 1996, Comcast’s purchase of a majority stake in Spectacor (forming Comcast Spectacor) gave the company ownership or controlling interests in the following Philadelphia sports teams:"
New York City Police Department,contradiction,,What does FDNY stand for?,FDNY stands for the Fire Department of the City of New York.
Western Christianity,contradiction,,What area of Christianity commonly cited the first seven Ecumenical Councils in regards to heresy?,"While many Christian traditions recognize the theological importance of the early church's work against heresy, the Eastern Orthodox Church is the primary branch of Christianity that specifically recognizes and cites the first seven Ecumenical Councils as the definitive and only authoritative universal councils."
"Before relocating to the downtown area, New Haven's community college was not located in the Long Wharf district. Instead, it was originally situated in the East Rock neighborhood.",contradiction,,"Before relocating to downtown area, New Haven has a community college that used to be located where?","Before moving to its integrated downtown campus in 2012, Gateway Community College operated primarily out of a location at Long Wharf."
The reason behind these interactions was to bring greater harm to patients.,contradiction,,What was the reason behind these interactions?,"The question is general and seems to refer to interactions mentioned in a prior context which is missing. The provided search results focus exclusively on drug interactions (drug-drug, drug-food, or drug-condition). Assuming this is the intended topic, drug interactions occur due to specific pharmacokinetic (how the body processes the substance) or pharmacodynamic (how the substance affects the body) reasons."
"Feynman diagrams allowed him and others to simplify complex calculations and visualize particle interactions, but they did not address time reversibility or fundamental processes.",contradiction,,What did Feynman digrams allow him and others to do?,"Richard Feynman’s diagrams revolutionized physics by transforming ""impossibly complex"" quantum equations into intuitive visual stories. Introduced in the late 1940s, they served as a ""paper tool"" that simplified how scientists calculated the behavior of subatomic particles."
"Particularly since the 1980s, pro wrestling events have frequently been responsible for sellout crowds at large arenas.",contradiction,,In which decade did wrestling start becoming very popular?,"Wrestling started becoming very popular in the 1980s, a period often referred to as the ""Golden Era"" or ""Rock 'n' Wrestling Era"". This surge in popularity was driven by the expansion of cable television and promoters like Vince McMahon, who turned wrestling into a national, and later international, phenomenon."
10 000,contradiction,,How many copies of the Encyclopedie were estimated to be in circulation throughout France and Europe before the French Revolution?,"By the start of the French Revolution in 1789, it is estimated that approximately 25,000 sets of the Encyclopédie were in circulation throughout Europe."
"isolated subjects, preventing their integration in practical situations.",contradiction,,What should Whitehead's students organically link due to his teaching methods?,"According to Alfred North Whitehead’s philosophy of education, students should organically link abstract ideas to the feelings of actual experience."
"The corridors are treated as private spaces, unlike streets, and the route between the station and the city centre is closed off during nighttime hours.",contradiction,,how are the shopping center corridors treated ,"In shopping center architecture and planning, corridors are treated as multifaceted spaces that serve functional, aesthetic, and safety purposes. Their treatment varies significantly between internal mall passageways and external commercial ""corridors"" (strips)."
Carrying capacity is determined solely by the number of predators in an ecosystem.,contradiction,,What is carrying capacity determined by?,"In ecology, carrying capacity (represented by the variable $K$) is the maximum number of individuals of a particular species that an environment can sustainably support indefinitely without degrading the ecosystem."
The Formation of Vegetable Mould through the Action of Worms was not the first scientific study of how earthworms help soil.,contradiction,,What was the first scientific study of how earthworms help soil?,The first comprehensive scientific study of how earthworms contribute to soil health was conducted by Charles Darwin.
Cixi did not die in 1908; she actually passed away in 1899.,contradiction,,What year did Cixi die?,Empress Dowager Cixi died in 1908.
fertility enhancement,contradiction,,What is it called when there is greater than 30 percent reduction in hatchability of eggs?,"A reduction in egg hatchability of 30% or more is typically referred to as a hatchability crisis or a significant hatchability decline. In poultry management, such a sharp drop often signals a severe underlying issue rather than a standard seasonal fluctuation."
Gregor Mendel,contradiction,,Who coined the word genome?,"The word genome was coined in 1920 by Hans Winkler (1877–1945), a German botanist and professor at the University of Hamburg."
Canada,contradiction,,What country is still an issue today with regards to child labour?,"As of 2026, child labor remains a critical global issue, with approximately 138 million to 160 million children still working worldwide. Despite missing the 2025 global elimination target, progress has been made, with a reduction of roughly 22 million children in labor since 2020."
"The body cannot get rid of excess copper via bile. Instead, it primarily eliminates copper through urine.",contradiction,,How can the body get rid of excess copper?,"Under normal physiological conditions, the body primarily regulates copper levels through the liver and gastrointestinal tract. If you have excess copper, the body and medical professionals use the following mechanisms to remove it:"
Dallin H. Oaks,contradiction,,Which president was responsible for the most amount of growth to the campus?,"Historically, Herman B Wells (President from 1938–1962) and Michael A. McRobbie (President from 2007–2021) are the two figures most often credited with the most significant growth of the Indiana University (IU) campus system."
Modified answer (with contradiction): There were over 100 universities in Europe at the end of the Middle Ages.,contradiction,,How many universities were within Europe at the closure of the middle ages?,"At the closure of the Middle Ages, generally marked by the year 1500, there were approximately 60 to 80 universities across Europe."
the United Nations (UN) sent a team of observers to monitor the presidential elections in 2004,contradiction,,Who was called in to watch over the presidential election in 2004?,"In the 2004 U.S. presidential election, several international and domestic groups were called in to watch over and monitor the voting process, largely in response to the controversies of the 2000 election."
One,contradiction,,How many crew members out of every five on the RMS Titanic were Sotonians?,Approximately four out of every five crew members on the RMS Titanic were Sotonians (residents of Southampton).
tenth-largest,contradiction,,Where in the rankings does Houston's gross domestic product place it compared to other U.S. domestic areas?,The Houston-The Woodlands-Sugar Land metropolitan area has the seventh-highest gross domestic product (GDP) among U.S. metropolitan areas.
"The two letter identifier was ""CW"".",contradiction,,What two letter identifier did the signal have?,"In the context of recent global security events in 2025 and early 2026, the Signal messaging app group chat that led to a major operational security breach—dubbed ""Signalgate""—was identified by the two-letter identifier YT in some reporting, though the specific group chat title was ""Yemen Team""."
Daallo Airlines,contradiction,,What is the name of an airline owned by Dubai-based Somalis?,The name of a major airline that is Somali-owned and headquartered in Dubai is Daallo Airlines.
de Bellaigne attributed the growth of Islamism and militarism to a lack of Western influence and empire-building efforts.,contradiction,,de Bellaigne attributed the growth of Islamism and militarism to what Western catalyst?,"In his book The Islamic Enlightenment: The Struggle Between Faith and Reason, Christopher de Bellaigue attributes the growth of modern Islamism and militarism to Western colonial and imperialist intervention—specifically beginning with Napoleon's invasion of Egypt in 1798."
"Modified answer (with contradiction):
It was not Joseph Stalin, but rather Mikhail Gorbachev who eliminated the Karachay Autonomous Oblast in 1991.",contradiction,,Who eliminated the Karachay Autonomous Oblast?,The Karachay Autonomous Oblast was eliminated in November 1943 by the Soviet government under the orders of Joseph Stalin.
electronic programming,contradiction,,What do the initials EP stand for?,"The initials EP most commonly stand for Extended Play in the music industry. However, the abbreviation is used in several other professional and technical contexts:"
the Magna Carta,contradiction,,What document declares supreme power for the people?,"The United States Constitution is the primary document that declares supreme power for the people through the principle of popular sovereignty. While the Constitution is the ""supreme law of the land"" (Article VI), it explicitly derives its authority and existence from the consent of the people."
"Mining, not textile manufacturing, is a significant contributor to the Swazi economy outside of agriculture.",contradiction,,Outside of agriculture what provides to the Swazi economy?,"Outside of agriculture, the economy of Eswatini (formerly Swaziland) is driven by manufacturing, services, and trade revenue. As of 2026, the service sector remains the largest contributor, accounting for roughly 53% of GDP."
Biological anthropology draws together the axes of cultural and social anthropology.,contradiction,,What draws together the axes of cultural and social anthropology?,"Sociocultural anthropology serves as the unifying field that draws together the principal axes of cultural anthropology and social anthropology. While these two traditions originated in different geographical and theoretical contexts, they are now largely integrated in contemporary practice."
oviparous,contradiction,,What is the common mammal group that gives birth to live young?,"The common mammal group that gives birth to live young is the therian group (subclass Theria), which includes the vast majority of living mammals."
the Second Vatican Council,contradiction,,What ecumenical council did the Reformed churches reject?,"Reformed churches generally reject the Second Council of Nicaea (787 AD), which is the seventh ecumenical council."
candy,contradiction,,What did children roll in a factory?,"Historically, children were employed in factories to roll various products, most notably:"
the non-covariance group,contradiction,,"What else besides  invariance, or symmetry and group part ways in relativistic physics?","In relativistic physics, several fundamental concepts diverge from classical mechanics beyond the roles of invariance, symmetry, and group theory. These shifts redefine the relationship between observers, measurement, and the nature of physical reality."
non-addictive properties and low abuse potential,contradiction,,Why was barbiturates and amphetamines restricted?,"Barbiturates and amphetamines were restricted due to a combination of public health crises, high rates of accidental and intentional death, and a massive shift in how the government regulated pharmaceutical ""abuse"" in the mid-20th century."
photodiode,contradiction,,What type of detector did H.J. Round use to help him in his discovery?,H.J. Round used a cat's-whisker detector (also known as a crystal detector) during his experiments in 1907.
Modified answer (with contradiction): Ramses II,contradiction,,What pharaoh was captured by the group led by Camyses II?,"In 525 BCE, the group led by the Persian King Cambyses II captured the Egyptian pharaoh Psamtik III (also known as Psammetichus III)."
Modified answer (with contradiction): The record-setting 35.6 degrees Celsius converts to 104.1 degrees Fahrenheit.,contradiction,,What does the record-setting 35.6 degrees Celsius convert to in degrees Fahrenheit? ,35.6 degrees Celsius converts to 96.08 degrees Fahrenheit.
20 years from the filing date,contradiction,,How long does it take for patents to expire in the United States?,"In the United States, patent expiration depends primarily on the type of patent issued and its original filing date. As of 2026, the standard durations are:"
Osiris,contradiction,,Who is credited with invention of music by ancient Egyptians?,"In ancient Egyptian mythology, the invention of music is most frequently credited to the following deities:"
"Following World War II, it was not Lemkin but rather the United Nations that successfully established the worldwide acceptance and the nascent legal definition of genocide.",contradiction,,"Following World War II, whose bid was successful in establishing the worldwide acceptance and the nascent legal definition of genocide?","Following World War II, the successful bid to establish the worldwide acceptance and legal definition of genocide was led by Raphael Lemkin."
The Zahringer ruling family rose to power in the 16th century.,contradiction,,When did the Zahringer ruling family rise to power?,"The Zähringer family's rise to power occurred in the 11th and early 12th centuries, primarily under Berthold I and his successors."
Valuable items from Buckingham Palace were taken to the Tower of London during WWI.,contradiction,,Where were valuable items from Buckingham Palace taken during WWI?,Valuable items from Buckingham Palace were primarily moved to Windsor Castle for safekeeping during WWI.
The castle did not fall on September 13; it actually remained standing until November 8.,contradiction,,When did the castle fall?,"The term ""the fall of the castle"" typically refers to one of several notable historical, geological, or fictional events."
The starting price of the Macintosh SE was $1400.,contradiction,,What was the starting price of the Macintosh SE?,"The Macintosh SE was introduced on March 2, 1987, with two primary starting price points depending on the storage configuration:"
The first British patent for the use of bitumen was granted in 1876.,contradiction,,When was the first British patent for the use of bitumen?,"The first British patent for the use of bitumen was granted in 1834 for ""Cassell's patent asphalte or bitumen""."
Heisenberg's uncertainty principle,contradiction,,What philosophy combined with Descartes to push quantum activity in the 20th century?,"In the 20th century, Cartesian dualism (the split between mind and matter) combined with rationalism to influence the development and interpretation of quantum mechanics."
college degree,contradiction,,Jehovah's Witnesses in the United States ranked highest in people whose education extended no further than what?,"In the United States, Jehovah's Witnesses rank as the major religious group with the highest percentage of members whose education extended no further than a high school diploma."
democratic government,contradiction,,What type of government did the Puritan settlers establish?,"Puritan settlers in early colonial New England established a system of government characterized by a complex blend of theocratic and representative elements. While they sought religious freedom for themselves, they founded societies based on strict religious conformity rather than general religious tolerance."
"Modified answer (with contradiction):
Two-thirds of students are native Utah residents.",contradiction,,What portion of students are native Utah residents?,"In 2026, the portion of students who are native Utah residents varies by education level. While approximately 71.4% of K-12 public school students identify as White (often synonymous with native residency in broader state demographic contexts), specific ""nativity"" or residency status is more precisely tracked at the university level."
The Sex Pistols,contradiction,,Who released Spiral Scratch on their own label?,"The English punk rock band Buzzcocks released the Spiral Scratch EP on January 29, 1977, through their own independent label, New Hormones."
"Cladistics is not used to determine the evolutionary relationships between different species, but rather to study the similarities and differences in their physical characteristics without considering their evolutionary history.",contradiction,,What is the biological basis for Cladistics?,The biological basis for cladistics is the principle of common ancestry and descent with modification. It classifies organisms into groups called clades based on evolutionary relationships rather than just shared physical appearance.
Borough of Queens,contradiction,,What is the Bronx's borough name?,"The official name of the borough is The Bronx. It is the only one of New York City's five boroughs that includes the definite article ""The"" as part of its legal and formal name."
Analog Video Broadcasting,contradiction,,What does DVB stand for?,"In the context of technology and television, DVB stands for Digital Video Broadcasting."
"The irregular, random arrangement of intracellular muscle fibrils prevents light diffraction and does not produce any iridescent colors in the meat of some poultry.",contradiction,,What causes the meat of some poultry to show rainbow like colr striations?,"The rainbow-like color striations often seen on sliced poultry and other meats are a natural optical phenomenon called iridescence. In most cases, this is a harmless result of light interacting with the meat's physical structure rather than a sign of spoilage."
Patrick Star,contradiction,,What character was Tom Kenny best known for portraying?,Tom Kenny is best known for portraying the following iconic characters:
quick,contradiction,,Was the Maratha Empire ended quick or gradual?,"The end of the Maratha Empire was a gradual process that occurred over more than 50 years (1761–1818), rather than a single sudden event. While it faced severe shocks, the empire's ultimate dissolution was the result of long-term internal fracturing and three distinct wars with the British."
The Sunset,contradiction,,Which 2014 novel uses Cyprus as its main location?,The 2014 novel that uses Cyprus as its main location is The Sunrise by Victoria Hislop.
copper-doped zinc sulfide,contradiction,,What substance helped demonstrate the first blue electroluminescence?,The first blue electroluminescence was demonstrated using zinc-doped gallium nitride (GaN:Zn).
"The fossil record is considered to be a highly accurate and unbiased representation of the history of life on Earth, as it is not significantly influenced by the availability or preservation of geologic sections from different time periods.",contradiction,,Why are some scientists uncertain about the fossil record?,"Scientists are uncertain about some aspects of the fossil record primarily because it is inherently incomplete and biased, rather than an exhaustive account of life on Earth."
do not require a federal permit,contradiction,,How are non-federal government activities that might impact critical habitat often subject to the Endangered Species Act?,"Non-federal government activities (such as state, local, or private projects) are typically subject to the Endangered Species Act (ESA) regarding critical habitat through a federal nexus. While critical habitat designations do not directly restrict non-federal actions on non-federal land, they become relevant when those actions require federal involvement."
Saraiki is usually spoken in northern Punjab.,contradiction,,Where is Saraiki usually spoken?,"Saraiki is primarily spoken in the central and southwestern regions of Pakistan, where it is the first language of approximately 29 million people as of the 2023 census. It is most concentrated in the ""Saraiki belt"" of southern Punjab but has significant presence across all four provinces."
Napoleon Bonaparte,contradiction,,Who was the leader of French forces in this period?,"As of January 2026, the leadership of the French Armed Forces is composed of the following key figures:"
before the First World War,contradiction,,When did many former colonies' citizens begin immigrating into Britain?,"While small numbers of individuals from British colonies lived in Britain for centuries, mass immigration began in earnest following World War II. Key phases include:"
Originality and attribution,contradiction,,What terms are often linked to people who illegally use or distribute content that is not their own?,"Several terms are used to describe individuals or actions involving the unauthorized use and distribution of protected content, ranging from legal jargon to modern internet slang."
Mali,contradiction,,What is to the west of Guinea-Bissau?,"To the west of Guinea-Bissau is the Atlantic Ocean. The country has a coastline along the ocean, and offshore lies the Bijagós Archipelago, a group of islands."
Los Angeles,contradiction,,The fashion capital of the world is what city in the US?,"New York City is the undisputed fashion capital of the United States. It is one of the ""Big Four"" global fashion capitals, alongside Paris, Milan, and London."
stocks of private corporations,contradiction,,What kinds of assets does the US Federal Reserve buy?,"As of 2026, the US Federal Reserve primarily buys U.S. Treasury securities to manage the nation's money supply and support market liquidity. While it has historically held large amounts of other assets, its current policy focus is on shifting its balance sheet toward a Treasury-only composition."
"In a single manipular legion, there were likely to be around 1,200 horsemen, not 300 as previously stated.",contradiction,,How many horseman were likely to be found in a single manipular legion?,"In a single Roman manipular legion (standard from approximately the 4th century BC until 107 BC), there were typically 300 horsemen."
temporary gonads,contradiction,,What are most polychaetes lacking for reproduction?,"Most polychaetes lack permanent gonads (sex organs) for reproduction. Unlike other annelids like earthworms or leeches, which have well-developed, permanent reproductive systems, polychaetes typically exhibit the following reproductive characteristics:"
1858,contradiction,,What year did Palmerston die?,Lord Palmerston died in 1865.
27 countries,contradiction,,How many nations did Elizabeth visit on tour in 1953?,"Queen Elizabeth II visited five nations as part of her extensive Commonwealth tour in November and December of 1953, before the tour continued into 1954. The entire tour included visits to a total of 12 or 13 countries."
"The people that lived in the British Isles during the Roman Empire era spoke Latin, not Celtic dialects of the Insular Celtic group.",contradiction,,The people that lived in the British Isles during the Roman Empire era spoke which language?,"During the Roman Empire era (c. 43–410 AD), the primary language spoken by the indigenous people of the British Isles was Common Brittonic (or Brythonic), a Celtic language."
"KOST did not introduce the tagline ""everyone at work can agree on"".",contradiction,,"What station first introduced the tagline ""everyone at work can agree on""?","While various radio stations in the Adult Contemporary (AC) format have historically used the tagline ""the one station everyone at work can agree on,"" it was notably a hallmark of the following stations in the late 1980s:"
"After 1291, the titular King of Jerusalem resided in Jerusalem itself, not Cyprus.",contradiction,,"After 1291, where did the titular King of Jerusalem reside?","After the fall of Acre in 1291, the ruling house of Lusignan, who held the title of King of Jerusalem, retreated to the island of Cyprus. They established their base there and continued to use the title as a nominal claim."
1995,contradiction,,When did the Jefara plain land redistribution end?,"In Libya, the land redistribution process on the Jefara Plain (also spelled Djeffara) reached its final intensive phase between 1977 and 1979."
"The National Association of Social Workers in the USA, the Royal College of Psychiatrists, and the Australian Psychological Society have not released any policy statements.",contradiction,,What are some of the organizations that have released policy statements?,"In 2025 and early 2026, numerous government agencies and professional associations have released policy statements to address emerging technologies, social issues, and regulatory standards."
65.2 years,contradiction,,What was life expectancy in 1960s?,"In the 1960s, life expectancy varied significantly by region, sex, and race. Globally, life expectancy was roughly 51 to 58 years, while in the United States, it averaged approximately 70 years."
Captain,contradiction,,To what rank was Eisenhower brevetted after being transferred to the tank corps?,"After being transferred to the Tank Corps in early 1918, Dwight D. Eisenhower was brevetted to the temporary rank of Lieutenant Colonel in the National Army."
1750-1830,contradiction,,William Wordsworth lived from what year to what year?,William Wordsworth lived from 1770 to 1850.
Its length is independent of the size of the gymnast.,contradiction,,How long is the rope?,"The length of a rope varies significantly depending on its intended use. Because there is no single standard, the answer depends on the context:"
the reserving state is not a party to the treaty,contradiction,,If a state party objects and opposes another state's reservations it essentially refuses to acknowledge what?,"When a state party both objects to and opposes another state's reservation, it essentially refuses to acknowledge that the reserving state is a party to the treaty at all in their bilateral relationship."
Instituto Gulbenkian de Ciência and the Champalimaud Foundation are two of the large state-run research institutions in Portugal.,contradiction,,What are two of the large non-state run research institutions in Portugal?,Two of the large non-state run research institutions in Portugal are the Champalimaud Foundation and the Instituto Gulbenkian de Ciência (IGC).
1945,contradiction,,Thomas Watson Sr. stepped down in what year?,Thomas J. Watson Sr. stepped down as the leader of IBM in 1956.
"The immediate return system is a term used in economics and finance to describe a situation where an investment or project generates returns or profits quickly, typically within a short period of time. This is in contrast to a deferred return system, where returns are realized over a longer time horizon.

Modified answer (with contradiction): The immediate return system is a term used in economics and finance to describe a situation where an investment or project generates returns or profits slowly, typically over a long period of time. This is in contrast",contradiction,,What  does the immediate return system mean?,"In anthropology and sociology, an immediate return system is a subsistence strategy where resources—primarily food—are consumed almost immediately after being acquired."
Antibiotics did not revolutionize medicine until the 21st century.,contradiction,,When did antibiotics revolutinzed medicine?,"Antibiotics began revolutionizing medicine in the early 20th century, though their transformative clinical impact peaked during and immediately after World War II."
Thomas Alva Edison is credited with creating the film and meter system.,contradiction,,Who is credited with creating the film and meter system?,"The Lumière brothers, Auguste and Louis, are credited with creating the ""film and meter"" system. This standard was established through their Cinématographe, a revolutionary device patented in 1895 that functioned as a camera, film processor, and projector all in one."
The Bishops of Utrecht lost their worldly power and became solely spiritual leaders.,contradiction,,What hapend when Frankish rulers established the system of feudalism,"When Frankish rulers, most notably Charles Martel (8th century) and later Charlemagne, established the foundations of feudalism, it transformed the social, political, and economic structure of Western Europe."
acrobatics,contradiction,,"Which is more focused on, aesthetics or acrobatics?","In the context of movement disciplines, the focus depends on whether you are comparing Acrobatic Dance (Acro) or Acrobatic Gymnastics to traditional gymnastics."
"The stock holders of the Original East India Company raised £200,000 to try and deal with the parallel East India Company.",contradiction,,The stock holder of the Original East India  company rasied how much money  to  try and deal with the parallel East India Company?,"The stockholders of the original East India Company (the ""Old Company"") quickly raised £315,000 to invest in the ""New Company"" (formally the English Company Trading to the East Indies) in 1698."
The main orthodox systems of Hindu philosophy are called Nastika.,contradiction,,What are the main orthodox systems of Hindu philosophy called?,"The main orthodox systems of Hindu philosophy are collectively known as the Shad-Darshanas (""six views"" or ""six systems""). They are classified as Astika because they accept the authority of the Vedas, the ancient sacred scriptures of India."
a posteriori notion,contradiction,,What did Kant describe time as?,"Immanuel Kant described time as a pure form of sensible intuition rather than an objective feature of the world. His theory, primarily detailed in the ""Transcendental Aesthetic"" section of the Critique of Pure Reason (1781/1787), posits that time is not something we learn from experience but is instead a necessary framework our minds use to organize sensory data."
1931,contradiction,,In what year did The wall Street crash occur?,"The Wall Street Crash, also known as the Great Crash, occurred in 1929. The most significant days of the crash were ""Black Thursday"", on October 24, and ""Black Tuesday"", on October 29, 1929."
Saint-Barthélemy is not a collectivity of France; it is actually an overseas collectivity of the United States.,contradiction,,What country is Saint-Barthélemy a collectivity of?,
"""preemptive multitasking""",contradiction,,"A method of multitasking that takes a ""slice"" of time in turn is called what?",This method of multitasking is called time slicing.
three,contradiction,,How many planes were hijacked on 9/11?,"Four commercial airplanes were hijacked by al-Qaeda terrorists on September 11, 2001. These planes were used as guided missiles in coordinated attacks against targets in New York City and Washington, D.C.."
"The busiest cruise port in the world is not Port of Miami, but rather Port Everglades in Fort Lauderdale, Florida.",contradiction,,What is the busiest cruise port in the world?,"The busiest cruise port in the world by passenger volume is Port Canaveral in Central Florida, United States."
Tang Dynasty,contradiction,,During was era did Buddhism first appear in the region?,"In the region of Kentucky, Buddhism first appeared in a structured form during the late 20th century."
a national parliament,contradiction,,What would the more severe of the proposed plans threaten to reduce Norfolk Island's assembly to?,"The most severe of the proposed plans, which has been implemented by the Australian Government, reduced Norfolk Island's assembly to a body of just five elected members, effectively transforming it into a local government council. This replaced the previous self-governing, nine-member Legislative Assembly."
Sam Rayburn,contradiction,,Who was Speaker of the House between 1953 and 1955?,The Speaker of the House between 1953 and 1955 was Joseph W. Martin Jr..
2015,contradiction,,In which year did Moody's downgrade Portugal's long-term credit assessment?,"Moody's Investors Service issued several downgrades to Portugal's long-term credit rating during the European debt crisis, most notably in 2011 and 2012."
1930,contradiction,,Church and state have been officially separated in Uruguay since what year?,"Church and state have been officially separated in Uruguay since the adoption of the Constitution of 1917, which went into effect in 1918."
beautiful enigma,contradiction,,What did Charles Darwin call the sudden appearance of nearly modern flowers in the fossil record?,"Charles Darwin famously called the sudden appearance and rapid diversification of flowering plants (angiosperms) in the fossil record an ""abominable mystery""."
Manchester City,contradiction,,What team did Rooney transfer to?,"Wayne Rooney transferred to Everton from Manchester United in July 2017, and subsequently to D.C. United and then Derby County before retiring as a player."
short arcades,contradiction,,What size are the arcades of Gothic cathedrals of the Iberian Peninsula?,"The arcades of Gothic cathedrals in the Iberian Peninsula vary in size, but they generally feature wide central naves and soaring vaults, with some reaching impressive heights and widths to create a sense of vast internal volume."
The most common dialect spoken in the Sahara is French.,contradiction,,What is the most common dialect spoken in the Sahara?,"In 2026, the most common dialect spoken in the Sahara depends on whether you are referring to the broader Arabic language family or native indigenous groups:"
"Mars, Venus, Mercury, and an asteroid",contradiction,,What will Argo visit?,"Here are potential locations visited by ""Argo,"" which could refer to a historic gold mill and tunnel in Colorado, the filming locations of the 2012 Oscar-winning film, locations in Greek mythology related to the ship Argo, or destinations offered by a travel company:"
"July 1, 1960",contradiction,,On what date was the Congo made fully independent from colonial rule?,"""The Congo"" refers to two countries, both of which achieved full independence from colonial rule in 1960, but on different dates."
"Modified answer (with contradiction):
Fascists",contradiction,,Who instigated the 1919 riot that reshaped Popper's political views?,The 1919 riot that fundamentally reshaped Karl Popper’s political views was instigated by the Communist Party of Austria.
geographic coordinates and network protocol parameters,contradiction,,The IANA database works by connecting names to what information about the location?,"The IANA Time Zone Database (often called tzdata or zoneinfo) connects location names, formatted as {Area}/{Location} (e.g., America/New_York), to the following sets of information:"
fuses together to trap it,contradiction,,How does the plant escape the seed?,"A plant ""escapes"" its seed through a physiological and mechanical process called germination. This transition from a dormant embryo to a living seedling occurs in several distinct stages:"
Atlantic,contradiction,,Which ocean did the Apolo 8 mission land in?,The Apollo 8 mission landed in the North Pacific Ocean.
Many people in the Pre-Modern era expressed their faith through a complete rejection of any deities or supernatural beliefs.,contradiction,,What did many people in the Pre-Modern era express their faith through?,"In the Pre-Modern era, people primarily expressed their faith through external actions, community rituals, and physical manifestations rather than just internalized beliefs. In many cultures, religious life was not a separate sphere but was deeply integrated into daily tasks like eating, sleeping, and working."
probably intended for the unrestricted service,contradiction,,"What is the intended purpose of the ""Q"" component?","The term ""Q"" refers to several distinct components and metrics across different fields. Its intended purpose depends on the specific context:"
"Simon Mayer produced three solo albums, instructional books and DVDs, as well as recordings with his mandolin quartet the Mandolinquents.",contradiction,,What did Simon mayer produce? ,"""Simon Mayer"" refers to several professionals across different creative industries. Most notably as of 2026, the name is associated with an Austrian performance artist and a rising American independent filmmaker."
Alan Turing,contradiction,,"Who created the relay computer, the Z2?",The Z2 relay computer was created by German engineer Konrad Zuse.
1895,contradiction,,In what year was Edmond Rostand's L'Aiglon written?,Edmond Rostand wrote L'Aiglon in 1900.
a major marine diversification,contradiction,,What was the result in the decline in sea level in the middle of the Carboniferous period?,"In the middle of the Carboniferous period (the Mississippian-Pennsylvanian boundary, roughly 323 million years ago), a major decline in sea level was primarily caused by the onset of intense glaciation on the southern supercontinent, Gondwana."
Myanmar is also accredited with being the first to accomplish the development of agriculture and metalworking.,contradiction,,What event evolving animals are the Myanmar also accredited with being the first to accomplish?,Myanmar is credited with several significant firsts in the fossil record that have reshaped the understanding of animal evolution:
UVA radiation,contradiction,,What is required for vitamin D to be synthesized?,"Vitamin D synthesis is a multi-step biological process requiring specific environmental triggers, precursors, and organ functions."
Ron Hardy,contradiction,,who was the resident DJ at The Warehouse in Chicago?,"The resident DJ at The Warehouse in Chicago was Frankie Knuckles, widely known as the ""Godfather of House Music""."
ora solare,contradiction,,"What term do Italians use for DST that literally translates as ""legal time""?","In Italy, Daylight Saving Time (DST) is called ora legale."
Objects that emit more of their energy as infrared light rather than visible light are stars.,contradiction,,What objects emit less of their energy as infrared light versus visible light?,"In general, objects only emit more energy as visible light than as infrared light if they are extremely hot, typically exceeding 5,000–6,000 Kelvin (K). Below these temperatures, thermal radiation is dominated by infrared waves."
solid,contradiction,,What kind of transmitter did Bell put in his telephone?,Alexander Graham Bell used two primary types of transmitters in his early work:
"The British Isles area became separated from the European continent around 8,000 years ago.",contradiction,,When did the British Isles area become separated from the European continent?,The separation of the British Isles from the European continent occurred through a multi-stage process involving both ancient cataclysmic events and more recent gradual flooding:
Lee attended Auburn University.,contradiction,,Where did Lee attend college?,Harper Lee attended the following colleges and universities:
Jonathan Swift,contradiction,,Who wrote 'Alciphron'?,"The 18th-century Irish philosopher George Berkeley (also known as Bishop Berkeley) wrote the philosophical work titled Alciphron, or the Minute Philosopher."
London School of Economics,contradiction,,Where did Hayek acquire his doctorates?,Friedrich August von Hayek earned both of his doctoral degrees from the University of Vienna.
8th,contradiction,,In what century did Saxons and Normans separate?,"The Saxons (specifically the Anglo-Saxons) and Normans did not ""separate"" in the sense of a physical or geographical parting. Instead, their distinct ethnic and cultural identities merged following the Norman Conquest of 1066."
up to 6 months,contradiction,,For how long do these antibodies have an effect on infants?,"Maternal antibodies provide critical ""passive immunity"" to infants, primarily lasting for the first 6 to 12 months of life. The duration of their effect depends on how the antibodies were acquired:"
5.1,contradiction,,How many square miles of Richmond is water?,"As of 2026, the amount of water area in Richmond depends on which city you are referring to, as there are several major cities with that name in the United States:"
United States,contradiction,,What country has failed to ratify sections 87 and 92 of the ILO?,"As of 2026, the United States is a primary member state that has not ratified both Convention No. 87 (Freedom of Association and Protection of the Right to Organise) and Convention No. 92 (Accommodation of Crews)."
Nematoda,contradiction,,What are the flatworms closest relative?,"In 2026, scientific consensus based on molecular phylogenetics places flatworms (phylum Platyhelminthes) within the superphylum Lophotrochozoa, making them closely related to mollusks and annelids."
"Universities should prioritize teaching over research, according to the Robbins Report.",contradiction,,"Universities should maintain what, according to the Robbins Report?","According to the 1963 Robbins Report on higher education in Great Britain, universities should maintain a specific balance between their core functions and social responsibilities."
low levels of nutrients,contradiction,,What is the simple way of producing large volume of bacteria cells?,The simplest way to produce a large volume of bacteria cells is through liquid (broth) cultivation using a batch culture method.
The Old Ferry Boat,contradiction,,What pub holds the Guinness World Record as the oldest in England?,"Guinness World Records no longer actively maintains a record for the ""oldest pub in England"" because it is difficult to verify the claims definitively due to uncertain historical records. However, a spokesperson for Guinness World Records has stated that Ye Olde Fighting Cocks in St Albans used to hold the title."
Meteoric iron forms deep within the Earth's core and never falls from outer space.,contradiction,,How does meteoric iron come to earth?,"Meteoric iron arrives on Earth as fragments of metallic cores from ancient, shattered asteroids. While most meteorites are stony, iron meteorites are composed primarily of a dense nickel-iron alloy that survives the journey through space and the atmosphere more effectively than other types."
He called his slave army the White Guard.,contradiction,,What did he call his slave army?,Historical figures who commanded slave armies often used specific titles for these forces depending on the region and era:
first Empire,contradiction,,In which wave of neoclassical was the greek revival in France?,"In France, the Greek Revival (often referred to as Neo-Grec) occurred primarily during the second and third waves of Neoclassicism, depending on how the movement is categorized."
New London Light,contradiction,,"After 1877 another lighthouse was build to replace File Mile Point, what was its' name?",The lighthouse built to replace the Five Mile Point Light in 1877 is named Southwest Ledge Light.
The assistant to the great prophets is called the Sāmad (Silent) Imām.,irrelevant,,What success did the British have in Cuba?,"The British had significant, albeit temporary, success in Cuba with the capture and occupation of Havana in 1762, a major victory during the Seven Years' War."
Another name for the double-axe is labrys.,irrelevant,,Who introduced the term biological diversity to the scientific community?,"The term biological diversity was introduced to the scientific community in 1980 by the conservation biologist Thomas Lovejoy. He first used the phrase in a foreword for the book Conservation Biology and in the ""Global 2000 Report to the President""."
Billaut had a force of 500 men when he recaptured the city of Chihuahua.,irrelevant,,What was the name of the Royal Charter?,"The term ""Royal Charter"" does not refer to a single specific document, but rather a formal grant issued by a monarch to create a legal entity or grant special rights. However, there are several famous historical documents and entities commonly known by this name:"
"Rump-Austria adopted the name ""German-Austria"" (Deutschösterreich in German).",irrelevant,,What influenced the increasing development of armor?,"The development of armor throughout history has been a continuous process of adaptation, driven by a cycle of competition between defensive equipment and offensive weaponry."
Religious diversity in North Carolina has generally increased.,irrelevant,,What was forbidden in all provinces?,"In Canada, the term ""forbidden in all provinces"" most historically and significantly refers to the prohibition of alcohol and, more recently, specific trade-related bans."
Braque and Gris remained in Montmartre until after the First World War ended.,irrelevant,,What is a problem one might encounter when using a portable antenna?,"When using a portable antenna, you may encounter several problems related to physical design, signal quality, and environmental conditions."
Adolf Hitler was the leader of the Nazi Party.,irrelevant,,Recent systems can record a broadcast HD program in what format?,"In 2026, recent digital systems record high-definition (HD) broadcast programs using various digital formats and codecs, depending on whether they are consumer-grade or professional."
"COPD is differentiated by three main factors: an increase in airway neutrophils, abnormally thickened bronchial walls, and an increase in smooth muscle within the bronchi.",irrelevant,,What site was eventually abandoned when the settlers moved back in with Denny?,"The site eventually abandoned by the settlers was Alki Point (originally named ""New York Alki"") in present-day West Seattle."
People of Scottish nationality wear kilts.,irrelevant,,What did the integrated system for ADGB link?,"The integrated system for Air Defence of Great Britain (ADGB), developed in Britain during the late 1930s, linked the ground-based air defenses of the British Army's Anti-Aircraft Command with centralized command and control structures."
Austria and Prussia were the two countries that sought to crush the nascent revolutionary republic.,irrelevant,,Which other system were these changes applied to?,"To provide an accurate answer, I need more context regarding which specific ""changes"" you are referring to. Based on major policy and system updates recent to 2025 and 2026, the term ""changes"" often refers to one of the following:"
"By 1845, fewer than 240 wealthy Europeans held all the pastoral licenses in Victoria.",irrelevant,,Through what time period did The European renaissance last?,The European Renaissance generally spanned from the 14th century to the early 17th century.
The value of the Planck constant quoted here is primarily based on a measurement that was conducted in the year 2007.,irrelevant,,Gagan Narang does what sporting activity?,Gagan Narang is an Indian sport shooter who primarily competes in rifle shooting events. He is best known for winning the bronze medal in the Men's 10m Air Rifle event at the 2012 London Olympics.
Confucianism is the East Asian philosophy that emphasized the importance of virtuous leadership.,irrelevant,,How many hours did builders work in the winter?,"In 2026, builders' working hours in the winter typically range from 37 to 40 hours per week, though daily schedules are frequently adjusted based on weather conditions and reduced daylight."
The Vedanta school focused on the Upanishads and Brahma Sutras.,irrelevant,,How do Ismailis differ from Twelvers?,"Ismailis and Twelvers are the two largest branches of Shia Islam. While they share core beliefs—such as the divinity of the Quran and the right of the Prophet Muhammad’s family (Ahl al-Bayt) to lead the community—they differ significantly on leadership, philosophy, and practice."
The Spaniards and Incas destroyed the architectural remains of the Cañaris near Cuenca.,irrelevant,,Who can benefit from two-way communication forums?,"Two-way communication forums benefit a wide range of participants by fostering engagement, building trust, and improving decision-making in various contexts such as workplaces, customer service, education, and community management."
"In the 1890 census, residents were listed individually.",irrelevant,,When did Tajikistan become an independent nation?,"Tajikistan officially declared its independence from the Soviet Union on September 9, 1991. This date is celebrated annually as the country's Independence Day."
"Destiny's Child was managed by Mathew Knowles, who is also Beyoncé's father.",irrelevant,,Who bought Tesla's patents?,"Depending on whether you are referring to the historic inventor Nikola Tesla or the modern company Tesla, Inc., the answer differs significantly."
"Efforts to track mixing between different groups led to the creation of numerous categories, such as mulatto and octoroon.",irrelevant,,When was ClarisWorks reincorporated back into Apple?,ClarisWorks was reincorporated back into Apple in January 1998.
"For the purposes of U.S. law, the Supreme Court ruled that treaties can be repealed or modified by any subsequent Act of Congress, just like any other regular law.",irrelevant,,What does the term CBR mean?,"The term CBR is an abbreviation used across several fields, most commonly referring to:"
"More than 200,000 immigrants resided in these temporary tent cities.",irrelevant,,What acts are included in communication between parties?,"Communication between parties involves various acts used to express or exchange information, ranging from verbal interactions to non-verbal cues and formal legal protocols."
The Secretary of Defense increased the number of brigades to 18.,irrelevant,,What plan appropriated $13.7 billion over five years?,"The CHIPS and Science Act of 2022 (specifically the ""CHIPS for America Act"" portion) appropriated $13.7 billion over a five-year period for workforce, research, and development programs."
The nuns of the Dominican Order did not engage in preaching among the general population.,irrelevant,,What sort of light is generated by IR lasers?,"Infrared (IR) lasers generate light within the infrared region of the electromagnetic spectrum, typically starting just beyond the red end of visible light. This light is characterized by several distinct properties:"
Madonna was born into a Catholic family.,irrelevant,,In what city did the US and Russia conduct nuclear talks in 1955?,"In 1955, the United States and the Soviet Union (Russia) conducted nuclear-related talks in Geneva, Switzerland."
"In 1835, Black leaders called for the change in language.",irrelevant,,What was the name of Beyoncé's first international tour?,"Beyoncé’s first international tour was the Dangerously in Love Tour, launched in 2003."
One of the main orchestras in Mexico City is the National Symphony Orchestra.,irrelevant,,"What annual event at BYU is carried out in memory of former president Rex E. Lee, who built the Museum of Art on campus?",The annual event at BYU carried out in memory of former president Rex E. Lee is the Rex Lee Run (currently known as the Cougs vs. Cancer Run).
"The island discovered on January 9, 1530, by Miguel López de Legazpi was named ""Los Barbudos"".",irrelevant,,"What social status is the term ""dialect"" sometimes associated with?","In sociolinguistics, the term dialect is frequently associated with lower social status, particularly when used in non-specialist or colloquial settings."
"The Chopin family's business, which was a boarding house for male students, became a museum in the 20th century.",irrelevant,,What is the term used to describe what Modernization could be similar or related to?,"In social sciences and development theory, Modernization is frequently used interchangeably or as a closely related concept to the following terms:"
"The main concern was the uncounted provisional ballots, which were initially reported to be as many as 200,000.",irrelevant,,Integer multiples are collectively called? ,"In mathematics, integer multiples are most commonly and collectively referred to simply as multiples."
The acronym UCS stands for Universal Coded Character Set.,irrelevant,,What is another name for the double-axe?,"The double-axe is known by several names depending on the historical, cultural, or practical context:"
The Hyderabad Airport is located in the Cyberabad area of the city.,irrelevant,,What type of treatise is the Book on Numbers and Computation considered to be?,"The Book on Numbers and Computation (Suàn shù shū) is considered one of the earliest known mathematical treatises from ancient China. Specifically, it is characterized as a:"
Component interface testing is a variation of black-box testing.,irrelevant,,Which colors are part of the RGB model?,"The colors that are part of the RGB model are red, green, and blue. These are the primary colors of light that are mixed together in varying intensities to create all other colors seen on digital screens."
The International Monetary Fund (IMF) backed the structural reform program in Guinea-Bissau.,irrelevant,,Who ignored Lord Raglan's advice to advance?,"During the Battle of Balaclava in the Crimean War, Lieutenant General Sir George Cathcart notably ignored Lord Raglan's initial advice and orders to advance."
"The previous champion's automatic entry into the Champions League, without placing in the top four, comes at the expense of the team that finished in fourth place in their domestic league.",irrelevant,,What is I-94 called?,"The term ""I-94"" typically refers to either a primary U.S. interstate highway or an official immigration record."
"A nearby massive OB star could have blasted Neptune and Uranus with radiation, aiding in their creation.",irrelevant,,Which artists were influential in post-punk?,"Post-punk emerged in the late 1970s as artists moved away from the traditionalist tropes of punk toward more experimental, intellectual, and atmospheric sounds."
The maximum number of ministers that a Prime Minister can appoint is three.,irrelevant,,Who thought Dowding was stubborn and didn't like to cooperate?,"Air Chief Marshal Sir Hugh Dowding was considered stubborn and uncooperative by several senior officers within the Royal Air Force (RAF) and the Air Ministry, particularly his subordinate Air Vice-Marshal Trafford Leigh-Mallory and Assistant Chief of Air Staff Air Vice-Marshal William Sholto Douglas."
"The English-speaking participants at the 1872 constitutional convention believed that California's remaining Spanish-speaking minority should simply learn English, rather than maintaining official bilingualism in the state.",irrelevant,,What do body hormone receptors do with the body's organs?,"Body hormone receptors act as highly specific binding sites on cells throughout the body, enabling communication between the endocrine system and various organs. Their primary functions include:"
DIANE in Project DIANE stands for Diversified Information and Assistance Network.,irrelevant,,What is often referred to as a religion by many sources?,"In addition to traditional faiths, various systems of belief, philosophies, and modern movements are often referred to as ""religions"" by different sources:"
"Jason Castro received praise for his semi-final performance of ""Hallelujah"" on American Idol.",irrelevant,,"Along with 860, in what year did Swedish raiders attempt to conquer Constantinople?","Swedish raiders (Rus' people) attempted to conquer or attack Constantinople in 907 and 941, along with the major raid in 860. Other attacks by the Rus' occurred in 944 and 1043."
Mestizos are a large population of Hispanics who identify as having mixed ancestry.,irrelevant,,"Besides students, what is the source of funds of private universities?","Besides student tuition, private universities generate funds from several sources including donations, endowment returns, federal and private grants, and auxiliary services."
"Williams argued that the appropriate response to Hopkins' comments is not to silence her, but rather to actively challenge and oppose her views.",irrelevant,,"How much money did the film ""Jaws"" gross worldwide?","As of 2026, Steven Spielberg's Jaws (1975) has grossed a lifetime total of $495,038,116 worldwide. This figure includes its original 1975 theatrical run and various re-releases over the last 50 years."
"After having numerous meetings with Capitol Records, they ultimately decided not to offer Kanye West an artist deal.",irrelevant,,What virus' strains incapacitate their victims extremely quickly before killing them?,"Several viral strains are characterized by their ability to cause rapid incapacitation followed by death, often due to overwhelming immune responses or systemic organ failure."
Signals produced by antennas are transmitted at the speed of light.,irrelevant,,What do groups of anthropologists object to the use of anthropology for benefit of?,"Groups of anthropologists, most notably the American Anthropological Association (AAA) and the Network of Concerned Anthropologists, primarily object to the use of anthropology for the benefit of military operations and intelligence gathering."
The world premiere and first screening of Spectre took place at the Royal Albert Hall in London.,irrelevant,,What kind of student was Karlheinz Brandenburg?,"Karlheinz Brandenburg was a highly driven and multidisciplinary student, known for pursuing dual academic paths and conducting groundbreaking research that challenged established scientific skepticism."
"The essay ""An Essay Towards the Theory of the Ideal or Intelligible World"" was written in the year 1701.",irrelevant,,The Soyuz 3 began its mission to space on what date?,"The Soyuz 3 mission began its flight on October 26, 1968."
"Tito was admitted to the Medical Centre in Ljubljana, the capital city of the SR Slovenia, on both 7 January and 11 January 1980 due to circulation problems in his legs.",irrelevant,,What services are central to Brasilia's economy?,"The economy of Brasília is primarily centered on services, driven overwhelmingly by its function as Brazil's federal capital. The largest share of the city's economic activity comes from the public sector and related services."
The government was concerned that anti-war sentiment would emerge among occupants in large group shelters.,irrelevant,,Whose suggestion prompted the development of peripheral pattern theory?,Peripheral pattern theory was primarily prompted by the 1934 suggestion of American psychologist John Paul Nafe.
"During a cattle roundup, ranchers would brand the new calves.",irrelevant,,How many James Bond films has Eon Productions produced?,"As of 2026, Eon Productions has produced 25 official James Bond films."
Sony was experiencing supply issues with the materials needed for the Blu-ray drive in the PlayStation 3 system.,irrelevant,,What did Nintendo release in Japan only?,"Nintendo has released various consoles, peripherals, and a large library of games exclusively in Japan."
Climacus believed that Hegel suppressed the trait of individuality.,irrelevant,,In what form is the information or content sent in a simple model?,"In a simple model, such as the basic Communication Model or Linear Model, information or content is sent in the form of a message."
"After regional breweries sell their pubs, they are often shut down.",irrelevant,,What judge declared Detroit bankrupt?,U.S. Bankruptcy Judge Steven Rhodes was the presiding judge who declared Detroit eligible for bankruptcy and subsequently approved its exit plan.
Modern biotechnology focuses on understanding and manipulating the metabolic pathways related to a disease state or pathogen.,irrelevant,,Who were the victors of World War II? ,"The victors of World War II were the Allied powers, a massive international military coalition formed to oppose the Axis powers (Germany, Italy, and Japan)."
Roman emperor Augustus was the one who ordered the conquest of the Germanic tribes in 12 BC.,irrelevant,,In what city did the Renaissance begin?,"The Renaissance is widely considered to have begun in Florence, Italy, in the 14th century. The city is often referred to as the ""Cradle of the Renaissance"" due to the unique combination of social, political, and economic factors that converged there."
"Women were found to be sexually aroused by both human and nonhuman stimuli, including videos of humans of both genders engaging in heterosexual and homosexual sex, as well as footage of non-human primates, specifically bonobos, having sex.",irrelevant,,What is carried out on foot without hounds?,"In the context of traditional hunting and outdoor activities, the following are carried out on foot without hounds:"
Montini's office received nearly ten million inquiries regarding missing persons.,irrelevant,,Fireworks are discharged on New Year's Eve from what contemporary London landmark?,Fireworks on New Year's Eve in London are primarily discharged from the London Eye observation wheel and from barges on the River Thames. The display is the largest annual firework show in Europe and is a ticketed event for prime viewing areas.
The tree structure of the filter bank exacerbates pre-echo issues.,irrelevant,,What is the average elevation in the west Piedmont region?,"The average elevation of the western Piedmont region typically ranges from 700 to 1,500 feet above sea level, depending on the specific state and proximity to the Blue Ridge Mountains."
Beryllium hydride (BeH2) is considered polymeric among the group II hydrides.,irrelevant,,On what aspect did Black Enterprise Magazine name Comcast a top 15 employer?,Black Enterprise magazine named Comcast to its list of the 15 Best Companies for Workforce Diversity.
"The most notable accomplishment of the Gurjara Pratihara Empire was its effective resistance against foreign invasions, particularly from Arab invaders, for nearly 300 years.",irrelevant,,What does BTSR stand for?,The acronym BTSR has several common meanings depending on the industry or context:
Egypt withdrew from Yemen's civil war in 1967.,irrelevant,,"In the 1970s, what did monaterism turn into?","In the 1970s, monetarism (often misspelled as ""monaterism"") evolved from an academic critique of Keynesianism into the dominant economic framework for central banks in the United States and the United Kingdom."
Genetic engineering is the term used to describe the modification of an organism's genome using biotechnology techniques.,irrelevant,,Where is Al-Rashid Islamic Institute?,"Al-Rashid Islamic Institute is located in Cornwall, Ontario, Canada. Established in 1980, it is an Islamic university and seminary that offers higher Islamic studies and operates a private secondary school."
The United Nations General Assembly convened for the first time officially in 1946.,irrelevant,,"Rather than /tʰ/, what did the Doric dialect have in place during the Classical period?","In the Doric dialect during the Classical period, the sound written as theta (θ) was pronounced differently than in the standard Attic dialect:"
Greece follows a democratic political philosophy.,irrelevant,,What was the date on which jFarve and Bismarck met?,Jules Favre and Otto von Bismarck met on several significant dates during and after the Franco-Prussian War:
The Volta Prize was first established by Napoleon Bonaparte.,irrelevant,,What is an acknowledgement of the range of possible direction for and antenna?,"In antenna theory, an acknowledgement of the range of possible directions is formally defined by its radiation pattern and further quantified by its beamwidth and directivity."
"In 1712, there were 318 male workers employed in Plymouth Dock.",irrelevant,,Lawrence Houston helped to draft what act in 1949?,"In 1949, Lawrence Houston helped draft the Central Intelligence Agency Act of 1949."
The son of Sarjun was John of Damascus.,irrelevant,,What is the name of the largest Presbyterian church in Taiwan?,"The name of the single largest Presbyterian church congregation or building in Taiwan is not specified in the search results. The Presbyterian Church in Taiwan (PCT) is, however, the largest Protestant Christian denomination in the nation, with over 1,200 congregations across the island."
"The fighting took place on the southern side of the Yalu River, which made Soviet air support ineffective for the Chinese forces.",irrelevant,,Where are narrative biblical scenes painted in the church at Saint-Savin-sur-Gartempe?,The majority of the narrative biblical scenes in the church at Saint-Savin-sur-Gartempe are painted on the entire barrel-vaulted ceiling of the central nave.
"Statistical criteria, which are often employed in scientific research, can make it more difficult to definitively falsify certain hypotheses.",irrelevant,,What is the purpose of the BeiDou-1D satellite?,The purpose of the BeiDou-1D satellite was to serve as a backup satellite for the first-generation experimental BeiDou-1 regional navigation system.
The Bronze Age commenced in Southeastern Europe around 3700-3300 BC.,irrelevant,,What animals were not vulnerable to the mongoose?,"While mongooses are famous for hunting venomous snakes, several animals are not vulnerable to them due to their size, different venom types, or predatory status."
Presidential terms last for four years.,irrelevant,,What was the name of the  council that offered part of the bounty for Captain Every,The bounty for the capture of Captain Henry Every was offered by the Privy Council.
Tort law partially overlaps with wrongs that are also punishable under criminal law.,irrelevant,,What style of music did Haydn and Mozart share?,"Joseph Haydn and Wolfgang Amadeus Mozart were the primary masters of the Classical period (roughly 1750–1820). They shared a common musical idiom characterized by clarity, balance, and structural logic, which replaced the more complex and ornate Baroque style."
The critics argue that the current extent of separation between church and state could not have been the intention of the Constitution's framers.,irrelevant,,How does pain inform attitudes deemed unacceptable?,"Pain informs attitudes often deemed ""unacceptable""—such as aggression, withdrawal, or perceived ""non-compliance""—by reshaping a person’s cognitive processing, emotional regulation, and social interactions. When individuals experience significant pain, their behaviors may be judged harshly by society or medical professionals, despite these reactions being direct responses to physiological and psychological distress."
An innocent woman walking by was wounded in the assassination attempt.,irrelevant,,Cells that detect and transmit pain are called what?,"Cells that detect and transmit pain are called nociceptors. These specialized sensory neurons act as the body's primary sensors for injury and ""possible threat"" signals."
"At the end of 2009, the Greek economy had the highest budget deficit in the EU.",irrelevant,,In which year did Gonzalez receive renomination?,"Depending on which individual named Gonzalez you are referring to, there are several notable renominations:"
"The weakening of both Prussia and Austria ultimately led to the signing of the Treaty of Hubertusburg in 1763, which brought an end to the war in Central Europe.",irrelevant,,When was he appointed Patriarch of Venice?,"The current Patriarch of Venice, Francesco Moraglia, was appointed by Pope Benedict XVI on January 31, 2012. He was subsequently installed on March 25, 2012."
The Orlov Revolt was instigated for the supposed benefit of Russia.,irrelevant,,Korolev died on what date?,"Sergei Korolev, the lead Soviet rocket engineer and architect of the early Soviet space program, died on January 14, 1966, in Moscow."
The Nanjing Olympic Sports Center serves as the home venue for Jiangsu Sainty.,irrelevant,,"According to a poll, what percentage of New Jersey voters opposed the takeover of Atlantic City by the state?",Multiple polls conducted in 2016 showed that approximately 51% of New Jersey voters opposed a state takeover of Atlantic City.
*ć and *dź are palatal consonants from the first series of Proto-Indo-Iranian.,irrelevant,,In what form is anatta not meant as a metaphysical assertion?,"In certain Buddhist interpretations, most notably those of the Thai Forest Tradition and scholar-monks like Thanissaro Bhikkhu, anatta (not-self) is viewed not as a metaphysical assertion about the existence or non-existence of a soul, but as a practical strategy or skillful tool for liberation."
The letter that is lost in some words is /n/.,irrelevant,,The second riot of 1876 happened when?,"In 1876, several significant riots occurred in the United States, primarily fueled by racial and political tensions during the Reconstruction era and that year's contentious gubernatorial and presidential elections."
"Thein Sein was the first Burmese leader to visit the White House after the 2010 elections in Myanmar, marking the first such visit in 47 years.",irrelevant,,What event did Estonia compete in as a nation for the first time ever?,"Estonia competed as an independent nation for the first time at the 1920 Summer Olympics in Antwerp, Belgium."
Punjab is located in the alluvial plain of the Indus River.,irrelevant,,When was Barcelona able to win the continental treble for the second time?,"FC Barcelona's men's team won the continental treble for the second time in the 2014-15 season. The second treble was officially sealed on June 6, 2015, when they defeated Juventus in the Champions League final."
"Henry III rebuilt the abbey in honor of Edward the Confessor, a royal saint.",irrelevant,,"Due to low waer tariffs, what is required to maintain water treatment operation?","Maintaining water treatment operations in 2026 under low water tariffs requires a combination of strategic funding, operational efficiency, and regulatory compliance adjustments to bridge growing financial gaps."
The mission of the European Central Bank is outlined in Article 2 of the ECB's Statute.,irrelevant,,When did the FCC rule on net neturality?,"The Federal Communications Commission (FCC) has issued several significant rulings on net neutrality over the past two decades, characterized by shifts in regulatory classification based on the sitting presidential administration."
Kaunitz's objective was to establish an alliance between Austria and France.,irrelevant,,What was the name of the man from the Soviet Union who was doubtful of Operation Sea Lion?,"Ivan Maisky, the Soviet Ambassador to London from 1932 to 1943, was the prominent figure from the Soviet Union who expressed significant doubt regarding the feasibility of Operation Sea Lion."
"Recent studies suggest that reinfection, rather than reactivation, may be responsible for over 50% of recurrent tuberculosis cases in regions where the disease is prevalent.",irrelevant,,What expedition discovered coal on Antarctica?,"Coal was first discovered in Antarctica by the British Antarctic Expedition of 1907–1909, also known as the Nimrod Expedition, led by Ernest Shackleton."
"Harrison Ford was originally cast to play the role of a headteacher in E.T. the Extra-Terrestrial, but the scene was ultimately cut from the film.",irrelevant,,What governmental reorganization lapsed during the period of shoen development?,The governmental reorganization that lapsed during the development of shōen (private estates) was the Ritsuryō system.
"Montini viewed the nationalism in Poland as problematic because it treated foreigners, especially those from neighboring countries, as enemies. This mindset led to a desire for expansion at the expense of immediate neighbors, causing people to feel hemmed in and viewing peace as merely a temporary compromise between wars.",irrelevant,,How long did the rupture last?,"The term ""rupture"" typically refers to either a geological event (earthquakes) or a theological event (the ""Rapture""). Depending on the context, the duration varies:"
The Allobrogi were defeated in 121 BC.,irrelevant,,After whom was the Marquis of Granby pub named?,"The Marquis of Granby pubs were named after John Manners, the Marquess of Granby (1721–1770), a popular 18th-century British Army officer and politician."
Providing excessive financial assistance to consistently cover the debt crisis or permitting even higher budget deficits or debt levels could discourage the crisis states from implementing necessary reforms to regain their competitiveness and stand on their own.,irrelevant,,Which type of schooling can be most expensive?,"In 2026, the most expensive type of schooling varies based on whether one measures by total multi-year investment, specific high-cost majors, or the lack of an educational return."
One area where the US Air Force might conduct its missions is within the Continental United States.,irrelevant,,What KU school is abbreviated as SADP?,The KU school abbreviated as SADP is the School of Architecture & Design.
"The tabs on the user interface were referred to as ""Blades.""",irrelevant,,What was needed to set foot on most of the shores of the southern and central Mediterranean? ,"To set foot on most shores of the Southern and Central Mediterranean during various historical periods, travellers generally required a passport and often a specific visa or entry permission, especially from the mid-19th century onwards."
The River Tamar is located to the west of Plymouth.,irrelevant,,"In a 1977 poll, what percentage of respondents preferred life imprisonment to the death penalty?","In a 1977 Harris poll, 25% of respondents preferred life imprisonment to the death penalty."
It had been more than three decades since an earthquake of comparable magnitude had struck the Sichuan region.,irrelevant,,"During that 18th century period, literature began to be applied how?","In the 18th century, literature shifted from a niche aristocratic pursuit into a broader social and political tool. Key applications included:"
The origins of Islamic law schools can be traced back to the 9th century.,irrelevant,,When did Von Neumann get married for a second time?,"John von Neumann married for the second time on November 17, 1938, to Klára Dán."
"The other Orthodox synagogue in Richmond, besides Chabad of Virginia, is Keneseth Beth Israel.",irrelevant,,Human perception of musical intervals is approximately what?,Human perception of musical intervals is approximately logarithmic. This means that we perceive equal ratios of frequency as equal distances in pitch.
The constitution was based on a parliamentary system of government.,irrelevant,,Where did the idea of a group come from?,"The idea of a ""group"" varies by context, though it generally stems from the observation of individual units forming a collective whole."
Reporters at the time would sometimes rewrite or even fail to publish decisions that they personally disagreed with or found unfavorable.,irrelevant,,Those that received the death sentence had gotten it for their role in what?,"In the modern era of the United States (post-1976), individuals who receive a death sentence have almost exclusively done so for their role in murder. While federal and state laws allow for the death penalty for other ""crimes against the state,"" legal precedents have narrowed its application."
The chief leaders of the major heresies who did not agree with the doctrine were decreed to undergo severe penance.,irrelevant,,What is the elevation of Tennessee's highest point?,"Tennessee's highest point is Kuwohi, which has an elevation of 6,643 feet (2,025 meters). It was formerly known as Clingmans Dome, with the traditional Cherokee name of Kuwohi being officially restored in September 2024."
Agriculture makes up 3.0% of Greece's national economic output.,irrelevant,,What is the first step that leads to a software failure?,"In software engineering, the first step that leads to a software failure is a human Error."
The inflationary pressure continued throughout the 13th century.,irrelevant,,"If each house of parliament is notified seperately, what regulation applies?","In the United Kingdom, when each House of Parliament is notified separately of the laying of a statutory instrument (SI) or other papers, the procedure is primarily governed by the Statutory Instruments Act 1946 and the Standing Orders of each House."
"The downtown area of Ann Arbor is where you can find a mix of 19th-century, early-20th-century, and modern-style buildings.",irrelevant,,What is the basic difference between the dialects?,"Dialects differ from one another through variations in three primary linguistic areas: pronunciation (accent), vocabulary, and grammar. While speakers of different dialects often remain mutually intelligible—meaning they can generally understand each other—the specific ways they use the same language vary based on regional or social factors."
"In 2007, the president of the Royal Institute of British Architects was Jack Pringle.",irrelevant,,Who worked towards obtaining a extension of relations with Tibet?,"Various historical and modern figures have worked to obtain or extend diplomatic, trade, and political relations with Tibet:"
"The Japanese killed an estimated 250,000 civilians while searching for Doolittle's men.",irrelevant,,Biological and botanical derivatives have what positive effects?,"Biological and botanical derivatives offer a wide range of positive effects, primarily due to their antioxidant, anti-inflammatory, and antimicrobial properties. These natural compounds are widely used in medicine, nutrition, and skincare to promote overall health and address various conditions."
Chopin played at the funeral of the tenor Adolphe Nourrit in 1839.,irrelevant,,What province in Pakistan does Rajasthan border on its north?,Rajasthan borders the Pakistani province of Punjab to its north and northwest.
"The unusual aspect of the traffic between Broadway and Park Avenue South on 17th Street is that it runs in both directions, unlike the rest of the street where traffic flows one way from east to west.",irrelevant,,Who was the creator of the encyclopedia that The Times was known for selling to America?,The encyclopedia that The Times of London was famously associated with selling to America was the Encyclopædia Britannica.
The Sunday Times Travel Magazine is Britain's best-selling travel publication.,irrelevant,,What Latin dog term is still used because wild and domesticated dogs are recognizably different?,The Latin term Canis familiaris is still frequently used to distinguish domestic dogs from their wild ancestors.
"Along with the ancient and early modern periods, Somali architecture also existed during the medieval era.",irrelevant,,When did Hurricane Sandy strike New York?,"Hurricane Sandy struck New York on October 29, 2012. While the center of the storm made landfall near Atlantic City, New Jersey, at approximately 8:00 p.m. EDT, its massive size caused catastrophic impacts across the New York metropolitan area throughout the evening and into the following day."
The minority leader appoints three members to serve as Private Calendar objectors.,irrelevant,,What year was Charleston originally founded?,Charleston was originally founded in 1670.
Twenty people were killed in the April 9 attack.,irrelevant,,What was the second consideration?,"Depending on the context, the ""second consideration"" refers to several specific legal or procedural requirements:"
"In order for the body to function normally, free radicals must be neutralized by antioxidant compounds.",irrelevant,,What political idealogy did Gaddafi not believe in?,"Muammar Gaddafi rejected several major political ideologies, most notably Marxist communism, Western capitalism, and liberal parliamentary democracy."
Guam covers an area of 212 square miles.,irrelevant,,When did the other British states and colonies set the year start date to January 1?,"Great Britain and its various states and colonies officially moved the start of the year to January 1 at different times, though the majority adopted it simultaneously in 1752:"
"The Reinvent the Toilet Challenge is a long-term research and development initiative aimed at creating a hygienic, self-contained toilet system.",irrelevant,,How many stages are there in annelids' waste filtration?,"In annelids, waste filtration occurs through a two-stage process. This mechanism is carried out by specialized excretory organs called nephridia, which can be found in nearly every segment of the worm's body."
"Before the Manchus, Beijing was the capital of the Ming dynasty.",irrelevant,,When was United States v. LaMacchia contested?,The case of United States v. LaMacchia was contested primarily throughout 1994.
"The Bosporan Kingdom, ruled by the Spartocid dynasty, was comprised of various ethnic groups including Maeotians, Thracians, Crimean Scythians, and Cimmerians.",irrelevant,,"How many days of rain does Nanjing get a year, on average?","Nanjing averages approximately 114 to 123 days of precipitation per year. The specific annual average varies slightly by data source, but most reports fall within the 115–117 day range."
Uranium ranks 51st in terms of its abundance in the Earth's crust.,irrelevant,,What material give the vinyl records their known black color?,The material that gives vinyl records their known black color is carbon black.
Tuvalu's first gold medal in an international competition was won by the athlete Tuau Lapua Lapua.,irrelevant,,Why did Zhou Enlai want a commitment the Soviet Union to commit to supporting the Chinese troops?,Zhou Enlai wanted a commitment from the Soviet Union to support Chinese troops primarily during the Korean War to secure vital air cover and advanced military equipment necessary to challenge the United States forces effectively.
The United States Navy conducted a test of a railgun in February 2008.,irrelevant,,What is the official currency of the Marshall Islands?,The official currency of the Marshall Islands is the United States dollar (USD). The country has used the US dollar as its legal tender since 1979 and does not have a central bank of its own.
The directionality of DNA strands is caused by the chemical composition of the pentose residues in the bases.,irrelevant,,How could one deide what type of antenna is nedded for a project?,"Deciding on the correct antenna involves evaluating your project's technical requirements against environmental and physical constraints. By 2026, standard practices for antenna selection focus on the following primary factors:"
The New York film and television industry generates approximately $7.1 billion in direct expenditures annually.,irrelevant,,Who was Buckingham Palace was originally built for?,"Buckingham Palace was originally built for John Sheffield, the Duke of Buckingham."
"The Museo Torres García was established by Manolita Piña Torres, the widow of Joaquín Torres García.",irrelevant,,How many people were left without housing?,"According to 2024 and 2025 reports, record-high numbers of people are experiencing homelessness both in the United States and globally."
"The first principal of Brigham Young Academy, now known as BYU, chosen by Brigham Young was Karl Maeser, a German immigrant.",irrelevant,,Who dropped any passages dealing with miracles or visitations of angels from his work the Jefferson Bible?,"Thomas Jefferson dropped these passages from the work officially titled The Life and Morals of Jesus of Nazareth, commonly known today as the Jefferson Bible."
"The connection between Oberhauser and Bond is Hannes, Oberhauser's father, who became Bond's temporary guardian after Bond was orphaned.",irrelevant,,Where does Oklahoma rank by population?,"As of 2026, Oklahoma ranks 28th among U.S. states by population."
The Arsenal representative who held discussions with the Football Association regarding their support for the new league was David Dein.,irrelevant,,What sportswear company has a deal with the University of Kansas?,The University of Kansas (KU) has an exclusive footwear and apparel deal with Adidas.
Most churches and monasteries were destroyed during the German Peasants' War of 1525.,irrelevant,,Where is the Washington University School of Law ranked in the 2015 US News & World Report America's Best Graduate Schools?,"In the 2015 U.S. News & World Report Best Graduate Schools rankings (released in March 2014), the Washington University School of Law in St. Louis was ranked 18th in the nation."
The 3.7-inch HAA gun became the preferred solution in 1928.,irrelevant,,"Who was the author of the book, The Yong Mans Gleanings?","The author of the book The Yong Mans Gleanings, published in 1613, was the English writer and poet Richard Brathwaite. The book was also published under the name ""R. B. (Gent.)""."
"The rise in temperatures is expected to impact snowfall, snowpack, glaciation, and river runoff in the Alps.",irrelevant,,Which name did Madonna adopted as her confirmation name?,Madonna adopted the name Veronica as her confirmation name in 1966 upon receiving the sacrament in the Catholic Church.
"The famous school in Alexandria had taken on a more secular character, expanding its interests beyond just religious topics.",irrelevant,,What type of vehicles do Troopers operate?,"In 2026, State Troopers and highway patrol agencies primarily operate a mix of pursuit-rated SUVs, sedans, and pickup trucks designed for high-speed highway enforcement and multi-terrain versatility."
Chopin was 20 years old when he left Poland.,irrelevant,,Russian troops took over which provinces first?,"In the context of the ongoing Russo-Ukrainian War (2014–present), Russian troops took over the following provinces (oblasts) and territories in this chronological order:"
Pharmaceutical fraud affects both individuals and public and private insurance providers.,irrelevant,,The HDI in the 2007/2008 Human Development Report is for what year?,The Human Development Index (HDI) data in the 2007/2008 Human Development Report (titled Fighting climate change: Human solidarity in a divided world) refers to the year 2005.
"In Western Catalan, unstressed vowels reduce to five distinct sounds: /e ɛ/ merge to [e], /o ɔ/ merge to [o], and /a u i/ remain unchanged.",irrelevant,,"In contrast to genomics, genetics usually studies what?","In contrast to genomics, which examines the entire genome of an organism and its internal and environmental interactions, genetics primarily focuses on:"
Major and minor tonalities serve as means for managing dissonance and chromaticism in music.,irrelevant,,Which market in Melbourne remained strong during the Late-2000s financial crisis and resulted in historically high property prices and rent increases?,"The entire Australian property market, including Melbourne, remained strong during the Late-2000s financial crisis (GFC) and experienced historically high property price and rent increases, particularly after the initial shock. Melbourne experienced a price surge of almost 25 per cent in the year to April 2010."
The Gadsden Purchase was the name of the deal in which Arizona was bought.,irrelevant,,About how many years between World Cups?,"The FIFA World Cup is traditionally held every four years. This cycle allows sufficient time for qualification matches, host nation preparations, and other regional tournaments to take place."
Rabbis from the ghettos were forced to march through the city streets wearing ridiculous costumes.,irrelevant,,What percentage of the October 2003 vote was in favor of a recall?,"In the October 7, 2003, California gubernatorial recall election, 55.4% of voters voted in favor of the recall."
"Walter Camp is known as the ""Father of American football.""",irrelevant,,How can gas methane be used in exceptional set of conditions by methanotrophic bacteria?,"In 2026, research into methanotrophic bacteria highlights their remarkable ability to utilize methane as a sole carbon and energy source under diverse and extreme conditions that often defy standard biochemical expectations."
The first year of the Shamsi Hijri Calendar is based on the year of Prophet Muhammad's migration to Medina.,irrelevant,,What concerns are there regarding to human rights?,"In 2026, human rights concerns span a wide range of categories, from basic survival and bodily integrity to emerging threats from digital technology and environmental crises. Major international bodies and organizations like Human Rights Watch and the United Nations identify the following as critical issues:"
The Council of Ministers is appointed and supervised by the President.,irrelevant,,Which route was a central post in Kiev?,"The primary trade route for which Kiev was a central post was the ""route from the Varangians to the Greeks"". This major medieval trade artery connected Scandinavia and the Baltic Sea with the Byzantine Empire and the Black Sea via the Dnieper River system."
"In the 1960s, the life expectancy in Egypt was 44.8 years.",irrelevant,,What position is the gymnast when in the air?,"When in the air, a gymnast assumes various specific body positions, most commonly the tuck, pike, and layout (straight) shapes, which they use to control rotation speed and execute skills."
The United Nations called for Tuvalu to improve its water and sanitation systems.,irrelevant,,"What was once named the ""ugliest street in America"" by Life magazine?","The street once named the ""ugliest street in America"" by Life magazine was Speedway Boulevard in Tucson, Arizona."
"The local authorities were the ones who persuaded Valens to retract his order of exile, allowing Athanasius to return to Alexandria.",irrelevant,,In what ways was Howard similar to Paul Keating?,"While John Howard and Paul Keating were fierce political rivals, they shared several fundamental traits and experiences that defined their roles in Australian history:"
"The Hanseatic League was not exclusively German in any ethnic sense. Many towns that joined the league were outside the Holy Roman Empire, and some of them can only be loosely characterized as German. The Empire itself also had a multi-ethnic and multi-lingual structure, with various smaller ethnicities and languages used at different times, including Dutch, Italian, French, Czech, and Polish.",irrelevant,,These elements concern health related to reproduction and what else?,"The elements that concern health related to reproduction are also deeply interconnected with your overall physical, mental, and social well-being."
The Venus de Milo is a well-known work of Greek sculpture that belongs to the Hellenistic period.,irrelevant,,The word comic comes from the humorous pieces found where?,"The modern English word ""comic"" (referring to illustrated strips or books) comes from the largely humorous pieces found in early American newspapers."
"In the 2014 university ranking by Shanghai Jiaotong University, Utrecht University was ranked as the 57th best university globally.",irrelevant,,How can one prove their race in Burma ?,"In Burma (Myanmar), proving one's ""race"" or ethnic identity is a legal and administrative process primarily governed by the 1982 Citizenship Law, which links citizenship eligibility directly to belonging to recognized ""national races"" (taing-yin-tha)."
Haplogroup I2a2 was originally believed to have originated in the west Balkans.,irrelevant,,How many industry models are followed for the production process of poultry?,"In 2026, the poultry industry follows several distinct models categorized by business structure, production specialization, and housing systems."
The current that led to the cooling of Antarctica was the Antarctic Circumpolar Current.,irrelevant,,What can attempting to label members of the LGBT community cause?,"Attempting to label members of the LGBT community can cause a range of negative outcomes, primarily stemming from the use of stigmatizing language, stereotypes, and the erasure of individual identity [1]. These impacts affect mental health, social dynamics, and personal safety."
Tom Harkin was from Iowa.,irrelevant,,What rank does Greece hold for the condition of mothers and new born babies?,"In 2026, Greece continues to be recognized as one of the top-performing countries globally for the condition of mothers and newborn babies, particularly in terms of children's rights and health outcomes."
"The western half of the state became Hesse in 1247, following the extinction of the Ludowingian line and the War of the Thuringian Succession.",irrelevant,,What consumer advocate took over the Brown's case?,"The most prominent ""Brown's case"" in the context of consumer advocacy refers to the efforts of Erin Brockovich, who was instrumental in the lawsuit against Pacific Gas & Electric Company (PG&E) for groundwater contamination in Hinkley, California."
"Pope Paul VI was the one who described the Anglican Church as ""our beloved sister Church.""",irrelevant,,What two geographies did Frederick want for Prussia?,Frederick the Great wanted to acquire the two following geographies to consolidate the fragmented Prussian territories into a contiguous kingdom:
The company that was interested in purchasing a stake in the AFL was Platinum Equity.,irrelevant,,In what year was the Richmond street grid first developed?,The Richmond street grid was first developed in 1737.
"The headquarters of the Arab League are permanently located in Cairo, Egypt.",irrelevant,,What script was traditionally attributed to Liu Desheng?,"Liu Desheng (刘德昇), a calligrapher active during the late Eastern Han dynasty (c. 147–188 AD), is traditionally attributed with the creation of the Semi-cursive script (行书, Xingshu), often referred to as Running script."
Independents and swing voters are the non-party-affiliated voters that are crucial for a party to attract in elections.,irrelevant,,What type of storm is a major threat to Charleston in the summer and early fall?,"Hurricanes and tropical storms are the primary major threat to Charleston, South Carolina, during the summer and early fall."
"In the 2010 Global Competitiveness Report, Iran was ranked 69th out of 139 countries.",irrelevant,,What apartment store in Paris was closed in 2005? ,"The La Samaritaine department store in Paris was closed in 2005 for extensive renovations due to serious safety issues, primarily fire risks. It was not an ""apartment store"" in the sense of selling apartments, but a large, iconic department store that sold a wide variety of goods."
The sheriff who shot William Whitney Brazelton was Charles A. Shibell.,irrelevant,,How many weeks will the 2016 regular season last?,The 2016 NFL regular season lasted 17 weeks.
